sku,product,brand,variant,source_name,source_url,size,current_barcode,status,candidate_count,candidate_1,candidate_2,candidate_3,reason
SHEA-COS-7BD5C7A2E583,ABUSAAD BODY TALC PARFUMEE,ABUSAAD,DEEP CHARM,ABUSAAD BODY TALC PARFUMEE DEEP CHARM,https://cosmeticstoredz.com/produit/abusaad-body-talc-parfumee-deep-charm/,,,NO_MATCH,0,,,,No stock row matches enough brand/product/variant detail
SHEA-COS-DC2B6E84E195,ABUSAAD BODY TALC PARFUMEE,ABUSAAD,LOVELY DREAM,ABUSAAD BODY TALC PARFUMEE LOVELY DREAM,https://cosmeticstoredz.com/produit/abusaad-body-talc-parfumee-lovely-dream/,,,NO_MATCH,0,,,,No stock row matches enough brand/product/variant detail
SHEA-COS-AA0FFDC2D3FD,ABUSAAD BODY TALC PARFUMEE,ABUSAAD,SEXY BUTTERFLY,ABUSAAD BODY TALC PARFUMEE SEXY BUTTERFLY,https://cosmeticstoredz.com/produit/abusaad-body-talc-parfumee-sexy-butterfly/,,,NO_MATCH,0,,,,No stock row matches enough brand/product/variant detail
SHEA-COS-DA0B3D960F1B,ABUSAAD BODY TALC PARFUMEE,ABUSAAD,SILKY TOUCH,ABUSAAD BODY TALC PARFUMEE SILKY TOUCH,https://cosmeticstoredz.com/produit/abusaad-body-talc-parfumee-silky-touch/,,,NO_MATCH,0,,,,No stock row matches enough brand/product/variant detail
SHEA-COS-7CAC79E18649,ABUSAAD BODY TALC PARFUMEE,ABUSAAD,SUNSET DREAMS,ABUSAAD BODY TALC PARFUMEE SUNSET DREAMS,https://cosmeticstoredz.com/produit/abusaad-body-talc-parfumee-sunset-dreams/,,,NO_MATCH,0,,,,No stock row matches enough brand/product/variant detail
SHEA-COS-6938C857672E,ABUSAAD BODY TALC PARFUMEE,ABUSAAD,WILD BEAUTY,ABUSAAD BODY TALC PARFUMEE WILD BEAUTY,https://cosmeticstoredz.com/produit/abusaad-body-talc-parfumee-wild-beauty/,,,NO_MATCH,0,,,,No stock row matches enough brand/product/variant detail
SHEA-COS-6AB161C515DD,ABUSAAD BRUME CORPS,ABUSAAD,LOVE SPELL,ABUSAAD BRUME CORPS LOVE SPELL,https://cosmeticstoredz.com/produit/abusaad-brume-corps-love-spell/,,,NO_MATCH,0,,,,No stock row matches enough brand/product/variant detail
SHEA-COS-30F74A113419,ABUSAAD BRUME CORPS,ABUSAAD,SILKY TOUCH,ABUSAAD BRUME CORPS SILKY TOUCH,https://cosmeticstoredz.com/produit/abusaad-brume-corps-silky-touch/,,,NO_MATCH,0,,,,No stock row matches enough brand/product/variant detail
SHEA-COS-BBD9C5D12B2F,ABUSAAD BRUME CORPS,ABUSAAD,85ML JUICY POMELO,ABUSAAD BRUME CORPS 85ML JUICY POMELO,https://cosmeticstoredz.com/produit/abusaad-brume-de-corps-85ml-juicy-pomelo/,85ML,,NO_MATCH,0,,,,No stock row matches enough brand/product/variant detail
SHEA-COS-405B9096910C,ABUSAAD BUBBLE CLEANING,ABUSAAD,AU LAIT DE CHEVRE,ABUSAAD BUBBLE CLEANING AU LAIT DE CHEVRE,https://cosmeticstoredz.com/produit/abusaad-bubble-cleaning-au-lait-de-chevre/,,,NO_MATCH,0,,,,No stock row matches enough brand/product/variant detail
SHEA-COS-BFB585DA74F8,ABUSAAD CHAUFFE CIRE SILICONE,ABUSAAD,Default,ABUSAAD CHAUFFE CIRE SILICONE,https://cosmeticstoredz.com/produit/abusaad-chauffe-cire-silicone/,,,NO_MATCH,0,,,,No stock row matches enough brand/product/variant detail
SHEA-COS-9C1581760A2E,ABUSAAD CREME EXTREME 90,ABUSAAD,SPF50+,ABUSAAD CREME EXTREME 90 SPF50+,https://cosmeticstoredz.com/produit/abusaad-creme-extreme-90-spf50/,,,NO_MATCH,0,,,,No stock row matches enough brand/product/variant detail
SHEA-COS-3916524BE7D6,ABUSAAD EAU DE ROSE,ABUSAAD,Default,ABUSAAD EAU DE ROSE,https://cosmeticstoredz.com/produit/abusaad-eau-de-rose/,,,NO_MATCH,0,,,,No stock row matches enough brand/product/variant detail
SHEA-COS-DFC7867A3002,ABUSAAD EAU DE ROSE BLANC,ABUSAAD,Default,ABUSAAD EAU DE ROSE BLANC,https://cosmeticstoredz.com/produit/abusaad-eau-de-rose-blanc/,,,NO_MATCH,0,,,,No stock row matches enough brand/product/variant detail
SHEA-COS-3DAEAF05656E,ABUSAAD GEL ALOE VERA,ABUSAAD,"99%,250ML",ABUSAAD GEL ALOE VERA 99% 250ML,https://cosmeticstoredz.com/produit/abusaad-gel-aloe-vera-99-250ml/,250ML,,NO_MATCH,0,,,,No stock row matches enough brand/product/variant detail
SHEA-COS-77B7FC15E765,ABUSAAD GEL ALOE VERA,ABUSAAD,"HAIR AND BODY,250ML",ABUSAAD GEL ALOE VERA HAIR AND BODY 250ML,https://cosmeticstoredz.com/produit/abusaad-gel-aloe-vera-250ml/,250ML,,NO_MATCH,0,,,,No stock row matches enough brand/product/variant detail
SHEA-COS-3C693458DC97,ABUSAAD GEL DOUCHE,ABUSAAD,"250ML,CARE & ROSE",ABUSAAD GEL DOUCHE 250ML CARE & ROSE,https://cosmeticstoredz.com/produit/abusaad-gel-douche-250ml-care-rose/,250ML,,NO_MATCH,0,,,,No stock row matches enough brand/product/variant detail
SHEA-COS-AED7B5E463F9,ABUSAAD GEL DOUCHE,ABUSAAD,"250ML,CREME SOFT",ABUSAAD GEL DOUCHE 250ML CREME SOFT,https://cosmeticstoredz.com/produit/abusaad-gel-douche-250ml-creme-soft/,250ML,,NO_MATCH,0,,,,No stock row matches enough brand/product/variant detail
SHEA-COS-913E65744EB0,ABUSAAD GEL DOUCHE,ABUSAAD,"250ML,FRESH PURE",ABUSAAD GEL DOUCHE 250ML FRESH PURE,https://cosmeticstoredz.com/produit/abusaad-gel-douche-250ml-fresh-pure/,250ML,,NO_MATCH,0,,,,No stock row matches enough brand/product/variant detail
SHEA-COS-A0E91DA2505F,ABUSAAD GEL DOUCHE,ABUSAAD,"250ML,POWERFRUIT FRESH",ABUSAAD GEL DOUCHE 250ML POWERFRUIT FRESH,https://cosmeticstoredz.com/produit/abusaad-gel-douche-250ml-powerfruit-fresh/,250ML,,NO_MATCH,0,,,,No stock row matches enough brand/product/variant detail
SHEA-COS-24859999E151,ABUSAAD GEL DOUCHE,ABUSAAD,"250ML,WATER LILY & OIL",ABUSAAD GEL DOUCHE 250ML WATER LILY & OIL,https://cosmeticstoredz.com/produit/abusaad-gel-douche-250ml-water-lily-oil/,250ML,,NO_MATCH,0,,,,No stock row matches enough brand/product/variant detail
SHEA-COS-DA1C12071784,ABUSAAD GEL LAVANT INTIME APAISANT 250ML,ABUSAAD,Default,ABUSAAD GEL LAVANT INTIME APAISANT 250ML,https://cosmeticstoredz.com/produit/abusaad-gel-lavant-intime-apaisant-250ml/,250ML,,NO_MATCH,0,,,,No stock row matches enough brand/product/variant detail
SHEA-COS-3D02782D896A,ABUSAAD PARFUM CORPS,ABUSAAD,BOMB SEDUCTION,ABUSAAD PARFUM CORPS BOMB SEDUCTION,https://cosmeticstoredz.com/produit/abusaad-parfum-corps-bomb-seduction/,,,NO_MATCH,0,,,,No stock row matches enough brand/product/variant detail
SHEA-COS-1610B93277E6,ABUSAAD PARFUM CORPS,ABUSAAD,COCO GLOW,ABUSAAD PARFUM CORPS COCO GLOW,https://cosmeticstoredz.com/produit/abusaad-parfum-corps-coco-glow/,,,NO_MATCH,0,,,,No stock row matches enough brand/product/variant detail
SHEA-COS-11058BE81FF8,ABUSAAD PARFUM CORPS,ABUSAAD,GREEN AND FRESH,ABUSAAD PARFUM CORPS GREEN AND FRESH,https://cosmeticstoredz.com/produit/abusaad-parfum-corps-green-and-fresh/,,,NO_MATCH,0,,,,No stock row matches enough brand/product/variant detail
SHEA-COS-08E2D92500C2,ABUSAAD PARFUM CORPS,ABUSAAD,SUNSET SEENT,ABUSAAD PARFUM CORPS SUNSET SEENT,https://cosmeticstoredz.com/produit/abusaad-parfum-corps-sunset-seent/,,,NO_MATCH,0,,,,No stock row matches enough brand/product/variant detail
SHEA-COS-425E4B2E5733,ABUSAAD PARFUM CORPS,ABUSAAD,GOLD BUTTERFLY,ABUSAAD PARFUM CORPS GOLD BUTTERFLY,https://cosmeticstoredz.com/produit/abusaad-parfum-corps-gold-butterfly/,,,NO_MATCH,0,,,,No stock row matches enough brand/product/variant detail
SHEA-COS-8524E5548BD2,ABUSAAD PARFUM CORPS,ABUSAAD,LOVELY DREAM,ABUSAAD PARFUM CORPS LOVELY DREAM,https://cosmeticstoredz.com/produit/abusaad-parfum-corps-lovely-dream/,,,NO_MATCH,0,,,,No stock row matches enough brand/product/variant detail
SHEA-COS-ECF5D19AE5C6,ABUSAAD SAVON AU LAIT DE CHEVRE,ABUSAAD,Default,ABUSAAD SAVON AU LAIT DE CHEVRE,https://cosmeticstoredz.com/produit/abusaad-savon-au-lait-de-chevre/,,,NO_MATCH,0,,,,No stock row matches enough brand/product/variant detail
SHEA-COS-190EE1B72C3A,ACM ECRAN TOTAL CREME PROTECTRICE,ACM,Default,ACM ECRAN TOTAL CREME PROTECTRICE,https://cosmeticstoredz.com/produit/acm-ecran-total-creme-protectrice/,,,NO_MATCH,0,,,,No stock row matches enough brand/product/variant detail
SHEA-COS-3E2453899C2F,AMEERAT AL ARAB PARFUM,AMEERAT,Default,AMEERAT AL ARAB PARFUM,https://cosmeticstoredz.com/produit/ameerat-al-arab-parfum/,,,NO_MATCH,0,,,,No stock row matches enough brand/product/variant detail
SHEA-COS-555FA1F94307,ANDREA DOTTI L HUILE,ANDREA,110ML AIL,ANDREA DOTTI L HUILE 110ML AIL,https://cosmeticstoredz.com/produit/andrea-dotti-l-huile-110ml-ail/,110ML,,NO_MATCH,0,,,,No stock row matches enough brand/product/variant detail
SHEA-COS-1BCC4B062F51,ANDREA DOTTI POUDRE DECOLORANTE,ANDREA,Default,ANDREA DOTTI POUDRE DECOLORANTE,https://cosmeticstoredz.com/produit/andrea-dotti-poudre-decolorante/,,,NO_MATCH,0,,,,No stock row matches enough brand/product/variant detail
SHEA-COS-EA15AE86C91A,ANDREA DOTTI SERUM,ANDREA,ARGAN,ANDREA DOTTI SERUM ARGAN,https://cosmeticstoredz.com/produit/andrea-dotti-serum-argan/,,,NO_MATCH,0,,,,No stock row matches enough brand/product/variant detail
SHEA-COS-286955226D04,ANDREA DOTTI SERUM,ANDREA,NEW CHVX DESSECHES,ANDREA DOTTI SERUM NEW CHVX DESSECHES,https://cosmeticstoredz.com/produit/andrea-dotti-serum-new-chvx-desseches/,,,NO_MATCH,0,,,,No stock row matches enough brand/product/variant detail
SHEA-COS-5DB4F99A3650,ANDREA DOTTI SERUM,ANDREA,NEW TOUT TYPES DE CHVX,ANDREA DOTTI SERUM NEW TOUT TYPES DE CHVX,https://cosmeticstoredz.com/produit/andrea-dotti-serum-new-tout-types-de-chvx/,,,NO_MATCH,0,,,,No stock row matches enough brand/product/variant detail
SHEA-COS-191A16264460,ANUA 10+ NIACINAMIDE 10+ TXA 4,ANUA,Default,ANUA 10+ NIACINAMIDE 10+ TXA 4,https://cosmeticstoredz.com/produit/anua-10-niacinamide-10-txa-4/,,,NO_MATCH,0,,,,No stock row matches enough brand/product/variant detail
SHEA-COS-2DB860505BAD,ANUA BIRCH 70 MOISTURE BOOSTING SERUM 30ML,ANUA,Default,ANUA BIRCH 70 MOISTURE BOOSTING SERUM 30ML,https://cosmeticstoredz.com/produit/anua-birch-70-moisture-boosting-serum-30ml/,30ML,,NO_MATCH,0,,,,No stock row matches enough brand/product/variant detail
SHEA-COS-A245B34CA28B,ANUA HEARTLEAF 77% SOOTHING TONER 250ML,ANUA,Default,ANUA HEARTLEAF 77% SOOTHING TONER 250ML,https://cosmeticstoredz.com/produit/anua-heartleaf-77-soothing-toner-250ml/,250ML,,NO_MATCH,0,,,,No stock row matches enough brand/product/variant detail
SHEA-COS-609CB54B5041,ANUA PEACH 70 NIACIN SERUM 70%,ANUA,Default,ANUA PEACH 70 NIACIN SERUM 70%,https://cosmeticstoredz.com/produit/anua-peach-70-niacin-serum-70/,,,NO_MATCH,0,,,,No stock row matches enough brand/product/variant detail
SHEA-COS-3F5405714C60,APPAREIL DE CIRE,APPAREIL,Default,APPAREIL DE CIRE,https://cosmeticstoredz.com/produit/appareil-de-cire/,,,NO_MATCH,0,,,,No stock row matches enough brand/product/variant detail
SHEA-COS-0DC56D9585B2,APPAREIL GOMMAGE,APPAREIL,Default,APPAREIL GOMMAGE,https://cosmeticstoredz.com/produit/appareil-gommage/,,,NO_MATCH,0,,,,No stock row matches enough brand/product/variant detail
SHEA-COS-5B40AADAF716,APPAREILLE UV SUN,APPAREILLE,96W,APPAREILLE UV SUN 96W,https://cosmeticstoredz.com/produit/appareille-uv-sun-96w/,,,NO_MATCH,0,,,,No stock row matches enough brand/product/variant detail
SHEA-COS-5052EE69B827,ARVEA BAIN DE BOUCHE 40% ALOE VERA 250ML,ARVEA,Default,ARVEA BAIN DE BOUCHE 40% ALOE VERA 250ML,https://cosmeticstoredz.com/produit/arvea-bain-de-bouche-40-aloe-vera-250ml/,250ML,,NO_MATCH,0,,,,No stock row matches enough brand/product/variant detail
SHEA-COS-7DAC17D70817,ARVEA BB CREME PERFECTRICE DE TEINT HYDRATANTE 30ML,ARVEA,Default,ARVEA BB CREME PERFECTRICE DE TEINT HYDRATANTE 30ML,https://cosmeticstoredz.com/produit/arvea-bb-creme-perfectrice-de-teint-hydratante-30ml/,30ML,,NO_MATCH,0,,,,No stock row matches enough brand/product/variant detail
SHEA-COS-AC5A87F4D76D,ARVEA BEURRE ROYAL 50ML,ARVEA,Default,ARVEA BEURRE ROYAL 50ML,https://cosmeticstoredz.com/produit/arvea-beurre-royal-50ml/,50ML,,NO_MATCH,0,,,,No stock row matches enough brand/product/variant detail
SHEA-COS-01B3A292191B,ARVEA BODY BUTTER POUR UNE PEAUX SOUPLE ET DOUCE 50ML,ARVEA,Default,ARVEA BODY BUTTER POUR UNE PEAUX SOUPLE ET DOUCE 50ML,https://cosmeticstoredz.com/produit/arvea-body-butter-pour-une-peaux-souple-et-douce-50ml/,50ML,,NO_MATCH,0,,,,No stock row matches enough brand/product/variant detail
SHEA-COS-96F0AB2336FF,ARVEA BODY SPLASH,ARVEA,"150ML,CRUNCHY CARAMEL",ARVEA BODY SPLASH 150ML CRUNCHY CARAMEL,https://cosmeticstoredz.com/produit/arvea-body-splash-150ml-crunchy-caramel/,150ML,,NO_MATCH,0,,,,No stock row matches enough brand/product/variant detail
SHEA-COS-EB30813D8E0E,ARVEA BODY SPLASH,ARVEA,"150ML,QUEEN FLOWER",ARVEA BODY SPLASH 150ML QUEEN FLOWER,https://cosmeticstoredz.com/produit/arvea-body-splash-150ml-queen-flower/,150ML,,NO_MATCH,0,,,,No stock row matches enough brand/product/variant detail
SHEA-COS-F252400F1F0C,ARVEA BODY SPLASH,ARVEA,"150ML,SWEET CARAMBOLA",ARVEA BODY SPLASH 150ML SWEET CARAMBOLA,https://cosmeticstoredz.com/produit/arvea-body-splash-150ml-sweet-carambola/,150ML,,NO_MATCH,0,,,,No stock row matches enough brand/product/variant detail
SHEA-COS-B373F4B8CCA1,ARVEA COFFRET PARFUM + LAIT DE CORPS HAREM,ARVEA,Default,ARVEA COFFRET PARFUM + LAIT DE CORPS HAREM,https://cosmeticstoredz.com/produit/arvea-coffret-parfum-lait-de-corps-harem/,,,NO_MATCH,0,,,,No stock row matches enough brand/product/variant detail
SHEA-COS-2DE310A7DB94,ARVEA COFFRET SAVON ORIENTAL 6P,ARVEA,Default,ARVEA COFFRET SAVON ORIENTAL 6P,https://cosmeticstoredz.com/produit/arvea-coffret-savon-oriental-6p/,,,NO_MATCH,0,,,,No stock row matches enough brand/product/variant detail
SHEA-COS-B5167B7D7118,ARVEA COLORATION A FAIBLE TAUX D’AMMONIAUE,ARVEA,10.0 BLOND PLATINE,ARVEA COLORATION A FAIBLE TAUX D’AMMONIAUE 10.0 BLOND PLATINE,https://cosmeticstoredz.com/produit/arvea-coloration-a-faible-taux-dammoniaue-10-0-blond-platine/,,,NO_MATCH,0,,,,No stock row matches enough brand/product/variant detail
SHEA-COS-C1DD141B7F44,ARVEA COLORATION A FAIBLE TAUX D’AMMONIAUE,ARVEA,10.00 BLOND PLATINE INTENSE,ARVEA COLORATION A FAIBLE TAUX D’AMMONIAUE 10.00 BLOND PLATINE INTENSE,https://cosmeticstoredz.com/produit/arvea-coloration-a-faible-taux-dammoniaue-10-00-blond-platine-intense/,,,NO_MATCH,0,,,,No stock row matches enough brand/product/variant detail
SHEA-COS-A9868634CDC6,ARVEA COLORATION A FAIBLE TAUX D’AMMONIAUE,ARVEA,10.1 BLOND PLATINE CENDRE,ARVEA COLORATION A FAIBLE TAUX D’AMMONIAUE 10.1 BLOND PLATINE CENDRE,https://cosmeticstoredz.com/produit/arvea-coloration-a-faible-taux-dammoniaue-10-1-blond-platine-cendre/,,,NO_MATCH,0,,,,No stock row matches enough brand/product/variant detail
SHEA-COS-F67AF1B34A32,ARVEA COLORATION A FAIBLE TAUX D’AMMONIAUE,ARVEA,10.11 BLOND PLATINE CENDRE INTENSE,ARVEA COLORATION A FAIBLE TAUX D’AMMONIAUE 10.11 BLOND PLATINE CENDRE INTENSE,https://cosmeticstoredz.com/produit/arvea-coloration-a-faible-taux-dammoniaue-10-11-blond-platine-cendre-intense/,,,NO_MATCH,0,,,,No stock row matches enough brand/product/variant detail
SHEA-COS-D249AC02F0A9,ARVEA COLORATION A FAIBLE TAUX D’AMMONIAUE,ARVEA,10.21 BLOND PLATAINE VIOLET CENDRE,ARVEA COLORATION A FAIBLE TAUX D’AMMONIAUE 10.21 BLOND PLATAINE VIOLET CENDRE,https://cosmeticstoredz.com/produit/arvea-coloration-a-faible-taux-dammoniaue-10-21-blond-plataine-violet-cendre/,,,NO_MATCH,0,,,,No stock row matches enough brand/product/variant detail
SHEA-COS-C25D00825233,ARVEA COLORATION A FAIBLE TAUX D’AMMONIAUE,ARVEA,11.0 SUPER BLOND PLATINE,ARVEA COLORATION A FAIBLE TAUX D’AMMONIAUE 11.0 SUPER BLOND PLATINE,https://cosmeticstoredz.com/produit/arvea-coloration-a-faible-taux-dammoniaue-11-0-super-blond-platine/,,,NO_MATCH,0,,,,No stock row matches enough brand/product/variant detail
SHEA-COS-D3494C24EB6A,ARVEA COLORATION A FAIBLE TAUX D’AMMONIAUE,ARVEA,5.0 CHATAIN CLAIR NATUREL,ARVEA COLORATION A FAIBLE TAUX D’AMMONIAUE 5.0 CHATAIN CLAIR NATUREL,https://cosmeticstoredz.com/produit/arvea-coloration-a-faible-taux-dammoniaue-5-0-chatain-clair-naturel/,,,NO_MATCH,0,,,,No stock row matches enough brand/product/variant detail
SHEA-COS-D9289A954349,ARVEA COLORATION A FAIBLE TAUX D’AMMONIAUE,ARVEA,5.2 CHATAIN CLAIR VIOLET,ARVEA COLORATION A FAIBLE TAUX D’AMMONIAUE 5.2 CHATAIN CLAIR VIOLET,https://cosmeticstoredz.com/produit/arvea-coloration-a-faible-taux-dammoniaue-5-2-chatain-clair-violet/,,,NO_MATCH,0,,,,No stock row matches enough brand/product/variant detail
SHEA-COS-0123E756B3EF,ARVEA COLORATION A FAIBLE TAUX D’AMMONIAUE,ARVEA,6.0 BLOND FONCE NATUREL,ARVEA COLORATION A FAIBLE TAUX D’AMMONIAUE 6.0 BLOND FONCE NATUREL,https://cosmeticstoredz.com/produit/arvea-coloration-a-faible-taux-dammoniaue-6-0-blond-fonce-naturel/,,,NO_MATCH,0,,,,No stock row matches enough brand/product/variant detail
SHEA-COS-F2C8ACBB74CB,ARVEA COLORATION A FAIBLE TAUX D’AMMONIAUE,ARVEA,6.66 BLOND FONCE ROUGE INTENSE,ARVEA COLORATION A FAIBLE TAUX D’AMMONIAUE 6.66 BLOND FONCE ROUGE INTENSE,https://cosmeticstoredz.com/produit/arvea-coloration-a-faible-taux-dammoniaue-6-66-blond-fonce-rouge-intense/,,,NO_MATCH,0,,,,No stock row matches enough brand/product/variant detail
SHEA-COS-4C5691F61D49,ARVEA COLORATION A FAIBLE TAUX D’AMMONIAUE,ARVEA,7.0 BLOND NATUREL,ARVEA COLORATION A FAIBLE TAUX D’AMMONIAUE 7.0 BLOND NATUREL,https://cosmeticstoredz.com/produit/arvea-coloration-a-faible-taux-dammoniaue-7-0-blond-naturel/,,,NO_MATCH,0,,,,No stock row matches enough brand/product/variant detail
SHEA-COS-B64E5EE8EE07,ARVEA COLORATION A FAIBLE TAUX D’AMMONIAUE,ARVEA,7.1 BLOND CENDRE,ARVEA COLORATION A FAIBLE TAUX D’AMMONIAUE 7.1 BLOND CENDRE,https://cosmeticstoredz.com/produit/arvea-coloration-a-faible-taux-dammoniaue-7-1-blond-cendre/,,,NO_MATCH,0,,,,No stock row matches enough brand/product/variant detail
SHEA-COS-D2DE338C803E,ARVEA COLORATION A FAIBLE TAUX D’AMMONIAUE,ARVEA,7.11 BLOND CENDRE INTENSE,ARVEA COLORATION A FAIBLE TAUX D’AMMONIAUE 7.11 BLOND CENDRE INTENSE,https://cosmeticstoredz.com/produit/arvea-coloration-a-faible-taux-dammoniaue-7-11-blond-cendre-intense/,,,NO_MATCH,0,,,,No stock row matches enough brand/product/variant detail
SHEA-COS-53B4720E736C,ARVEA COLORATION A FAIBLE TAUX D’AMMONIAUE,ARVEA,7.31 BLOND SABLE,ARVEA COLORATION A FAIBLE TAUX D’AMMONIAUE 7.31 BLOND SABLE,https://cosmeticstoredz.com/produit/arvea-coloration-a-faible-taux-dammoniaue-7-31-blond-sable/,,,NO_MATCH,0,,,,No stock row matches enough brand/product/variant detail
SHEA-COS-E271A3E216F2,ARVEA COLORATION A FAIBLE TAUX D’AMMONIAUE,ARVEA,7.66 BLOND ROUGE INTENSE,ARVEA COLORATION A FAIBLE TAUX D’AMMONIAUE 7.66 BLOND ROUGE INTENSE,https://cosmeticstoredz.com/produit/arvea-coloration-a-faible-taux-dammoniaue-7-66-blond-rouge-intense/,,,NO_MATCH,0,,,,No stock row matches enough brand/product/variant detail
SHEA-COS-7977010146DD,ARVEA COLORATION A FAIBLE TAUX D’AMMONIAUE,ARVEA,8.0 BLOND CLAIR NATUREL,ARVEA COLORATION A FAIBLE TAUX D’AMMONIAUE 8.0 BLOND CLAIR NATUREL,https://cosmeticstoredz.com/produit/arvea-coloration-a-faible-taux-dammoniaue-8-0-blond-clair-naturel/,,,NO_MATCH,0,,,,No stock row matches enough brand/product/variant detail
SHEA-COS-9873D0048C8C,ARVEA COLORATION A FAIBLE TAUX D’AMMONIAUE,ARVEA,8.1 BLOND CLAIR CENDRE,ARVEA COLORATION A FAIBLE TAUX D’AMMONIAUE 8.1 BLOND CLAIR CENDRE,https://cosmeticstoredz.com/produit/arvea-coloration-a-faible-taux-dammoniaue-8-1-blond-clair-cendre/,,,NO_MATCH,0,,,,No stock row matches enough brand/product/variant detail
SHEA-COS-6C0581844C40,ARVEA COLORATION A FAIBLE TAUX D’AMMONIAUE,ARVEA,8.11 BLOND CLAIRE CENDRE INTENSE,ARVEA COLORATION A FAIBLE TAUX D’AMMONIAUE 8.11 BLOND CLAIRE CENDRE INTENSE,https://cosmeticstoredz.com/produit/arvea-coloration-a-faible-taux-dammoniaue-8-11-blond-claire-cendre-intense/,,,NO_MATCH,0,,,,No stock row matches enough brand/product/variant detail
SHEA-COS-1A4BFB547D15,ARVEA COLORATION A FAIBLE TAUX D’AMMONIAUE,ARVEA,8.13 BLOND CLAIR BEIGE,ARVEA COLORATION A FAIBLE TAUX D’AMMONIAUE 8.13 BLOND CLAIR BEIGE,https://cosmeticstoredz.com/produit/arvea-coloration-a-faible-taux-dammoniaue-8-13-blond-clair-beige/,,,NO_MATCH,0,,,,No stock row matches enough brand/product/variant detail
SHEA-COS-793D61C05F70,ARVEA COLORATION A FAIBLE TAUX D’AMMONIAUE,ARVEA,8.31 BLOND CLAIR CENDRE,ARVEA COLORATION A FAIBLE TAUX D’AMMONIAUE 8.31 BLOND CLAIR CENDRE,https://cosmeticstoredz.com/produit/arvea-coloration-a-faible-taux-dammoniaue-8-31-blond-clair-cendre/,,,NO_MATCH,0,,,,No stock row matches enough brand/product/variant detail
SHEA-COS-80D18BF06981,ARVEA COLORATION A FAIBLE TAUX D’AMMONIAUE,ARVEA,9.0 BLOND TRES CLAIR NATUREL,ARVEA COLORATION A FAIBLE TAUX D’AMMONIAUE 9.0 BLOND TRES CLAIR NATUREL,https://cosmeticstoredz.com/produit/arvea-coloration-a-faible-taux-dammoniaue-9-0-blond-tres-clair-naturel/,,,NO_MATCH,0,,,,No stock row matches enough brand/product/variant detail
SHEA-COS-667B2874BD78,ARVEA COLORATION A FAIBLE TAUX D’AMMONIAUE,ARVEA,9.00 BLOND TRES CLAIR INTENSE,ARVEA COLORATION A FAIBLE TAUX D’AMMONIAUE 9.00 BLOND TRES CLAIR INTENSE,https://cosmeticstoredz.com/produit/arvea-coloration-a-faible-taux-dammoniaue-9-00-blond-tres-clair-intense/,,,NO_MATCH,0,,,,No stock row matches enough brand/product/variant detail
SHEA-COS-A61514CB310A,ARVEA COLORATION A FAIBLE TAUX D’AMMONIAUE,ARVEA,9.1 BLOND TRES CLAIR CENDRE,ARVEA COLORATION A FAIBLE TAUX D’AMMONIAUE 9.1 BLOND TRES CLAIR CENDRE,https://cosmeticstoredz.com/produit/arvea-coloration-a-faible-taux-dammoniaue-9-1-blond-tres-clair-cendre/,,,NO_MATCH,0,,,,No stock row matches enough brand/product/variant detail
SHEA-COS-8E72F84957E3,ARVEA COLORATION A FAIBLE TAUX D’AMMONIAUE,ARVEA,9.11 BLOND TRES CLAIR CENDRE INTENSE,ARVEA COLORATION A FAIBLE TAUX D’AMMONIAUE 9.11 BLOND TRES CLAIR CENDRE INTENSE,https://cosmeticstoredz.com/produit/arvea-coloration-a-faible-taux-dammoniaue-9-11-blond-tres-clair-cendre-intense/,,,NO_MATCH,0,,,,No stock row matches enough brand/product/variant detail
SHEA-COS-4CCA71A9F1FA,ARVEA COLORATION A FAIBLE TAUX D’AMMONIAUE,ARVEA,9.21 BLOND TRES CLAIR VIOLET CENDRE,ARVEA COLORATION A FAIBLE TAUX D’AMMONIAUE 9.21 BLOND TRES CLAIR VIOLET CENDRE,https://cosmeticstoredz.com/produit/arvea-coloration-a-faible-taux-dammoniaue-9-21-blond-tres-clair-violet-cendre/,,,NO_MATCH,0,,,,No stock row matches enough brand/product/variant detail
SHEA-COS-EF3291E17718,ARVEA COLORATION A FAIBLE TAUX D’AMMONIAUE,ARVEA,9.31 BLOND TRES CLAIR SABLE,ARVEA COLORATION A FAIBLE TAUX D’AMMONIAUE 9.31 BLOND TRES CLAIR SABLE,https://cosmeticstoredz.com/produit/arvea-coloration-a-faible-taux-dammoniaue-9-31-blond-tres-clair-sable/,,,NO_MATCH,0,,,,No stock row matches enough brand/product/variant detail
SHEA-COS-3C2D5D930086,ARVEA COLORATION SANS AMONIAQUE,ARVEA,3.0 CHATAIN FONCE,ARVEA COLORATION SANS AMONIAQUE 3.0 CHATAIN FONCE,https://cosmeticstoredz.com/produit/arvea-coloration-sans-amoniaque-3-0-chatain-fonce/,,,NO_MATCH,0,,,,No stock row matches enough brand/product/variant detail
SHEA-COS-D911DC445888,ARVEA COLORATION SANS AMONIAQUE,ARVEA,9.13 BOND TRES CLAIR BEIGE,ARVEA COLORATION SANS AMONIAQUE 9.13 BOND TRES CLAIR BEIGE,https://cosmeticstoredz.com/produit/arvea-coloration-sans-amoniaque-9-13-bond-tres-clair-beige/,,,NO_MATCH,0,,,,No stock row matches enough brand/product/variant detail
SHEA-COS-D16013696007,ARVEA COLORATION SANS AMONIAQUE,ARVEA,10.00 BLOND PLATINE INTENSE,ARVEA COLORATION SANS AMONIAQUE 10.00 BLOND PLATINE INTENSE,https://cosmeticstoredz.com/produit/arvea-coloration-sans-amoniaque-10-00-blond-platine-intense/,,,NO_MATCH,0,,,,No stock row matches enough brand/product/variant detail
SHEA-COS-83CD8A363CF5,ARVEA COLORATION SANS AMONIAQUE,ARVEA,10.1 BOND PLATINE CENDRE,ARVEA COLORATION SANS AMONIAQUE 10.1 BOND PLATINE CENDRE,https://cosmeticstoredz.com/produit/arvea-coloration-sans-amoniaque-10-1-bond-platine-cendre/,,,NO_MATCH,0,,,,No stock row matches enough brand/product/variant detail
SHEA-COS-15C0A1DE03BF,ARVEA COLORATION SANS AMONIAQUE,ARVEA,4.0 CHATAIN,ARVEA COLORATION SANS AMONIAQUE 4.0 CHATAIN,https://cosmeticstoredz.com/produit/arvea-coloration-sans-amoniaque-4-0-chatain/,,,NO_MATCH,0,,,,No stock row matches enough brand/product/variant detail
SHEA-COS-DB853D5A6297,ARVEA COLORATION SANS AMONIAQUE,ARVEA,4.2 CHATAIN VIOLET,ARVEA COLORATION SANS AMONIAQUE 4.2 CHATAIN VIOLET,https://cosmeticstoredz.com/produit/arvea-coloration-sans-amoniaque-4-2-chatain-violet/,,,NO_MATCH,0,,,,No stock row matches enough brand/product/variant detail
SHEA-COS-11F3F48B97DA,ARVEA COLORATION SANS AMONIAQUE,ARVEA,5.0 CHATAIN CLAIR,ARVEA COLORATION SANS AMONIAQUE 5.0 CHATAIN CLAIR,https://cosmeticstoredz.com/produit/arvea-coloration-sans-amoniaque-5-0-chatain-clair/,,,NO_MATCH,0,,,,No stock row matches enough brand/product/variant detail
SHEA-COS-05902330017A,ARVEA COLORATION SANS AMONIAQUE,ARVEA,6.0 BLOND FONCE,ARVEA COLORATION SANS AMONIAQUE 6.0 BLOND FONCE,https://cosmeticstoredz.com/produit/arvea-coloration-sans-amoniaque-6-0-blond-fonce/,,,NO_MATCH,0,,,,No stock row matches enough brand/product/variant detail
SHEA-COS-34AD12FCA392,ARVEA COLORATION SANS AMONIAQUE,ARVEA,6.606 BLOND FONCE ROUGE CHAUD,ARVEA COLORATION SANS AMONIAQUE 6.606 BLOND FONCE ROUGE CHAUD,https://cosmeticstoredz.com/produit/arvea-coloration-sans-amoniaque-6-606-blond-fonce-rouge-chaud/,,,NO_MATCH,0,,,,No stock row matches enough brand/product/variant detail
SHEA-COS-AA88E236B6E2,ARVEA COLORATION SANS AMONIAQUE,ARVEA,7.0 BLOND,ARVEA COLORATION SANS AMONIAQUE 7.0 BLOND,https://cosmeticstoredz.com/produit/arvea-coloration-sans-amoniaque-7-0-blond/,,,NO_MATCH,0,,,,No stock row matches enough brand/product/variant detail
SHEA-COS-BA8371D47773,ARVEA COLORATION SANS AMONIAQUE,ARVEA,7.1 BLOND CENDRE,ARVEA COLORATION SANS AMONIAQUE 7.1 BLOND CENDRE,https://cosmeticstoredz.com/produit/arvea-coloration-sans-amoniaque-7-1-blond-cendre/,,,NO_MATCH,0,,,,No stock row matches enough brand/product/variant detail
SHEA-COS-0423F84CC596,ARVEA COLORATION SANS AMONIAQUE,ARVEA,8.0 BLOND CLAIR,ARVEA COLORATION SANS AMONIAQUE 8.0 BLOND CLAIR,https://cosmeticstoredz.com/produit/arvea-coloration-sans-amoniaque-8-0-blond-clair/,,,NO_MATCH,0,,,,No stock row matches enough brand/product/variant detail
SHEA-COS-F2F0912D251D,ARVEA COLORATION SANS AMONIAQUE,ARVEA,8.1 BLOND CLAIR CENDRE,ARVEA COLORATION SANS AMONIAQUE 8.1 BLOND CLAIR CENDRE,https://cosmeticstoredz.com/produit/arvea-coloration-sans-amoniaque-8-1-blond-clair-cendre/,,,NO_MATCH,0,,,,No stock row matches enough brand/product/variant detail
SHEA-COS-E6FFB4C51456,ARVEA COLORATION SANS AMONIAQUE,ARVEA,9.0 BLOND TRES CLAIR,ARVEA COLORATION SANS AMONIAQUE 9.0 BLOND TRES CLAIR,https://cosmeticstoredz.com/produit/arvea-coloration-sans-amoniaque-9-0-blond-tres-clair/,,,NO_MATCH,0,,,,No stock row matches enough brand/product/variant detail
SHEA-COS-6F9C0536FFC3,ARVEA COLORATION SANS AMONIAQUE,ARVEA,9.1 BLOND TRES CLAIR CENDRE,ARVEA COLORATION SANS AMONIAQUE 9.1 BLOND TRES CLAIR CENDRE,https://cosmeticstoredz.com/produit/arvea-coloration-sans-amoniaque-9-1-blond-tres-clair-cendre/,,,NO_MATCH,0,,,,No stock row matches enough brand/product/variant detail
SHEA-COS-B7ACE3A85F93,ARVEA CREME ANTI-TACHES 30ML ATTENUE LES TACHES BRUNES,ARVEA,Default,ARVEA CREME ANTI-TACHES 30ML ATTENUE LES TACHES BRUNES,https://cosmeticstoredz.com/produit/arvea-creme-anti-taches-30ml-attenue-les-taches-brunes/,30ML,,NO_MATCH,0,,,,No stock row matches enough brand/product/variant detail
SHEA-COS-778E85EF1108,ARVEA CREME APAISANTE PAIN RELIEF CREAM ANTI DOULEUR 100ML,ARVEA,Default,ARVEA CREME APAISANTE PAIN RELIEF CREAM ANTI DOULEUR 100ML,https://cosmeticstoredz.com/produit/arvea-creme-apaisante-pain-relief-cream-anti-douleur-100ml/,100ML,,NO_MATCH,0,,,,No stock row matches enough brand/product/variant detail
SHEA-COS-A5AC82B91B74,ARVEA CREME DE JOUR A L’ALOE VERA SPF15 HYDRATATION INTENSE 50ML,ARVEA,Default,ARVEA CREME DE JOUR A L’ALOE VERA SPF15 HYDRATATION INTENSE 50ML,https://cosmeticstoredz.com/produit/arvea-creme-de-jour-a-laloe-vera-spf15-hydratation-intense-50ml/,50ML,,NO_MATCH,0,,,,No stock row matches enough brand/product/variant detail
SHEA-COS-8BEC0C66BBE6,ARVEA CREME DE NUIT ANTI-RIDES ANTI-FATIGUE NOURRIT INTENSEMENT 50ML,ARVEA,Default,ARVEA CREME DE NUIT ANTI-RIDES ANTI-FATIGUE NOURRIT INTENSEMENT 50ML,https://cosmeticstoredz.com/produit/arvea-creme-de-nuit-anti-rides-anti-fatigue-nourrit-intensement-50ml/,50ML,,NO_MATCH,0,,,,No stock row matches enough brand/product/variant detail
SHEA-COS-F75F1D8E9F3B,ARVEA CREME MAINS,ARVEA,"75ML,FLOWER BLOOM,HYDRATANTE,NOURRISSANTE",ARVEA CREME MAINS 75ML FLOWER BLOOM HYDRATANTE NOURRISSANTE,https://cosmeticstoredz.com/produit/arvea-creme-mains-75ml-flower-bloom-hydratante-nourrissante/,75ML,,NO_MATCH,0,,,,No stock row matches enough brand/product/variant detail
SHEA-COS-36A931A69CE1,ARVEA CREME MAINS,ARVEA,"75ML,OCEAN BLOOM,HYDRATANTE,NOURRISSANTE",ARVEA CREME MAINS 75ML OCEAN BLOOM HYDRATANTE NOURRISSANTE,https://cosmeticstoredz.com/produit/arvea-creme-mains-75ml-ocean-bloom-hydratante-nourrissante/,75ML,,NO_MATCH,0,,,,No stock row matches enough brand/product/variant detail
SHEA-COS-B3AE854F4E99,ARVEA CREME MAINS,ARVEA,"75ML,ORIENTAL BLOOM",ARVEA CREME MAINS 75ML ORIENTAL BLOOM,https://cosmeticstoredz.com/produit/arvea-creme-mains-75ml-oriental-bloom/,75ML,,NO_MATCH,0,,,,No stock row matches enough brand/product/variant detail
SHEA-COS-E6869BE987D3,ARVEA CREME MIRALE POUR LE CORPS 250ML,ARVEA,Default,ARVEA CREME MIRALE POUR LE CORPS 250ML,https://cosmeticstoredz.com/produit/arvea-creme-mirale-pour-le-corps-250ml/,250ML,,NO_MATCH,0,,,,No stock row matches enough brand/product/variant detail
SHEA-COS-DFF2ED0CF6EC,ARVEA CREME PIEDS TRES SECS ET ABIMES 50ML,ARVEA,Default,ARVEA CREME PIEDS TRES SECS ET ABIMES 50ML,https://cosmeticstoredz.com/produit/arvea-creme-pieds-tres-secs-et-abimes-50ml/,50ML,,NO_MATCH,0,,,,No stock row matches enough brand/product/variant detail
SHEA-COS-D858EE60408A,ARVEA EAU DE PARFUM FEMME,ARVEA,"100ML,GLAMOUR",ARVEA EAU DE PARFUM FEMME 100ML GLAMOUR,https://cosmeticstoredz.com/produit/arvea-eau-de-parfum-femme-100ml-glamour/,100ML,,NO_MATCH,0,,,,No stock row matches enough brand/product/variant detail
SHEA-COS-9EC74C64D0CA,ARVEA EAU DE PARFUM FEMME,ARVEA,"100ML,HAREM",ARVEA EAU DE PARFUM FEMME 100ML HAREM,https://cosmeticstoredz.com/produit/arvea-eau-de-parfum-femme-100ml-harem/,100ML,,NO_MATCH,0,,,,No stock row matches enough brand/product/variant detail
SHEA-COS-F246B3071424,ARVEA EAU DE PARFUM FEMME,ARVEA,"100ML,L’ECLAT D’OR",ARVEA EAU DE PARFUM FEMME 100ML L’ECLAT D’OR,https://cosmeticstoredz.com/produit/arvea-eau-de-parfum-femme-100ml-leclat-dor/,100ML,,NO_MATCH,0,,,,No stock row matches enough brand/product/variant detail
SHEA-COS-59970BCFDF68,ARVEA EAU DE PARFUM FEMME,ARVEA,"100ML,MYSTERY GIRL",ARVEA EAU DE PARFUM FEMME 100ML MYSTERY GIRL,https://cosmeticstoredz.com/produit/arvea-eau-de-parfum-femme-100ml-mystery-girl/,100ML,,NO_MATCH,0,,,,No stock row matches enough brand/product/variant detail
SHEA-COS-B89883E638E4,ARVEA EAU DE PARFUM FEMME,ARVEA,"100ML,VELVET BLOOM",ARVEA EAU DE PARFUM FEMME 100ML VELVET BLOOM,https://cosmeticstoredz.com/produit/arvea-eau-de-parfum-femme-100ml-velvet-bloom/,100ML,,NO_MATCH,0,,,,No stock row matches enough brand/product/variant detail
SHEA-COS-28543F3F1582,ARVEA EAU MICELLAIRE DEMAQUILLANTE NETTOIE ET DEMAQUILLE HYDRATE 250ML,ARVEA,Default,ARVEA EAU MICELLAIRE DEMAQUILLANTE NETTOIE ET DEMAQUILLE HYDRATE 250ML,https://cosmeticstoredz.com/produit/arvea-eau-micellaire-demaquillante-nettoie-et-demaquille-hydrate-250ml/,250ML,,NO_MATCH,0,,,,No stock row matches enough brand/product/variant detail
SHEA-COS-AA52EFECD397,ARVEA GEL ALOE VERA 85% ALOE VERA 100ML,ARVEA,Default,ARVEA GEL ALOE VERA 85% ALOE VERA 100ML,https://cosmeticstoredz.com/produit/arvea-gel-aloe-vera-85-aloe-vera-100ml/,100ML,,NO_MATCH,0,,,,No stock row matches enough brand/product/variant detail
SHEA-COS-E6F0CEDE4163,ARVEA GEL DENTAIR SANS FLUOR 100ML,ARVEA,Default,ARVEA GEL DENTAIR SANS FLUOR 100ML,https://cosmeticstoredz.com/produit/arvea-gel-dentair-sans-fluor-100ml/,100ML,,NO_MATCH,0,,,,No stock row matches enough brand/product/variant detail
SHEA-COS-DC985BC331CE,ARVEA GEL DOUCHE,ARVEA,"400ML,MOJITO",ARVEA GEL DOUCHE 400ML MOJITO,https://cosmeticstoredz.com/produit/arvea-gel-douche-400ml-mojito/,400ML,,NO_MATCH,0,,,,No stock row matches enough brand/product/variant detail
SHEA-COS-0BCB15342A13,ARVEA GEL DOUCHE,ARVEA,"400ML,OCEAN",ARVEA GEL DOUCHE 400ML OCEAN,https://cosmeticstoredz.com/produit/arvea-gel-douche-400ml-ocean/,400ML,,NO_MATCH,0,,,,No stock row matches enough brand/product/variant detail
SHEA-COS-19F5A6C9E9BD,ARVEA GEL DOUCHE,ARVEA,"400ML,ORIENTAL",ARVEA GEL DOUCHE 400ML ORIENTAL,https://cosmeticstoredz.com/produit/arvea-gel-douche-400ml-oriental/,400ML,,NO_MATCH,0,,,,No stock row matches enough brand/product/variant detail
SHEA-COS-7F7453952F30,ARVEA GEL DOUCHE,ARVEA,"400ML,TROPICAL COCKTAIL COCO",ARVEA GEL DOUCHE 400ML TROPICAL COCKTAIL COCO,https://cosmeticstoredz.com/produit/arvea-gel-douche-400ml-tropical-cocktail-coco/,400ML,,NO_MATCH,0,,,,No stock row matches enough brand/product/variant detail
SHEA-COS-4BEEEEEB7945,ARVEA GEL DOUCHE,ARVEA,"400ML,TROPICAL COCKTAIL MANGUE ET PAPAYE",ARVEA GEL DOUCHE 400ML TROPICAL COCKTAIL MANGUE ET PAPAYE,https://cosmeticstoredz.com/produit/arvea-gel-douche-400ml-tropical-cocktail-mangue-et-papaye/,400ML,,NO_MATCH,0,,,,No stock row matches enough brand/product/variant detail
SHEA-COS-6E4A6F239AB7,ARVEA GEL INTIME NETTOIE EN DOUCEUR 180ML,ARVEA,Default,ARVEA GEL INTIME NETTOIE EN DOUCEUR 180ML,https://cosmeticstoredz.com/produit/arvea-gel-intime-nettoie-en-douceur-180ml/,180ML,,NO_MATCH,0,,,,No stock row matches enough brand/product/variant detail
SHEA-COS-2C1A5580AD77,ARVEA GEL NETTOYANT VISAGE NETTOIE ET PURIFIE POUR PEAUX MIXTES A GRASSES A L’ALOE VERA 200ML,ARVEA,Default,ARVEA GEL NETTOYANT VISAGE NETTOIE ET PURIFIE POUR PEAUX MIXTES A GRASSES A L’ALOE VERA 200ML,https://cosmeticstoredz.com/produit/arvea-gel-nettoyant-visage-nettoie-et-purifie-pour-peaux-mixtes-a-grasses-a-laloe-vera-200ml/,200ML,,NO_MATCH,0,,,,No stock row matches enough brand/product/variant detail
SHEA-COS-D45F5D78FC7D,ARVEA HAUT COUVRANCE FOND DE TEINT,ARVEA,"SPF20,N1",ARVEA HAUT COUVRANCE FOND DE TEINT SPF20 N1,https://cosmeticstoredz.com/produit/arvea-haut-couvrance-fond-de-teint-spf20-n1/,,,NO_MATCH,0,,,,No stock row matches enough brand/product/variant detail
SHEA-COS-6E85ED5F92E1,ARVEA HAUT COUVRANCE FOND DE TEINT,ARVEA,"SPF20,N2",ARVEA HAUT COUVRANCE FOND DE TEINT SPF20 N2,https://cosmeticstoredz.com/produit/arvea-haut-couvrance-fond-de-teint-spf20-n2/,,,NO_MATCH,0,,,,No stock row matches enough brand/product/variant detail
SHEA-COS-C71ECE912460,ARVEA HAUT COUVRANCE FOND DE TEINT,ARVEA,"SPF20,N3",ARVEA HAUT COUVRANCE FOND DE TEINT SPF20 N3,https://cosmeticstoredz.com/produit/arvea-haut-couvrance-fond-de-teint-spf20-n3/,,,NO_MATCH,0,,,,No stock row matches enough brand/product/variant detail
SHEA-COS-DDB40A17976E,ARVEA MASQUE CHEVEUX NOURRISSANT 250ML,ARVEA,Default,ARVEA MASQUE CHEVEUX NOURRISSANT 250ML,https://cosmeticstoredz.com/produit/arvea-masque-cheveux-nourrissant-250ml/,250ML,,NO_MATCH,0,,,,No stock row matches enough brand/product/variant detail
SHEA-COS-F17D264D4586,ARVEA MASQUE EXFOLIANT A L »ALOE VERA ET NOYAUX D’ABRICOT 50ML,ARVEA,Default,ARVEA MASQUE EXFOLIANT A L »ALOE VERA ET NOYAUX D’ABRICOT 50ML,https://cosmeticstoredz.com/produit/arvea-masque-exfoliant-a-laloe-vera-et-noyaux-dabricot-50ml/,50ML,,NO_MATCH,0,,,,No stock row matches enough brand/product/variant detail
SHEA-COS-2741D5E1A291,ARVEA MASQUE NOURRISSANT SANS SULFATE CARE AND REPAIR 250ML,ARVEA,Default,ARVEA MASQUE NOURRISSANT SANS SULFATE CARE AND REPAIR 250ML,https://cosmeticstoredz.com/produit/arvea-masque-nourrissant-sans-sulfate-care-and-repair-250ml/,250ML,,NO_MATCH,0,,,,No stock row matches enough brand/product/variant detail
SHEA-COS-4891AA6E4B76,ARVEA MINI CREME MIRACLE 50ML,ARVEA,Default,ARVEA MINI CREME MIRACLE 50ML,https://cosmeticstoredz.com/produit/arvea-mini-creme-miracle-50ml/,50ML,,NO_MATCH,0,,,,No stock row matches enough brand/product/variant detail
SHEA-COS-88918E2FB5B7,ARVEA OIL REMPLACEMENT HUILE EN CREME 150ML TOUT TYPES DE CHEVEUX,ARVEA,Default,ARVEA OIL REMPLACEMENT HUILE EN CREME 150ML TOUT TYPES DE CHEVEUX,https://cosmeticstoredz.com/produit/arvea-oil-remplacement-huile-en-creme-150ml-tout-types-de-cheveux/,150ML,,NO_MATCH,0,,,,No stock row matches enough brand/product/variant detail
SHEA-COS-59D800086782,ARVEA PARFUM FEMME 50ML COLLECTION PINK,ARVEA,Default,ARVEA PARFUM FEMME 50ML COLLECTION PINK,https://cosmeticstoredz.com/produit/arvea-parfum-femme-50ml-collection-pink/,50ML,,NO_MATCH,0,,,,No stock row matches enough brand/product/variant detail
SHEA-COS-2D633A0EE8A2,ARVEA RECHARGE ROLL-ON STICK,ARVEA,50ML,ARVEA RECHARGE ROLL-ON STICK 50ML,https://cosmeticstoredz.com/produit/arvea-recharge-roll-on-stick-50ml/,50ML,,NO_MATCH,0,,,,No stock row matches enough brand/product/variant detail
SHEA-COS-77811C61B674,ARVEA RECHARGE ROLL-ON STICK,ARVEA,"50ML,AGRUMES",ARVEA RECHARGE ROLL-ON STICK 50ML AGRUMES,https://cosmeticstoredz.com/produit/arvea-recharge-roll-on-stick-50ml-agrumes/,50ML,,NO_MATCH,0,,,,No stock row matches enough brand/product/variant detail
SHEA-COS-38DA77121E1B,ARVEA RECHARGE ROLL-ON STICK,ARVEA,"50ML,MIRACLE",ARVEA RECHARGE ROLL-ON STICK 50ML MIRACLE,https://cosmeticstoredz.com/produit/arvea-recharge-roll-on-stick-50ml-miracle/,50ML,,NO_MATCH,0,,,,No stock row matches enough brand/product/variant detail
SHEA-COS-E8066104B250,ARVEA ROLL-ON STICK,ARVEA,"50ML,AGRUMES",ARVEA ROLL-ON STICK 50ML AGRUMES,https://cosmeticstoredz.com/produit/arvea-roll-on-stick-50ml-agrumes/,50ML,,NO_MATCH,0,,,,No stock row matches enough brand/product/variant detail
SHEA-COS-B28DF63E693F,ARVEA ROLL-ON STICK,ARVEA,"50ML,MIRACLE",ARVEA ROLL-ON STICK 50ML MIRACLE,https://cosmeticstoredz.com/produit/arvea-roll-on-stick-50ml-miracle/,50ML,,NO_MATCH,0,,,,No stock row matches enough brand/product/variant detail
SHEA-COS-10B2D7482F8F,ARVEA ROLL-ON STICK,ARVEA,"50ML,OCEAN",ARVEA ROLL-ON STICK 50ML OCEAN,https://cosmeticstoredz.com/produit/arvea-roll-on-stick-50ml-ocean/,50ML,,NO_MATCH,0,,,,No stock row matches enough brand/product/variant detail
SHEA-COS-5E79F2D46FE6,ARVEA ROLL-ON STICK,ARVEA,"50ML,VANILLA",ARVEA ROLL-ON STICK 50ML VANILLA,https://cosmeticstoredz.com/produit/arvea-roll-on-stick-50ml-vanilla/,50ML,,NO_MATCH,0,,,,No stock row matches enough brand/product/variant detail
SHEA-COS-8A49F919048B,ARVEA SAVON,ARVEA,"ARGAN VISAGE ET CORPS,PEAU SECHE,100G",ARVEA SAVON ARGAN VISAGE ET CORPS PEAU SECHE 100G,https://cosmeticstoredz.com/produit/arvea-savon-argan-visage-et-corps-peau-seche-100g/,100G,,NO_MATCH,0,,,,No stock row matches enough brand/product/variant detail
SHEA-COS-C6342CFA018B,ARVEA SAVON,ARVEA,"DOUCEUR,TOUT TYPES DE PEAUX,90G",ARVEA SAVON DOUCEUR TOUT TYPES DE PEAUX 90G,https://cosmeticstoredz.com/produit/arvea-savon-douceur-tout-types-de-peaux-90g/,90G,,NO_MATCH,0,,,,No stock row matches enough brand/product/variant detail
SHEA-COS-0B0E91830B55,ARVEA SAVON,ARVEA,"KARITE VISAGE ET CORPS,TOUT TYPES DE PEAUX,100G",ARVEA SAVON KARITE VISAGE ET CORPS TOUT TYPES DE PEAUX 100G,https://cosmeticstoredz.com/produit/arvea-savon-karite-visage-et-corps-tout-types-de-peaux-100g/,100G,,NO_MATCH,0,,,,No stock row matches enough brand/product/variant detail
SHEA-COS-5DA7C436A7ED,ARVEA SAVON,ARVEA,"MIEL ET SON DE BLE ,PEAUNORMAL A MIXTE,90G",ARVEA SAVON MIEL ET SON DE BLE PEAU NORMAL A MIXTE 90G,https://cosmeticstoredz.com/produit/arvea-savon-miel-et-son-de-ble-peau-normal-a-mixte-90g/,90G,,NO_MATCH,0,,,,No stock row matches enough brand/product/variant detail
SHEA-COS-14AD64AFE91E,ARVEA SAVON,ARVEA,"MIRACLE TOUT TYPES DE PEAUX ,VISAGE ET COPRS",ARVEA SAVON MIRACLE TOUT TYPES DE PEAUX VISAGE ET COPRS,https://cosmeticstoredz.com/produit/arvea-savon-miracle-tout-types-de-peaux-visage-et-coprs/,,,NO_MATCH,0,,,,No stock row matches enough brand/product/variant detail
SHEA-COS-C1EB150E466A,ARVEA SAVON,ARVEA,"NOIR ,ENRICHI A ‘HUILE D’OLIVE ,185G",ARVEA SAVON NOIR ENRICHI A ‘HUILE D’OLIVE 185G,https://cosmeticstoredz.com/produit/arvea-savon-noir-enrichi-a-huile-dolive-185g/,185G,,NO_MATCH,0,,,,No stock row matches enough brand/product/variant detail
SHEA-COS-7096BFFA0A4C,ARVEA SHAMPOING,ARVEA,"ANTI PELLICULAIRE ,200ML",ARVEA SHAMPOING ANTI PELLICULAIRE 200ML,https://cosmeticstoredz.com/produit/arvea-shampoing-anti-pelliculaire-200ml/,200ML,,NO_MATCH,0,,,,No stock row matches enough brand/product/variant detail
SHEA-COS-C03B78403D62,ARVEA SHAMPOING,ARVEA,"ANTI-CHUTE ,200ML",ARVEA SHAMPOING ANTI-CHUTE 200ML,https://cosmeticstoredz.com/produit/arvea-shampoing-anti-chute-200ml/,200ML,,NO_MATCH,0,,,,No stock row matches enough brand/product/variant detail
SHEA-COS-BDAEF5D5AB55,ARVEA SHAMPOING,ARVEA,"CHEVEUX GRAS ,200ML",ARVEA SHAMPOING CHEVEUX GRAS 200ML,https://cosmeticstoredz.com/produit/arvea-shampoing-cheveux-gras-200ml/,200ML,,NO_MATCH,0,,,,No stock row matches enough brand/product/variant detail
SHEA-COS-C3D16FB1735A,ARVEA SHAMPOING,ARVEA,"CHEVEUX SECS ,200ML",ARVEA SHAMPOING CHEVEUX SECS 200ML,https://cosmeticstoredz.com/produit/arvea-shampoing-cheveux-secs-200ml/,200ML,,NO_MATCH,0,,,,No stock row matches enough brand/product/variant detail
SHEA-COS-29F86E16DC2C,ARVEA SHAMPOING,ARVEA,"SANS SULFATE ,CARE AND REPAIR 250ML",ARVEA SHAMPOING SANS SULFATE CARE AND REPAIR 250ML,https://cosmeticstoredz.com/produit/arvea-shampooing-sans-sulfate-care-and-repair-250ml/,250ML,,NO_MATCH,0,,,,No stock row matches enough brand/product/variant detail
SHEA-COS-62EA4775A92B,ARVEA SIX CREAM SPF50 LIGHT 50ML,ARVEA,Default,ARVEA SIX CREAM SPF50 LIGHT 50ML,https://cosmeticstoredz.com/produit/arvea-six-cream-spf50-light-50ml/,50ML,,NO_MATCH,0,,,,No stock row matches enough brand/product/variant detail
SHEA-COS-4B4359EE63AF,ARVEA SUN PROTECT ECRAN MINERAL TEINTE,ARVEA,Default,ARVEA SUN PROTECT ECRAN MINERAL TEINTE,https://cosmeticstoredz.com/produit/arvea-sun-protect-ecran-mineral-teinte/,,,NO_MATCH,0,,,,No stock row matches enough brand/product/variant detail
SHEA-COS-832AF916426E,AVEN CICALFATE+CREME REPARATRICE,AVEN,100ML,AVEN CICALFATE+CREME REPARATRICE 100ML,https://cosmeticstoredz.com/produit/aven-cicalfatecreme-reparatrice-100ml/,100ML,,NO_MATCH,0,,,,No stock row matches enough brand/product/variant detail
SHEA-COS-8CA761FCB4E2,AVEN ECRAN TOTAL CLEANANCE ULTRA LEGER PEAUX GRASSE ANTI-IMPERFECTION,AVEN,Default,AVEN ECRAN TOTAL CLEANANCE ULTRA LEGER PEAUX GRASSE ANTI-IMPERFECTION,https://cosmeticstoredz.com/produit/aven-ecran-total-cleanance-ultra-leger-peaux-grasse-anti-imperfection/,,,NO_MATCH,0,,,,No stock row matches enough brand/product/variant detail
SHEA-COS-524104ED154E,AVENE CLEANANCE GEL NETTOYANT 200ML,AVENE,Default,AVENE CLEANANCE GEL NETTOYANT 200ML,https://cosmeticstoredz.com/produit/avene-cleanance-gel-nettoyant-200ml/,200ML,,NO_MATCH,0,,,,No stock row matches enough brand/product/variant detail
SHEA-COS-53BC56C2406E,AXIS-Y DARK SPOT CORRECTING GLOW SERUM 50ML,AXIS-Y,Default,AXIS-Y DARK SPOT CORRECTING GLOW SERUM 50ML,https://cosmeticstoredz.com/produit/axis-y-dark-spot-correcting-glow-serum-50ml/,50ML,,NO_MATCH,0,,,,No stock row matches enough brand/product/variant detail
SHEA-COS-2222E50BDE6D,AYAM COTON DISQUE,AYAM,"CARRE GLOW UP ,ALOE VERA",AYAM COTON DISQUE CARRE GLOW UP ALOE VERA,https://cosmeticstoredz.com/produit/ayam-coton-disque-carre-glow-up-aloe-vera/,,,NO_MATCH,0,,,,No stock row matches enough brand/product/variant detail
SHEA-COS-738EA3E7629B,AYAM COTON DISQUE,AYAM,"CARRE GLOW UP ,ARGAN",AYAM COTON DISQUE CARRE GLOW UP ARGAN,https://cosmeticstoredz.com/produit/ayam-coton-disque-carre-glow-up-argan/,,,NO_MATCH,0,,,,No stock row matches enough brand/product/variant detail
SHEA-COS-BF8312079168,AYAM COTON DISQUE,AYAM,20P,AYAM COTON DISQUE 20P,https://cosmeticstoredz.com/produit/ayam-coton-disque-20p/,,,NO_MATCH,0,,,,No stock row matches enough brand/product/variant detail
SHEA-COS-2C35EE4706B1,AYAM COTON DISQUE,AYAM,70P,AYAM COTON DISQUE 70P,https://cosmeticstoredz.com/produit/ayam-coton-disque-70p/,,,NO_MATCH,0,,,,No stock row matches enough brand/product/variant detail
SHEA-COS-66D6E0DDBB58,AYAM COTON DISQUE,AYAM,100p,AYAM COTON DISQUE 100p,https://cosmeticstoredz.com/produit/ayam-coton-disque-100p/,,,NO_MATCH,0,,,,No stock row matches enough brand/product/variant detail
SHEA-COS-D03DAF2E191C,AYAM COTON DISQUE,AYAM,LONG,AYAM COTON DISQUE LONG,https://cosmeticstoredz.com/produit/ayam-coton-disque-long/,,,NO_MATCH,0,,,,No stock row matches enough brand/product/variant detail
SHEA-COS-C9A7E7963554,AYAM COTON DISUQE CARRE 70P S,AYAM,Default,AYAM COTON DISUQE CARRE 70P S,https://cosmeticstoredz.com/produit/ayam-coton-disuqe-carre-70p-s/,,,NO_MATCH,0,,,,No stock row matches enough brand/product/variant detail
SHEA-COS-7C02B7847EE5,AYAM COTON HYDROPHILE,AYAM,Default,AYAM COTON HYDROPHILE,https://cosmeticstoredz.com/produit/ayam-coton-hydrophile/,,,NO_MATCH,0,,,,No stock row matches enough brand/product/variant detail
SHEA-COS-604995C333CB,AYAM DISQUE DEMAQ CARRE,AYAM,"60p,L",AYAM DISQUE DEMAQ CARRE 60p L,https://cosmeticstoredz.com/produit/ayam-disque-demaq-carre-60p-l/,,,NO_MATCH,0,,,,No stock row matches enough brand/product/variant detail
SHEA-COS-5B4256708C53,BABY POWDER AMK,BABY,"125ML ,DEO INTIME MAUVE",BABY POWDER AMK 125ML DEO INTIME MAUVE,https://cosmeticstoredz.com/produit/baby-powder-amk-125ml-deo-intime-mauve/,125ML,,NO_MATCH,0,,,,No stock row matches enough brand/product/variant detail
SHEA-COS-F884FF8D9E5E,BABY POWDER AMK,BABY,"125ML ,DEO INTIME ROSE",BABY POWDER AMK 125ML DEO INTIME ROSE,https://cosmeticstoredz.com/produit/baby-powder-amk-125ml-deo-intime-rose/,125ML,,NO_MATCH,0,,,,No stock row matches enough brand/product/variant detail
SHEA-COS-BEB476FA0A21,BABY POWDER AMK,BABY,"125ML, DEO INTIME VERT",BABY POWDER AMK 125ML DEO INTIME VERT,https://cosmeticstoredz.com/produit/baby-powder-amk-125ml-deo-intime-vert/,125ML,,NO_MATCH,0,,,,No stock row matches enough brand/product/variant detail
SHEA-COS-8662DCE13875,BABY POWDER AMK EAU DE TOILETTE,BABY,"150ML,BLEU CIEL",BABY POWDER AMK EAU DE TOILETTE 150ML BLEU CIEL,https://cosmeticstoredz.com/produit/baby-powder-amk-eau-de-toilette-150ml-bleu-ciel/,150ML,,NO_MATCH,0,,,,No stock row matches enough brand/product/variant detail
SHEA-COS-81DEC4DA2AB1,BABY POWDER AMK EAU DE TOILETTE,BABY,"BLEU ,150ML",BABY POWDER AMK EAU DE TOILETTE BLEU 150ML,https://cosmeticstoredz.com/produit/baby-powder-amk-eau-de-toilette-bleu-150ml/,150ML,,NO_MATCH,0,,,,No stock row matches enough brand/product/variant detail
SHEA-COS-D0DE7A5AF96A,BABY POWDER AMK EAU DE TOILETTE,BABY,"JAUNE ,150ML",BABY POWDER AMK EAU DE TOILETTE JAUNE 150ML,https://cosmeticstoredz.com/produit/baby-powder-amk-eau-de-toilette-jaune-150ml/,150ML,,NO_MATCH,0,,,,No stock row matches enough brand/product/variant detail
SHEA-COS-5EDFBD2D13A3,BABY POWDER BODY GEL,BABY,"800ML ,ORANGE",BABY POWDER BODY GEL 800ML ORANGE,https://cosmeticstoredz.com/produit/baby-powder-body-gel-800ml-orange/,800ML,,NO_MATCH,0,,,,No stock row matches enough brand/product/variant detail
SHEA-COS-0424FF0C314E,BABY POWDER BODY GEL,BABY,"800ML ,ROSE",BABY POWDER BODY GEL 800ML ROSE,https://cosmeticstoredz.com/produit/baby-powder-body-gel-800ml-rose/,800ML,,NO_MATCH,0,,,,No stock row matches enough brand/product/variant detail
SHEA-COS-445BFFA5E788,BABY POWDER BODY LOTION,BABY,"400ML ,SAUMON",BABY POWDER BODY LOTION 400ML SAUMON,https://cosmeticstoredz.com/produit/baby-powder-body-lotion-400ml-saumon/,400ML,,NO_MATCH,0,,,,No stock row matches enough brand/product/variant detail
SHEA-COS-2D5C394A8D8C,BABY POWDER BODY LOTION,BABY,"400ML, BLEU MAUVE",BABY POWDER BODY LOTION 400ML BLEU MAUVE,https://cosmeticstoredz.com/produit/baby-powder-body-lotion-400ml-bleu-mauve/,400ML,,NO_MATCH,0,,,,No stock row matches enough brand/product/variant detail
SHEA-COS-EB63165AC632,BABY POWDER BODY LOTION,BABY,"400ML, ROSE",BABY POWDER BODY LOTION 400ML ROSE,https://cosmeticstoredz.com/produit/baby-powder-body-lotion-400ml-rose/,400ML,,NO_MATCH,0,,,,No stock row matches enough brand/product/variant detail
SHEA-COS-3F3A10FBCC32,BABY POWDER BODY LOTION,BABY,"400ML ,VERT",BABY POWDER BODY LOTION 400ML VERT,https://cosmeticstoredz.com/produit/baby-powder-body-lotion-400ml-vert/,400ML,,NO_MATCH,0,,,,No stock row matches enough brand/product/variant detail
SHEA-COS-668E06433F42,BABY POWDER BODY SOAP,BABY,VERT,BABY POWDER BODY SOAP VERT,https://cosmeticstoredz.com/produit/baby-powder-body-soap-vert/,,,NO_MATCH,0,,,,No stock row matches enough brand/product/variant detail
SHEA-COS-C51EA2C461EC,BABY POWDER BRUME,BABY,"250ML ,VERT",BABY POWDER BRUME 250ML VERT,https://cosmeticstoredz.com/produit/baby-powder-brume-250ml-vert/,250ML,,NO_MATCH,0,,,,No stock row matches enough brand/product/variant detail
SHEA-COS-D8E200AABBE5,BABY POWDER DEO,BABY,"INTIME ,125ML ,CHEER FLORAL",BABY POWDER DEO INTIME 125ML CHEER FLORAL,https://cosmeticstoredz.com/produit/baby-powder-deo-intime-125ml-cheer-floral/,125ML,,NO_MATCH,0,,,,No stock row matches enough brand/product/variant detail
SHEA-COS-D45F58EDC39A,BABY POWDER DEO POUDRE,BABY,"150ML ,BLEU",BABY POWDER DEO POUDRE 150ML BLEU,https://cosmeticstoredz.com/produit/baby-powder-deo-poudre-150ml-bleu/,150ML,,NO_MATCH,0,,,,No stock row matches enough brand/product/variant detail
SHEA-COS-4F987FB9CD7B,BABY POWDER DEO POUDRE,BABY,"150ML ,ORANGE",BABY POWDER DEO POUDRE 150ML ORANGE,https://cosmeticstoredz.com/produit/baby-powder-deo-poudre-150ml-orange/,150ML,,NO_MATCH,0,,,,No stock row matches enough brand/product/variant detail
SHEA-COS-1C42058CBAEF,BABY POWDER DEO POUDRE,BABY,"150ML ,ROSE",BABY POWDER DEO POUDRE 150ML ROSE,https://cosmeticstoredz.com/produit/baby-powder-deo-poudre-150ml-rose/,150ML,,NO_MATCH,0,,,,No stock row matches enough brand/product/variant detail
SHEA-COS-095C7F255460,BABY POWDER DEODORANT,BABY,"200ML, NOIR",BABY POWDER DEODORANT 200ML NOIR,https://cosmeticstoredz.com/produit/baby-powder-deodorant-200ml-noir/,200ML,,NO_MATCH,0,,,,No stock row matches enough brand/product/variant detail
SHEA-COS-9E71A9EF191B,BABY POWDER DEODORANT,BABY,"200ML, ORANGE",BABY POWDER DEODORANT 200ML ORANGE,https://cosmeticstoredz.com/produit/baby-powder-deodorant-200ml-orange/,200ML,,NO_MATCH,0,,,,No stock row matches enough brand/product/variant detail
SHEA-COS-51B1B7190B35,BABY POWDER GEL INTIME,BABY,BLEU,BABY POWDER GEL INTIME BLEU,https://cosmeticstoredz.com/produit/baby-powder-gel-intime-bleu/,,,NO_MATCH,0,,,,No stock row matches enough brand/product/variant detail
SHEA-COS-2FEB51992BA3,BABY POWDER GEL INTIME,BABY,VERT,BABY POWDER GEL INTIME VERT,https://cosmeticstoredz.com/produit/baby-powder-gel-intime-vert/,,,NO_MATCH,0,,,,No stock row matches enough brand/product/variant detail
SHEA-COS-F73BC6F5113D,BABY POWDER GEL INTIME ROSE,BABY,Default,BABY POWDER GEL INTIME ROSE,https://cosmeticstoredz.com/produit/baby-powder-gel-intime-rose/,,,NO_MATCH,0,,,,No stock row matches enough brand/product/variant detail
SHEA-COS-98DA5F94A9D7,BABY POWDER LAQUE CHEVEUX,BABY,Default,BABY POWDER LAQUE CHEVEUX,https://cosmeticstoredz.com/produit/baby-powder-laque-cheveux/,,,NO_MATCH,0,,,,No stock row matches enough brand/product/variant detail
SHEA-COS-73D7E5C47136,BABY POWDER MOUSSE INTIME,BABY,"150ML ,LAVANTE",BABY POWDER MOUSSE INTIME 150ML LAVANTE,https://cosmeticstoredz.com/produit/baby-powder-mousse-intime-150ml-lavante/,150ML,,NO_MATCH,0,,,,No stock row matches enough brand/product/variant detail
SHEA-COS-EE7B589C56F0,BABY POWDER MOUSSE INTIME,BABY,"LAVANTE, 150ML, ROUGE",BABY POWDER MOUSSE INTIME LAVANTE 150ML ROUGE,https://cosmeticstoredz.com/produit/baby-powder-mousse-intime-lavante-150ml-rouge/,150ML,,NO_MATCH,0,,,,No stock row matches enough brand/product/variant detail
SHEA-COS-C679B6A08231,BABY POWDER MOUSSE INTIME,BABY,"LAVANTE ,150ML ,VERTE",BABY POWDER MOUSSE INTIME LAVANTE 150ML VERTE,https://cosmeticstoredz.com/produit/baby-powder-mousse-intime-lavante-150ml-verte/,150ML,,NO_MATCH,0,,,,No stock row matches enough brand/product/variant detail
SHEA-COS-1785B4568B04,BABY POWDER STICK,BABY,"50ML ,MAUVE",BABY POWDER STICK 50ML MAUVE,https://cosmeticstoredz.com/produit/baby-powder-stick-50ml-mauve/,50ML,,NO_MATCH,0,,,,No stock row matches enough brand/product/variant detail
SHEA-COS-10D215B869EC,BABY POWDER STICK,BABY,ROSE,BABY POWDER STICK ROSE,https://cosmeticstoredz.com/produit/baby-powder-stick-rose/,,,NO_MATCH,0,,,,No stock row matches enough brand/product/variant detail
SHEA-COS-B706CAEFFFC4,BABY POWDER W,BABY,HITENING EFFECT 3IN1,BABY POWDER WHITENING EFFECT 3IN1,https://cosmeticstoredz.com/produit/baby-powder-whitening-effect-3in1/,,,NO_MATCH,0,,,,No stock row matches enough brand/product/variant detail
SHEA-COS-AAE2ADB5A69F,BABYLISS FER A BOUCLE MIRACLE,BABYLISS,Default,BABYLISS FER A BOUCLE MIRACLE,https://cosmeticstoredz.com/produit/babyliss-fer-a-boucle-miracle/,,,NO_MATCH,0,,,,No stock row matches enough brand/product/variant detail
SHEA-COS-7AA979D76E3F,BABYLISS LISSEUR BOUCLEUR,BABYLISS,DIGITAL SENSOR,BABYLISS LISSEUR BOUCLEUR DIGITAL SENSOR,https://cosmeticstoredz.com/produit/babyliss-lisseur-boucleur-digital-sensor/,,,NO_MATCH,0,,,,No stock row matches enough brand/product/variant detail
SHEA-COS-D75DF68344CF,BABYLISS LISSEUR BOUCLEUR,BABYLISS,"ULTRA CURL ,KERA PROTECT",BABYLISS LISSEUR BOUCLEUR ULTRA CURL KERA PROTECT,https://cosmeticstoredz.com/produit/babyliss-lisseur-boucleur-ultra-curl-kera-protect/,,,NO_MATCH,0,,,,No stock row matches enough brand/product/variant detail
SHEA-COS-7DB4700B9379,BABYLISS MIRACURL MK2,BABYLISS,Default,BABYLISS MIRACURL MK2,https://cosmeticstoredz.com/produit/babyliss-miracurl-mk2/,,,NO_MATCH,0,,,,No stock row matches enough brand/product/variant detail
SHEA-COS-1635F5D78E37,BABYLISS PARIS LISSEUR ELEGANCE EDITION,BABYLISS,Default,BABYLISS PARIS LISSEUR ELEGANCE EDITION,https://cosmeticstoredz.com/produit/babyliss-paris-lisseur-elegance-edition/,,,NO_MATCH,0,,,,No stock row matches enough brand/product/variant detail
SHEA-COS-A7FF1EAC8BB9,BABYLISS PRO WET & DRY KERATINE BAB,BABYLISS,Default,BABYLISS PRO WET & DRY KERATINE BAB,https://cosmeticstoredz.com/produit/babyliss-pro-wet-dry-keratine-bab/,,,NO_MATCH,0,,,,No stock row matches enough brand/product/variant detail
SHEA-COS-E21E6DC135D3,BABYLISSE LISSEUR+MINI LISSEUR ST 396,BABYLISSE,Default,BABYLISSE LISSEUR+MINI LISSEUR ST 396,https://cosmeticstoredz.com/produit/babylisse-lisseurmini-lisseur-st-396/,,,NO_MATCH,0,,,,No stock row matches enough brand/product/variant detail
SHEA-COS-DAAECD84481D,BEAUTTMAX BLUE 3 FEMME,BEAUTTMAX,Default,BEAUTTMAX BLUE 3 FEMME,https://cosmeticstoredz.com/produit/beauttmax-blue-3-femme/,,,NO_MATCH,0,,,,No stock row matches enough brand/product/variant detail
SHEA-COS-CFDB4EDB3992,BEAUTY OF JOSEON ECRANT EN STICK,BEAUTY,"50+ ,SPF ,18G",BEAUTY OF JOSEON ECRANT EN STICK 50+ SPF 18G,https://cosmeticstoredz.com/produit/beauty-of-joseon-ecrant-en-stick-50-spf-18g/,18G,,NO_MATCH,0,,,,No stock row matches enough brand/product/variant detail
SHEA-COS-4D33998A211E,BEAUTY OF JOSEON REVIVE EYE SERUM,BEAUTY,GINSENG + RETINOL,BEAUTY OF JOSEON REVIVE EYE SERUM GINSENG + RETINOL,https://cosmeticstoredz.com/produit/beauty-of-joseon-revive-eye-serum-ginseng-retinol/,,,NO_MATCH,0,,,,No stock row matches enough brand/product/variant detail
SHEA-COS-979B5BC3C18B,BEDOUINE GOMMAGE CORPS A L’HUILE ESSENTIEL D’ORANGE,BEDOUINE,Default,BEDOUINE GOMMAGE CORPS A L’HUILE ESSENTIEL D’ORANGE,https://cosmeticstoredz.com/produit/bedouine-gommage-corps-a-lhuile-essentiel-dorange/,,,NO_MATCH,0,,,,No stock row matches enough brand/product/variant detail
SHEA-COS-C96CD2A2FABA,BEDOUINE PARFUM EVASION,BEDOUINE,Default,BEDOUINE PARFUM EVASION,https://cosmeticstoredz.com/produit/bedouine-parfum-evasion/,,,NO_MATCH,0,,,,No stock row matches enough brand/product/variant detail
SHEA-COS-1BE024F5053E,BEDOUINE PARFUM KAMILIA,BEDOUINE,Default,BEDOUINE PARFUM KAMILIA,https://cosmeticstoredz.com/produit/bedouine-parfum-kamilia/,,,NO_MATCH,0,,,,No stock row matches enough brand/product/variant detail
SHEA-COS-A5B92D26E9A5,BIO DREAM SAVON AU FIGUE DE BARBARIE,BIO,Default,BIO DREAM SAVON AU FIGUE DE BARBARIE,https://cosmeticstoredz.com/produit/bio-dream-savon-au-figue-de-barbarie/,,,NO_MATCH,0,,,,No stock row matches enough brand/product/variant detail
SHEA-COS-6C8B9199224E,BIO DREAMS SAVON AU LAIT DE CHEVRE,BIO,Default,BIO DREAMS SAVON AU LAIT DE CHEVRE,https://cosmeticstoredz.com/produit/bio-dreams-savon-au-lait-de-chevre/,,,NO_MATCH,0,,,,No stock row matches enough brand/product/variant detail
SHEA-COS-847D5CD98225,BIO-NESS BRUME CORPS ET CHEVEUX,BIO-NESS,"250ML ,FRESH AIR",BIO-NESS BRUME CORPS ET CHEVEUX 250ML FRESH AIR,https://cosmeticstoredz.com/produit/bio-ness-brume-corps-et-cheveux-250ml-fresh-air/,250ML,,NO_MATCH,0,,,,No stock row matches enough brand/product/variant detail
SHEA-COS-2C2A954F53C5,BIO-NESS BRUME CORPS ET CHEVEUX,BIO-NESS,"250ML ,HELLO SUMMER",BIO-NESS BRUME CORPS ET CHEVEUX 250ML HELLO SUMMER,https://cosmeticstoredz.com/produit/bio-ness-brume-corps-et-cheveux-250ml-hello-summer/,250ML,,NO_MATCH,0,,,,No stock row matches enough brand/product/variant detail
SHEA-COS-AE060E0AF214,BIO-NESS BRUME CORPS ET CHEVEUX,BIO-NESS,"250ML ,MIGHT SENSATION",BIO-NESS BRUME CORPS ET CHEVEUX 250ML MIGHT SENSATION,https://cosmeticstoredz.com/produit/bio-ness-brume-corps-et-cheveux-250ml-might-sensation/,250ML,,NO_MATCH,0,,,,No stock row matches enough brand/product/variant detail
SHEA-COS-4E3CE828A5CE,BIO-NESS BRUME CORPS ET CHEVEUX,BIO-NESS,"250ML ,MORNING VIBES",BIO-NESS BRUME CORPS ET CHEVEUX 250ML MORNING VIBES,https://cosmeticstoredz.com/produit/bio-ness-brume-corps-et-cheveux-250ml-morning-vibes/,250ML,,NO_MATCH,0,,,,No stock row matches enough brand/product/variant detail
SHEA-COS-3AC6DBDCAE27,BIO-NESS BRUME CORPS ET CHEVEUX,BIO-NESS,"250ML ,RENDEZ VOUS",BIO-NESS BRUME CORPS ET CHEVEUX 250ML RENDEZ VOUS,https://cosmeticstoredz.com/produit/bio-ness-brume-corps-et-cheveux-250ml-rendez-vous/,250ML,,NO_MATCH,0,,,,No stock row matches enough brand/product/variant detail
SHEA-COS-83B610409449,BIO-NESS DEODORANT CREME,BIO-NESS,"45G ,ALOE VERA",BIO-NESS DEODORANT CREME 45G ALOE VERA,https://cosmeticstoredz.com/produit/bio-ness-deodorant-creme-45g-aloe-vera/,45G,,NO_MATCH,0,,,,No stock row matches enough brand/product/variant detail
SHEA-COS-00EA2A14F189,BIO-NESS DEODORANT CREME,BIO-NESS,"45G ,BLUEBERRY",BIO-NESS DEODORANT CREME 45G BLUEBERRY,https://cosmeticstoredz.com/produit/bio-ness-deodorant-creme-45g-blueberry/,45G,,NO_MATCH,0,,,,No stock row matches enough brand/product/variant detail
SHEA-COS-80D87A4F2DC8,BIO-NESS DEODORANT CREME,BIO-NESS,"45G ,COCO DES ILES",BIO-NESS DEODORANT CREME 45G COCO DES ILES,https://cosmeticstoredz.com/produit/bio-ness-deodorant-creme-45g-coco-des-iles/,45G,,NO_MATCH,0,,,,No stock row matches enough brand/product/variant detail
SHEA-COS-B446B2385A03,BIO-NESS DEODORANT CREME,BIO-NESS,"45G ,ELEGANCE",BIO-NESS DEODORANT CREME 45G ELEGANCE,https://cosmeticstoredz.com/produit/bio-ness-deodorant-creme-45g-elegance/,45G,,NO_MATCH,0,,,,No stock row matches enough brand/product/variant detail
SHEA-COS-679674928A1C,BIO-NESS DEODORANT CREME,BIO-NESS,"45G ,HAWAI",BIO-NESS DEODORANT CREME 45G HAWAI,https://cosmeticstoredz.com/produit/bio-ness-deodorant-creme-45g-hawai/,45G,,NO_MATCH,0,,,,No stock row matches enough brand/product/variant detail
SHEA-COS-3E3CA2A40F07,BIO-NESS DEODORANT CREME,BIO-NESS,"45G ,MISS BLOOMING",BIO-NESS DEODORANT CREME 45G MISS BLOOMING,https://cosmeticstoredz.com/produit/bio-ness-deodorant-creme-45g-miss-blooming/,45G,,NO_MATCH,0,,,,No stock row matches enough brand/product/variant detail
SHEA-COS-C69388AA00DC,BIO-NESS DEODORANT CREME,BIO-NESS,"45G ,OUNOUTHA",BIO-NESS DEODORANT CREME 45G OUNOUTHA,https://cosmeticstoredz.com/produit/bio-ness-deodorant-creme-45g-ounoutha/,45G,,NO_MATCH,0,,,,No stock row matches enough brand/product/variant detail
SHEA-COS-8D3F4D1B1872,BIO-NESS MIKHMARIA,BIO-NESS,"90G ,BUBBLE GUM 2EN1",BIO-NESS MIKHMARIA 90G BUBBLE GUM 2EN1,https://cosmeticstoredz.com/produit/bio-ness-mikhmaria-90g-bubble-gum-2en1/,90G,,NO_MATCH,0,,,,No stock row matches enough brand/product/variant detail
SHEA-COS-EE327558B7F0,BIO-NESS MIKHMARIA,BIO-NESS,"90G ,PEACHY",BIO-NESS MIKHMARIA 90G PEACHY,https://cosmeticstoredz.com/produit/bio-ness-mikhmaria-90g-peachy/,90G,,NO_MATCH,0,,,,No stock row matches enough brand/product/variant detail
SHEA-COS-7E9162D08EFB,BIOAQOUA GOMMAGE FRUIT ACID EXFOLIATION PEACH,BIOAQOUA,Default,BIOAQOUA GOMMAGE FRUIT ACID EXFOLIATION PEACH,https://cosmeticstoredz.com/produit/bioaqoua-gommage-fruit-acid-exfoliation-peach/,,,NO_MATCH,0,,,,No stock row matches enough brand/product/variant detail
SHEA-COS-A21321EBDCB7,BIODERMA PIGMENTBIO C-CONCENTRATE,BIODERMA,Default,BIODERMA PIGMENTBIO C-CONCENTRATE,https://cosmeticstoredz.com/produit/bioderma-pigmentbio-c-concentrate/,,,NO_MATCH,0,,,,No stock row matches enough brand/product/variant detail
SHEA-COS-7742A90539D3,BIODERMA SENSIBIO GEL MOUSSANT VSAGE ET YEUX POUR PEAUX SENSIBLE 200ML,BIODERMA,Default,BIODERMA SENSIBIO GEL MOUSSANT VSAGE ET YEUX POUR PEAUX SENSIBLE 200ML,https://cosmeticstoredz.com/produit/bioderma-sensibio-gel-moussant-vsage-et-yeux-pour-peaux-sensible-200ml/,200ML,,NO_MATCH,0,,,,No stock row matches enough brand/product/variant detail
SHEA-COS-DCBD8DE0916A,BIOLILA BODY LOTION 400ML NAWAYA,BIOLILA,Default,BIOLILA BODY LOTION 400ML NAWAYA,https://cosmeticstoredz.com/produit/biolila-body-lotion-400ml-nawaya/,400ML,,NO_MATCH,0,,,,No stock row matches enough brand/product/variant detail
SHEA-COS-97396D740591,BIOLILA CLEANSING,BIOLILA,"GEL ,125ML",BIOLILA CLEANSING GEL 125ML,https://cosmeticstoredz.com/produit/biolila-cleansing-gel-125ml/,125ML,,NO_MATCH,0,,,,No stock row matches enough brand/product/variant detail
SHEA-COS-CB8AF4EB2BB8,BIOLILA CLEANSING,BIOLILA,"OIL ,180ML",BIOLILA CLEANSING OIL 180ML,https://cosmeticstoredz.com/produit/biolila-cleansing-oil-180ml/,180ML,,NO_MATCH,0,,,,No stock row matches enough brand/product/variant detail
SHEA-COS-03899495E8B3,BIOLILA CREME,BIOLILA,"DE NUIT ,50ML",BIOLILA CREME DE NUIT 50ML,https://cosmeticstoredz.com/produit/biolila-creme-de-nuit-50ml/,50ML,,NO_MATCH,0,,,,No stock row matches enough brand/product/variant detail
SHEA-COS-F8F71437B744,BIOLILA CREME,BIOLILA,"MAIN 50ML ,FLEURS DE CERISIER",BIOLILA CREME MAIN 50ML FLEURS DE CERISIER,https://cosmeticstoredz.com/produit/biolila-creme-main-50ml-fleurs-de-cerisier/,50ML,,NO_MATCH,0,,,,No stock row matches enough brand/product/variant detail
SHEA-COS-ECDD9DA18296,BIOLILA CREME,BIOLILA,"MAIN 50ML ,THE VERT ET BERGAMOTE",BIOLILA CREME MAIN 50ML THE VERT ET BERGAMOTE,https://cosmeticstoredz.com/produit/biolila-creme-main-50ml-the-vert-et-bergamote/,50ML,,NO_MATCH,0,,,,No stock row matches enough brand/product/variant detail
SHEA-COS-3460A572C865,BIOLILA CREME,BIOLILA,"MAIN 50ML ,VANILLE",BIOLILA CREME MAIN 50ML VANILLE,https://cosmeticstoredz.com/produit/biolila-creme-main-50ml-vanille/,50ML,,NO_MATCH,0,,,,No stock row matches enough brand/product/variant detail
SHEA-COS-715459FFFCA5,BIOLILA CREME,BIOLILA,"PIEDS 50ML ,HYDRATE ET PROTEGE",BIOLILA CREME PIEDS 50ML HYDRATE ET PROTEGE,https://cosmeticstoredz.com/produit/biolila-creme-pieds-50ml-hydrate-et-protege/,50ML,,NO_MATCH,0,,,,No stock row matches enough brand/product/variant detail
SHEA-COS-EBD5F582C3AC,BIOLILA ECRAN TOTAL,BIOLILA,"50SPF ,INVISIBLE",BIOLILA ECRAN TOTAL +50SPF INVISIBLE,https://cosmeticstoredz.com/produit/biolila-ecran-total-50spf-invisible/,,,NO_MATCH,0,,,,No stock row matches enough brand/product/variant detail
SHEA-COS-A45DA32B0D8A,BIOLILA ECRAN TOTAL,BIOLILA,"50SPF,TEINTE CLAIRE",BIOLILA ECRAN TOTAL +50SPF TEINTE CLAIRE,https://cosmeticstoredz.com/produit/biolila-ecran-total-50spf-teinte-claire/,,,NO_MATCH,0,,,,No stock row matches enough brand/product/variant detail
SHEA-COS-25E5A17E09A8,BIOPLEX SERUM CAVIAR,BIOPLEX,Default,BIOPLEX SERUM CAVIAR,https://cosmeticstoredz.com/produit/bioplex-serum-caviar/,,,NO_MATCH,0,,,,No stock row matches enough brand/product/variant detail
SHEA-COS-16DDE43871AE,BIORE GEL NETT PEELING,BIORE,Default,BIORE GEL NETT PEELING,https://cosmeticstoredz.com/produit/biore-gel-nett-peeling/,,,NO_MATCH,0,,,,No stock row matches enough brand/product/variant detail
SHEA-COS-393D74B94B61,BIOVA CREME DE NUIT COLLAGEN + VITAMINE A,BIOVA,Default,BIOVA CREME DE NUIT COLLAGEN + VITAMINE A,https://cosmeticstoredz.com/produit/biova-creme-de-nuit-collagen-vitamine-a/,,,NO_MATCH,0,,,,No stock row matches enough brand/product/variant detail
SHEA-COS-4360C12DC158,BIOVA CREME HYDRATANTE,BIOVA,ALOVE VERA,BIOVA CREME HYDRATANTE ALOVE VERA,https://cosmeticstoredz.com/produit/biova-creme-hydratante-alove-vera/,,,NO_MATCH,0,,,,No stock row matches enough brand/product/variant detail
SHEA-COS-93F8835FADAE,BIOVA ECRAN TOTAL,BIOVA,Default,BIOVA ECRAN TOTAL,https://cosmeticstoredz.com/produit/biova-ecran-total/,,,NO_MATCH,0,,,,No stock row matches enough brand/product/variant detail
SHEA-COS-4D27A921A0CB,BIOVA GEL NETTOYANT,BIOVA,BLEU,BIOVA GEL NETTOYANT BLEU,https://cosmeticstoredz.com/produit/biova-gel-net-bleu/,,,NO_MATCH,0,,,,No stock row matches enough brand/product/variant detail
SHEA-COS-2FE96B387FB9,BIOVA GEL NETTOYANT VISAGE,BIOVA,CHARBON,BIOVA GEL NETTOYANT VISAGE CHARBON,https://cosmeticstoredz.com/produit/biova-gel-nettoyant-visage-charbon/,,,NO_MATCH,0,,,,No stock row matches enough brand/product/variant detail
SHEA-COS-6D77F3769D38,BIOVA GEL NETTOYANT VISAGE,BIOVA,CURCUMA,BIOVA GEL NETTOYANT VISAGE CURCUMA,https://cosmeticstoredz.com/produit/biova-gel-nettoyant-visage-curcuma/,,,NO_MATCH,0,,,,No stock row matches enough brand/product/variant detail
SHEA-COS-0FF9FC18FFD7,BIOVA NILA ROYAL EXTRAT DE CAMOMILLE MASQUE,BIOVA,Default,BIOVA NILA ROYAL EXTRAT DE CAMOMILLE MASQUE,https://cosmeticstoredz.com/produit/biova-nila-masque/,,,NO_MATCH,0,,,,No stock row matches enough brand/product/variant detail
SHEA-COS-BF836E923094,BIOVA SAVON,BIOVA,"LAIT DE CHEVRE ,FIGUE DE BARBARIE",BIOVA SAVON LAIT DE CHEVRE FIGUE DE BARBARIE,https://cosmeticstoredz.com/produit/biova-savon-lait-de-chevre-figue-de-barbarie/,,,NO_MATCH,0,,,,No stock row matches enough brand/product/variant detail
SHEA-COS-D8B9295B37A0,BIOVA SAVON,BIOVA,NILA,BIOVA SAVON NILA,https://cosmeticstoredz.com/produit/biova-savon-nila/,,,NO_MATCH,0,,,,No stock row matches enough brand/product/variant detail
SHEA-COS-643B23C4F135,BIOXCIN SHP,BIOXCIN,AIL NOIR,BIOXCIN SHP AIL NOIR,https://cosmeticstoredz.com/produit/bioxcin-shp-ail-noir/,,,NO_MATCH,0,,,,No stock row matches enough brand/product/variant detail
SHEA-COS-26AB31B5A20C,BIOXCINE SHAMPOING,BIOXCINE,GRAS,BIOXCINE SHAMPOING GRAS,https://cosmeticstoredz.com/produit/bioxcin-shp-gras/,,,NO_MATCH,0,,,,No stock row matches enough brand/product/variant detail
SHEA-COS-60ADCEA6A395,BIOXCINE SHAMPOING,BIOXCINE,"AUX HERBES CONTRE LA CHUTE, INTENSIVE DE CHEVEUX FORTE",BIOXCINE SHAMPOING AUX HERBES CONTRE LA CHUTE INTENSIVE DE CHEVEUX FORTE,https://cosmeticstoredz.com/produit/bioxcine-shampoing-aux-herbes-contre-la-chute-intensive-de-cheveux-forte/,,,NO_MATCH,0,,,,No stock row matches enough brand/product/variant detail
SHEA-COS-9232068B29F6,BIOXCINE SHAMPOING,BIOXCINE,"COLLAGEN, BIOTIN",BIOXCINE SHAMPOING COLLAGEN ET BIOTIN,https://cosmeticstoredz.com/produit/bioxcine-shampoing-collagen-et-biotin/,,,NO_MATCH,0,,,,No stock row matches enough brand/product/variant detail
SHEA-COS-ECF5E884D615,BIOXCINE SHAMPOING,BIOXCINE,"KERATIN, ARGAN OIL",BIOXCINE SHAMPOING KERATIN AND ARGAN OIL,https://cosmeticstoredz.com/produit/bioxcine-shampoing-keratin-and-argan-oil/,,,NO_MATCH,0,,,,No stock row matches enough brand/product/variant detail
SHEA-COS-4FE746B67C82,BOURJOIS 1 SECONDE EYESHADOW,BOURJOIS,"001 BLACK, TRACK 3G",BOURJOIS 1 SECONDE EYESHADOW 001 BLACK ON TRACK 3G,https://cosmeticstoredz.com/produit/bourjois-1-seconde-eyeshadow-001-black-on-track-3g/,3G,,NO_MATCH,0,,,,No stock row matches enough brand/product/variant detail
SHEA-COS-50F20E3EBDEB,BOURJOIS 1 SECONDE EYESHADOW,BOURJOIS,06 ABRACADA BROWN,BOURJOIS 1 SECONDE EYESHADOW 06 ABRACADA BROWN,https://cosmeticstoredz.com/produit/bourjois-1-seconde-eyeshadow-06-abracada-brown/,,,NO_MATCH,0,,,,No stock row matches enough brand/product/variant detail
SHEA-COS-A4C230E03A67,BOURJOIS ANTICERNE ANTI FATIGUE,BOURJOIS,"51 ,LIGHT VANILLE",BOURJOIS ANTICERNE ANTI FATIGUE 51 LIGHT VANILLE,https://cosmeticstoredz.com/produit/bourjois-anticerne-anti-fatigue-51-light-vanille/,,,NO_MATCH,0,,,,No stock row matches enough brand/product/variant detail
SHEA-COS-ABE069A8CB12,BOURJOIS ANTICERNE ANTI FATIGUE,BOURJOIS,"53 ,GOLDEN BEIGE",BOURJOIS ANTICERNE ANTI FATIGUE 53 GOLDEN BEIGE,https://cosmeticstoredz.com/produit/bourjois-anticerne-anti-fatigue-53-golden-beige/,,,NO_MATCH,0,,,,No stock row matches enough brand/product/variant detail
SHEA-COS-C357E216D9D0,BOURJOIS ANTICERNE CC EYE CREME,BOURJOIS,Default,BOURJOIS ANTICERNE CC EYE CREME,https://cosmeticstoredz.com/produit/bourjois-anticerne-cc-eye-creme/,,,NO_MATCH,0,,,,No stock row matches enough brand/product/variant detail
SHEA-COS-95B7A9CE88D4,BOURJOIS BLUSH 54 ROSE FRISSON,BOURJOIS,Default,BOURJOIS BLUSH 54 ROSE FRISSON,https://cosmeticstoredz.com/produit/bourjois-blush-54-rose-frisson/,,,NO_MATCH,0,,,,No stock row matches enough brand/product/variant detail
SHEA-COS-2CCBAA974ED6,BOURJOIS CRAYON CONTOUR,BOURJOIS,YEUX GRAS VERT,BOURJOIS CRAYON CONTOUR YEUX GRAS VERT,https://cosmeticstoredz.com/produit/bourjois-crayon-contour-yeux-gras-vert/,,,NO_MATCH,0,,,,No stock row matches enough brand/product/variant detail
SHEA-COS-27254040F8C8,BOURJOIS CRAYON SOURCIL,BOURJOIS,"CHATAIN CLAIR ,002",BOURJOIS CRAYON SOURCIL CHATAIN CLAIR 002,https://cosmeticstoredz.com/produit/bourjois-crayon-sourcil-chatain-clair-002/,,,NO_MATCH,0,,,,No stock row matches enough brand/product/variant detail
SHEA-COS-B76C7DB92015,BOURJOIS CRAYON SOURCIL,BOURJOIS,"CHATAIN FONCE ,004",BOURJOIS CRAYON SOURCIL CHATAIN FONCE 004,https://cosmeticstoredz.com/produit/bourjois-crayon-sourcil-chatain-fonce-004/,,,NO_MATCH,0,,,,No stock row matches enough brand/product/variant detail
SHEA-COS-E73C0702E363,BOURJOIS CRAYON SOURCIL,BOURJOIS,"DARK BROWN ,004",BOURJOIS CRAYON SOURCIL DARK BROWN 004,https://cosmeticstoredz.com/produit/bourjois-crayon-sourcil-dark-brown-004/,,,NO_MATCH,0,,,,No stock row matches enough brand/product/variant detail
SHEA-COS-37F0049786C4,BOURJOIS F.D.T ALWAYS,BOURJOIS,"N 120, IVOIR CLAIR",BOURJOIS F.D.T ALWAYS N 120 IVOIR CLAIR,https://cosmeticstoredz.com/produit/bourjois-f-d-t-always-n-120-ivoir-clair/,,,NO_MATCH,0,,,,No stock row matches enough brand/product/variant detail
SHEA-COS-81ED41120F3D,BOURJOIS F.D.T HEALTHY MIX ANTI FATIGUE,BOURJOIS,"N 52 ,VANILLE",BOURJOIS F.D.T HEALTHY MIX ANTI FATIGUE N 52 VANILLE,https://cosmeticstoredz.com/produit/bourjois-f-d-t-healthy-mix-anti-fatigue-n-52-vanille/,,,NO_MATCH,0,,,,No stock row matches enough brand/product/variant detail
SHEA-COS-1308A0F0D579,BOURJOIS F.D.T HEALTHY MIX ANTI FATIGUE,BOURJOIS,"N 53, BEIGE CLAIR",BOURJOIS F.D.T HEALTHY MIX ANTI FATIGUE N 53 BEIGE CLAIR,https://cosmeticstoredz.com/produit/bourjois-f-d-t-healthy-mix-anti-fatigue-n-53-beige-clair/,,,NO_MATCH,0,,,,No stock row matches enough brand/product/variant detail
SHEA-COS-952A81E7A8F0,BOURJOIS F.D.T HEALTHY MIX ANTI FATIGUE,BOURJOIS,"N52.5 ,BEIGE DORE",BOURJOIS F.D.T HEALTHY MIX ANTI FATIGUE N52.5 BEIGE DORE,https://cosmeticstoredz.com/produit/bourjois-f-d-t-healthy-mix-anti-fatigue-n52-5-beige-dore/,,,NO_MATCH,0,,,,No stock row matches enough brand/product/variant detail
SHEA-COS-A5196D72D8EC,BOURJOIS F.D.T HEALTHY MIX ANTI FATIGUE,BOURJOIS,"N 51, VANILLE CLAIR",BOURJOIS F.D.T HEALTHY MIX ANTI FATIGUE N 51 VANILLE CLAIR,https://cosmeticstoredz.com/produit/bourjois-f-d-t-healthy-mix-anti-fatigue-n-51-vanille-clair/,,,NO_MATCH,0,,,,No stock row matches enough brand/product/variant detail
SHEA-COS-970A4BC438ED,BOURJOIS FDT POWDER AIR MAT 02 LIGHT BEIGE,BOURJOIS,Default,BOURJOIS FDT POWDER AIR MAT 02 LIGHT BEIGE,https://cosmeticstoredz.com/produit/bourjois-fdt-powder-air-mat-02-light-beige/,,,NO_MATCH,0,,,,No stock row matches enough brand/product/variant detail
SHEA-COS-4244A0F08BE3,BOURJOIS GLOSS ROUGE VELVET INK LIQUIDE MATTE,BOURJOIS,"02 ,BELLE INCO NUDE",BOURJOIS GLOSS ROUGE VELVET INK LIQUIDE MATTE 02 BELLE INCO NUDE,https://cosmeticstoredz.com/produit/bourjois-gloss-rouge-velvet-ink-liquide-matte-02-belle-inco-nude/,,,NO_MATCH,0,,,,No stock row matches enough brand/product/variant detail
SHEA-COS-C0D2FBCA79AB,BOURJOIS GLOSS ROUGE VELVET INK LIQUIDE MATTE,BOURJOIS,"03 ,ROSE ME TENDER",BOURJOIS GLOSS ROUGE VELVET INK LIQUIDE MATTE 03 ROSE ME TENDER,https://cosmeticstoredz.com/produit/bourjois-gloss-rouge-velvet-ink-liquide-matte-03-rose-me-tender/,,,NO_MATCH,0,,,,No stock row matches enough brand/product/variant detail
SHEA-COS-FA09DE670769,BOURJOIS GLOSS ROUGE VELVET INK LIQUIDE MATTE,BOURJOIS,"06 ,ROSE ET MERVEILLE",BOURJOIS GLOSS ROUGE VELVET INK LIQUIDE MATTE 06 ROSE ET MERVEILLE,https://cosmeticstoredz.com/produit/bourjois-gloss-rouge-velvet-ink-liquide-matte-06-rose-et-merveille/,,,NO_MATCH,0,,,,No stock row matches enough brand/product/variant detail
SHEA-COS-D6BC9F37E4BD,BOURJOIS LINER BEAUX ART NOIR WATERPROOF,BOURJOIS,Default,BOURJOIS LINER BEAUX ART NOIR WATERPROOF,https://cosmeticstoredz.com/produit/bourjois-liner-beaux-art-noir-waterproof/,,,NO_MATCH,0,,,,No stock row matches enough brand/product/variant detail
SHEA-COS-AB1EC86E3F1D,BOURJOIS LINER FEUTRE SLIM 16 BLACK,BOURJOIS,Default,BOURJOIS LINER FEUTRE SLIM 16 BLACK,https://cosmeticstoredz.com/produit/bourjois-liner-feutre-slim-16-black/,,,NO_MATCH,0,,,,No stock row matches enough brand/product/variant detail
SHEA-COS-89758AD1EF5A,BOURJOIS MASCARA EFFET PUSH UP,BOURJOIS,Default,BOURJOIS MASCARA EFFET PUSH UP,https://cosmeticstoredz.com/produit/bourjois-mascara-effet-push-up/,,,NO_MATCH,0,,,,No stock row matches enough brand/product/variant detail
SHEA-COS-1AFAFB85CBD4,BOURJOIS MASCARA PUSH UP,BOURJOIS,Default,BOURJOIS MASCARA PUSH UP,https://cosmeticstoredz.com/produit/bourjois-mascara-push-up/,,,NO_MATCH,0,,,,No stock row matches enough brand/product/variant detail
SHEA-COS-EDD04CC3407A,BOURJOIS MASCARA PUSH UP,BOURJOIS,"WATERPROOF ,T71",BOURJOIS MASCARA PUSH UP WATERPROOF T71,https://cosmeticstoredz.com/produit/bourjois-mascara-push-up-waterproof-t71/,,,NO_MATCH,0,,,,No stock row matches enough brand/product/variant detail
SHEA-COS-96490D1C335A,BOURJOIS MASCARA TWIST,BOURJOIS,"LONG LASTING 24H ,T23",BOURJOIS MASCARA TWIST LONG LASTING 24H T23,https://cosmeticstoredz.com/produit/bourjois-mascara-twist-long-lasting-24h-t23/,,,NO_MATCH,0,,,,No stock row matches enough brand/product/variant detail
SHEA-COS-4A321FC1AAB6,BOURJOIS MASCARA TWIST,BOURJOIS,ULTRA BLACK T52,BOURJOIS MASCARA TWIST ULTRA BLACK T52,https://cosmeticstoredz.com/produit/bourjois-mascara-twist-ultra-black-t52/,,,NO_MATCH,0,,,,No stock row matches enough brand/product/variant detail
SHEA-COS-803965B337A9,BOURJOIS MASCARA VOLUME GLAMOUR,BOURJOIS,"COUP ,DE FOUDRE",BOURJOIS MASCARA VOLUME GLAMOUR COUP DE FOUDRE,https://cosmeticstoredz.com/produit/bourjois-mascara-volume-glamour-coup-de-foudre/,,,NO_MATCH,0,,,,No stock row matches enough brand/product/variant detail
SHEA-COS-F4AA0D7BF274,BOURJOIS MASCARA VOLUME GLAMOUR,BOURJOIS,"COUP ,DE THEATRE",BOURJOIS MASCARA VOLUME GLAMOUR COUP DE THEATRE,https://cosmeticstoredz.com/produit/bourjois-mascara-volume-glamour-coup-de-theatre/,,,NO_MATCH,0,,,,No stock row matches enough brand/product/variant detail
SHEA-COS-7462C30B59AC,BOURJOIS MASCARA VOLUME GLAMOUR,BOURJOIS,OH OUI,BOURJOIS MASCARA VOLUME GLAMOUR OH OUI,https://cosmeticstoredz.com/produit/bourjois-mascara-volume-glamour-oh-oui/,,,NO_MATCH,0,,,,No stock row matches enough brand/product/variant detail
SHEA-COS-6717F7099C58,BOURJOIS MASCARA VOLUME REVEAL,BOURJOIS,"RADIANT ,BLACK",BOURJOIS MASCARA VOLUME REVEAL RADIANT BLACK,https://cosmeticstoredz.com/produit/bourjois-mascara-volume-reveal-radiant-black/,,,NO_MATCH,0,,,,No stock row matches enough brand/product/variant detail
SHEA-COS-5F14811EED7E,BOURJOIS MASCARA VOLUME REVEAL,BOURJOIS,"ULTRA ,BLACK",BOURJOIS MASCARA VOLUME REVEAL ULTRA BLACK,https://cosmeticstoredz.com/produit/bourjois-mascara-volume-reveal-ultra-black/,,,NO_MATCH,0,,,,No stock row matches enough brand/product/variant detail
SHEA-COS-43F06FC9E9CF,BOURJOIS PALETTE SOURCILS,BOURJOIS,Default,BOURJOIS PALETTE SOURCILS,https://cosmeticstoredz.com/produit/bourjois-palette-sourcils/,,,NO_MATCH,0,,,,No stock row matches enough brand/product/variant detail
SHEA-COS-E5FC9E852EBF,BOURJOIS POUDRE HEALTHY MIX ANTI FATIGUE,BOURJOIS,"001 ,IVORY",BOURJOIS POUDRE HEALTHY MIX ANTI FATIGUE 001 IVORY,https://cosmeticstoredz.com/produit/bourjois-poudre-healthy-mix-anti-fatigue-001-ivory/,,,NO_MATCH,0,,,,No stock row matches enough brand/product/variant detail
SHEA-COS-BEAA9D523A35,BOURJOIS POUDRE HEALTHY MIX ANTI FATIGUE,BOURJOIS,"003 ,ROSE BEIGE",BOURJOIS POUDRE HEALTHY MIX ANTI FATIGUE 003 ROSE BEIGE,https://cosmeticstoredz.com/produit/bourjois-poudre-healthy-mix-anti-fatigue-003-rose-beige/,,,NO_MATCH,0,,,,No stock row matches enough brand/product/variant detail
SHEA-COS-60990DDAA343,BOURJOIS POUDRE LIBRE 01 PECHE,BOURJOIS,Default,BOURJOIS POUDRE LIBRE 01 PECHE,https://cosmeticstoredz.com/produit/bourjois-poudre-libre-01-peche/,,,NO_MATCH,0,,,,No stock row matches enough brand/product/variant detail
SHEA-COS-7255E23FEB2E,BOURJOIS PRIMER HEALTHY MIX 30ML,BOURJOIS,Default,BOURJOIS PRIMER HEALTHY MIX 30ML,https://cosmeticstoredz.com/produit/bourjois-primer-healthy-mix-30ml/,30ML,,NO_MATCH,0,,,,No stock row matches enough brand/product/variant detail
SHEA-COS-4227011D6888,BOURJOIS RAL VELVET INK MATTE,BOURJOIS,"N 09, ROUGE A REVES",BOURJOIS RAL VELVET INK MATTE N 09 ROUGE A REVES,https://cosmeticstoredz.com/produit/bourjois-ral-velvet-ink-matte-n-09-rouge-a-reves/,,,NO_MATCH,0,,,,No stock row matches enough brand/product/variant detail
SHEA-COS-FE71581533EB,BOURJOIS RAL VELVET INK MATTE,BOURJOIS,"N 10 ,RED BELLE",BOURJOIS RAL VELVET INK MATTE N 10 RED BELLE,https://cosmeticstoredz.com/produit/bourjois-ral-velvet-ink-matte-n-10-red-belle/,,,NO_MATCH,0,,,,No stock row matches enough brand/product/variant detail
SHEA-COS-926DF999640E,BOURJOIS VELVET THE PENCIL LIPSTICK 3 G,BOURJOIS,14 AMUSE ROUGE,BOURJOIS VELVET THE PENCIL LIPSTICK 3 G ? 014 AMUSE ROUGE,https://cosmeticstoredz.com/produit/bourjois-velvet-the-pencil-lipstick-3-g-014-amuse-rouge/,3G,,NO_MATCH,0,,,,No stock row matches enough brand/product/variant detail
SHEA-COS-55966459B1CE,BOURJOIS VELVET THE PENCIL LIPSTICK 3 G,BOURJOIS,016 ROUGZ DI’VIN,BOURJOIS VELVET THE PENCIL LIPSTICK 3 G ? 016 ROUGZ DI’VIN,https://cosmeticstoredz.com/produit/bourjois-velvet-the-pencil-lipstick-3-g-016-rougz-divin/,3G,,NO_MATCH,0,,,,No stock row matches enough brand/product/variant detail
SHEA-COS-E988FFBD24FB,CALLIDERM A/SHP SANS SULFATE HUILE,CALLIDERM,D AIL,CALLIDERM A/SHP SANS SULFATE HUILE D AIL,https://cosmeticstoredz.com/produit/calliderm-a-shp-sans-sulfate-huile-d-ail/,,,NO_MATCH,0,,,,No stock row matches enough brand/product/variant detail
SHEA-COS-892D7087F73B,CALLIDERM A/SHP SANS SULFATE HUILE,CALLIDERM,D AVOCAT,CALLIDERM A/SHP SANS SULFATE HUILE D AVOCAT,https://cosmeticstoredz.com/produit/calliderm-a-shp-sans-sulfate-huile-d-avocat/,,,NO_MATCH,0,,,,No stock row matches enough brand/product/variant detail
SHEA-COS-28245DA701D5,CALLIDERM A/SHP SANS SULFATE HUILE,CALLIDERM,DE JOJOBA,CALLIDERM A/SHP SANS SULFATE HUILE DE JOJOBA,https://cosmeticstoredz.com/produit/calliderm-a-shp-sans-sulfate-huile-de-jojoba/,,,NO_MATCH,0,,,,No stock row matches enough brand/product/variant detail
SHEA-COS-E47AD71226C5,CALLIDERM A/SHP SANS SULFATE HUILE,CALLIDERM,DE TOURNESOL,CALLIDERM A/SHP SANS SULFATE HUILE DE TOURNESOL,https://cosmeticstoredz.com/produit/calliderm-a-shp-sans-sulfate-huile-de-tournesol/,,,NO_MATCH,0,,,,No stock row matches enough brand/product/variant detail
SHEA-COS-A5B08B2DE813,CALLIDERM A/SHP SANS SULFATES,CALLIDERM,A LA KERATINE,CALLIDERM A/SHP SANS SULFATES A LA KERATINE,https://cosmeticstoredz.com/produit/calliderm-a-shp-sans-sulfates-a-la-keratine/,,,NO_MATCH,0,,,,No stock row matches enough brand/product/variant detail
SHEA-COS-97E6C46E1429,CALLIDERM A/SHP SANS SULFATES,CALLIDERM,ARGAN & KERATINE,CALLIDERM A/SHP SANS SULFATES ARGAN & KERATINE,https://cosmeticstoredz.com/produit/calliderm-a-shp-sans-sulfates-argan-keratine/,,,NO_MATCH,0,,,,No stock row matches enough brand/product/variant detail
SHEA-COS-AD8F6A6DF682,CALLIDERM A/SHP SANS SULFATES,CALLIDERM,EXTRAIT DE MIEL,CALLIDERM A/SHP SANS SULFATES EXTRAIT DE MIEL,https://cosmeticstoredz.com/produit/calliderm-a-shp-sans-sulfates-extrait-de-miel/,,,NO_MATCH,0,,,,No stock row matches enough brand/product/variant detail
SHEA-COS-C6A738223F19,CALLIDERM BRUME ABSOLUTELY,CALLIDERM,Default,CALLIDERM BRUME ABSOLUTELY,https://cosmeticstoredz.com/produit/calliderm-brume-absolutely/,,,NO_MATCH,0,,,,No stock row matches enough brand/product/variant detail
SHEA-COS-AF876E377DF9,CALLIDERM BRUME ABSOLUTELY,CALLIDERM,NOIR,CALLIDERM BRUME ABSOLUTELY NOIR,https://cosmeticstoredz.com/produit/calliderm-brume-absolutely-noir/,,,NO_MATCH,0,,,,No stock row matches enough brand/product/variant detail
SHEA-COS-6FA53633C0A7,CALLIDERM BRUME ABSOLUTELY,CALLIDERM,CALLIDERM BRUME EXRAVAGANT LADY,CALLIDERM BRUME EXRAVAGANT LADY,https://cosmeticstoredz.com/produit/calliderm-brume-exravagant-lady/,,,NO_MATCH,0,,,,No stock row matches enough brand/product/variant detail
SHEA-COS-DAA633B8FE9F,CALLIDERM BRUME LOVE EMOTION,CALLIDERM,Default,CALLIDERM BRUME LOVE EMOTION,https://cosmeticstoredz.com/produit/calliderm-brume-love-emotion/,,,NO_MATCH,0,,,,No stock row matches enough brand/product/variant detail
SHEA-COS-42511ED2D8F4,CALLIDERM CREME,CALLIDERM,ANTI RIDES,CALLIDERM CREME ANTI RIDES,https://cosmeticstoredz.com/produit/calliderm-creme-anti-rides/,,,NO_MATCH,0,,,,No stock row matches enough brand/product/variant detail
SHEA-COS-61BC1FBC06ED,CALLIDERM CREME,CALLIDERM,JOUR,CALLIDERM CREME JOUR,https://cosmeticstoredz.com/produit/calliderm-creme-jour/,,,NO_MATCH,0,,,,No stock row matches enough brand/product/variant detail
SHEA-COS-85C282DA2BD8,CALLIDERM CREME,CALLIDERM,MAIN & ONGLES,CALLIDERM CREME MAIN & ONGLES,https://cosmeticstoredz.com/produit/calliderm-creme-main-ongles/,,,NO_MATCH,0,,,,No stock row matches enough brand/product/variant detail
SHEA-COS-2235ED73AEE7,CALLIDERM CREME,CALLIDERM,MAIN MIEL,CALLIDERM CREME MAIN MIEL,https://cosmeticstoredz.com/produit/calliderm-creme-main-miel/,,,NO_MATCH,0,,,,No stock row matches enough brand/product/variant detail
SHEA-COS-DB7CD5885D59,CALLIDERM CREME,CALLIDERM,NUIT,CALLIDERM CREME NUIT,https://cosmeticstoredz.com/produit/calliderm-creme-nuit/,,,NO_MATCH,0,,,,No stock row matches enough brand/product/variant detail
SHEA-COS-D71F3EDFD4E5,CALLIDERM ECRAN TOTAL TEINTE,CALLIDERM,Default,CALLIDERM ECRAN TOTAL TEINTE,https://cosmeticstoredz.com/produit/calliderm-ecran-total-teinte/,,,NO_MATCH,0,,,,No stock row matches enough brand/product/variant detail
SHEA-COS-2850D8FCB772,CALLIDERM GEL DOUCHE EXTRAIT D’ALOE VERA,CALLIDERM,Default,CALLIDERM GEL DOUCHE EXTRAIT D’ALOE VERA,https://cosmeticstoredz.com/produit/calliderm-gel-douche-extrait-daloe-vera/,,,NO_MATCH,0,,,,No stock row matches enough brand/product/variant detail
SHEA-COS-13C57A0EF4F6,CALLIDERM GOMMAGE,CALLIDERM,CONCOMMBRE,CALLIDERM GOMMAGE CONCOMMBRE,https://cosmeticstoredz.com/produit/calliderm-gommage-concommbre/,,,NO_MATCH,0,,,,No stock row matches enough brand/product/variant detail
SHEA-COS-2635A7E4DAB6,CALLIDERM MASQUE,CALLIDERM,CONCOMBRE,CALLIDERM MASQUE CONCOMBRE,https://cosmeticstoredz.com/produit/calliderm-masque-concombre/,,,NO_MATCH,0,,,,No stock row matches enough brand/product/variant detail
SHEA-COS-8A3C42AE418D,CALLIDERM MASQUE VISAGE P-OFF,CALLIDERM,ABRICOT,CALLIDERM MASQUE VISAGE P-OFF ABRICOT,https://cosmeticstoredz.com/produit/calliderm-masque-visage-p-off-abricot/,,,NO_MATCH,0,,,,No stock row matches enough brand/product/variant detail
SHEA-COS-68E1C728E018,CALLIDERM MASQUE VISAGE P-OFF,CALLIDERM,CITRON,CALLIDERM MASQUE VISAGE P-OFF CITRON,https://cosmeticstoredz.com/produit/calliderm-masque-visage-p-off-citron/,,,NO_MATCH,0,,,,No stock row matches enough brand/product/variant detail
SHEA-COS-130BCED6F72D,CALLIDERM MASQUE VISAGE P-OFF,CALLIDERM,COCONUT,CALLIDERM MASQUE VISAGE P-OFF COCONUT,https://cosmeticstoredz.com/produit/calliderm-masque-visage-p-off-coconut/,,,NO_MATCH,0,,,,No stock row matches enough brand/product/variant detail
SHEA-COS-8A06879DBD4D,CALLIDERM SERUME,CALLIDERM,"GOLD ,30ML",CALLIDERM SERUME GOLD 30ML,https://cosmeticstoredz.com/produit/calliderm-serum-gold-30ml/,30ML,,NO_MATCH,0,,,,No stock row matches enough brand/product/variant detail
SHEA-COS-D0C077B68D4D,CALLIDERM SERUME,CALLIDERM,"GOLD ,50ML",CALLIDERM SERUME GOLD 50ML,https://cosmeticstoredz.com/produit/calliderm-serume-gold-50ml/,50ML,,NO_MATCH,0,,,,No stock row matches enough brand/product/variant detail
SHEA-COS-2B946A17CF01,CALLIDERM SHAMPOING,CALLIDERM,"500ML ,HUILE DE COCO",CALLIDERM SHAMPOING 500ML HUILE DE COCO,https://cosmeticstoredz.com/produit/calliderm-shampoing-500ml-huile-de-coco/,500ML,,NO_MATCH,0,,,,No stock row matches enough brand/product/variant detail
SHEA-COS-0D0837A329BA,CALLIDERM SHP,CALLIDERM,"500ML, A L AIL",CALLIDERM SHP 500ML A L AIL,https://cosmeticstoredz.com/produit/calliderm-shp-500ml-a-l-ail/,500ML,,NO_MATCH,0,,,,No stock row matches enough brand/product/variant detail
SHEA-COS-3C56A1255B9D,CALLIDERM SHP,CALLIDERM,"SANS SULFATE ,HUILE D AVOCAT",CALLIDERM SHP SANS SULFATE HUILE D AVOCAT,https://cosmeticstoredz.com/produit/calliderm-shp-sans-sulfate-huile-d-avocat/,,,NO_MATCH,0,,,,No stock row matches enough brand/product/variant detail
SHEA-COS-CA9296F8131E,CALLIDERM SHP,CALLIDERM,"SANS SULFATE ,HUILE TOURNESOL",CALLIDERM SHP SANS SULFATE HUILE TOURNESOL,https://cosmeticstoredz.com/produit/calliderm-shp-sans-sulfate-huile-tournesol/,,,NO_MATCH,0,,,,No stock row matches enough brand/product/variant detail
SHEA-COS-D0FFF5344CC2,CALLIDERM SHP,CALLIDERM,"SANS SULFATES, A LA KERATINE",CALLIDERM SHP SANS SULFATES A LA KERATINE,https://cosmeticstoredz.com/produit/calliderm-shp-sans-sulfates-a-la-keratine/,,,NO_MATCH,0,,,,No stock row matches enough brand/product/variant detail
SHEA-COS-36E100738C16,CALLIDERM SHP,CALLIDERM,"SANS SULFATES, ARGAN & KERATINE",CALLIDERM SHP SANS SULFATES ARGAN & KERATINE,https://cosmeticstoredz.com/produit/calliderm-shp-sans-sulfates-argan-keratine/,,,NO_MATCH,0,,,,No stock row matches enough brand/product/variant detail
SHEA-COS-62402618E10A,CALLIDERM SHP,CALLIDERM,"SANS SULFATES, EXTRAIT DE MIEL",CALLIDERM SHP SANS SULFATES EXTRAIT DE MIEL,https://cosmeticstoredz.com/produit/calliderm-shp-sans-sulfates-extrait-de-miel/,,,NO_MATCH,0,,,,No stock row matches enough brand/product/variant detail
SHEA-COS-AD8022879071,CALLIDERM SHP,CALLIDERM,"SANS SULFATES ,HUILE D ARGAN",CALLIDERM SHP SANS SULFATES HUILE D ARGAN,https://cosmeticstoredz.com/produit/calliderm-shp-sans-sulfates-huile-d-argan/,,,NO_MATCH,0,,,,No stock row matches enough brand/product/variant detail
SHEA-COS-C3818C570240,CALLIDERM SHP SANS SULFATE HUILE D AIL,CALLIDERM,Default,CALLIDERM SHP SANS SULFATE HUILE D AIL,https://cosmeticstoredz.com/produit/calliderm-shp-sans-sulfate-huile-d-ail/,,,NO_MATCH,0,,,,No stock row matches enough brand/product/variant detail
SHEA-COS-006B466FD8B6,CALLIDERME BB CREME,CALLIDERME,"SPF 20, 1 LIGHT",CALLIDERME BB CREME SPF 20 1 LIGHT,https://cosmeticstoredz.com/produit/calliderme-bb-creme-spf-20-1-light/,,,NO_MATCH,0,,,,No stock row matches enough brand/product/variant detail
SHEA-COS-D94C293BC16D,CALLIDERME BB CREME,CALLIDERME,"SPF 20 ,3 DARK",CALLIDERME BB CREME SPF 20 3 DARK,https://cosmeticstoredz.com/produit/calliderme-bb-creme-spf-20-3-dark/,,,NO_MATCH,0,,,,No stock row matches enough brand/product/variant detail
SHEA-COS-E34189FBB894,CALLIDERME CREME,CALLIDERME,"ANTI AGE COLLAGENE ACIDE HYALURONIQUE NUIT ,50ML",CALLIDERME CREME ANTI AGE COLLAGENE ACIDE HYALURONIQUE NUIT 50ML,https://cosmeticstoredz.com/produit/calliderme-creme-anti-age-collagene-acide-hyaluronique-nuit-50ml/,50ML,,NO_MATCH,0,,,,No stock row matches enough brand/product/variant detail
SHEA-COS-EEF461F872F3,CALLIDERME CREME,CALLIDERME,"ANTI RIDES NIACINAMIDE 24H ,50ML",CALLIDERME CREME ANTI RIDES NIACINAMIDE 24H 50ML,https://cosmeticstoredz.com/produit/calliderme-creme-anti-rides-niacinamide-24h-50ml/,50ML,,NO_MATCH,0,,,,No stock row matches enough brand/product/variant detail
SHEA-COS-B08F3DF13AFD,CANTU MASQUE CURLING CREAM,CANTU,Default,CANTU MASQUE CURLING CREAM,https://cosmeticstoredz.com/produit/cantu-masque-curling-cream/,,,NO_MATCH,0,,,,No stock row matches enough brand/product/variant detail
SHEA-COS-AD0CC212F267,CARELIA CREME MAIN,CARELIA,Default,CARELIA CREME MAIN,https://cosmeticstoredz.com/produit/carelia-creme-main/,,,NO_MATCH,0,,,,No stock row matches enough brand/product/variant detail
SHEA-COS-1A7ECAAB9AA3,CELCENES GEL MOUSSANT MICELLAIRE THERMALE PEAUX SECHES ET SENSIBLE,CELCENES,250ML,CELCENES GEL MOUSSANT MICELLAIRE THERMALE PEAUX SECHES ET SENSIBLE 250ML,https://cosmeticstoredz.com/produit/celcenes-gel-moussant-micellaire-thermale-peaux-seches-et-sensible-250ml/,250ML,,NO_MATCH,0,,,,No stock row matches enough brand/product/variant detail
SHEA-COS-E4A437675B8F,CELENES CREME,CELENES,GEL THERMAL VISAGE,CELENES CREME GEL THERMAL VISAGE,https://cosmeticstoredz.com/produit/celenes-creme-gel-thermal-visage/,,,NO_MATCH,0,,,,No stock row matches enough brand/product/variant detail
SHEA-COS-C1B99D3DAF6C,CELENES CREME,CELENES,"MAIN ANTI-AGE ,TOUT TYPE DE PEAUX",CELENES CREME MAIN ANTI-AGE TOUT TYPE DE PEAUX,https://cosmeticstoredz.com/produit/celenes-creme-main-anti-age-tout-type-de-peaux/,,,NO_MATCH,0,,,,No stock row matches enough brand/product/variant detail
SHEA-COS-DD80E689AAE0,CELENES CREME,CELENES,"SOLAIRE 100+ SPF, TOUT TYPE DE PEAUX",CELENES CREME SOLAIRE 100+ SPF TOUT TYPE DE PEAUX,https://cosmeticstoredz.com/produit/celenes-creme-solaire-100-spf-tout-type-de-peaux/,,,NO_MATCH,0,,,,No stock row matches enough brand/product/variant detail
SHEA-COS-EBCED31109E3,CELENES DEODORANT ROLL-ON THERMAL,CELENES,EFFET BLANCHISSANT,CELENES DEODORANT ROLL-ON THERMAL EFFET BLANCHISSANT,https://cosmeticstoredz.com/produit/celenes-deodorant-roll-on-thermal-effet-blanchissant/,,,NO_MATCH,0,,,,No stock row matches enough brand/product/variant detail
SHEA-COS-468824C7E293,CELENES DEODORANT ROLL-ON THERMAL,CELENES,TOUT TYPE DE PEAUX,CELENES DEODORANT ROLL-ON THERMAL TOUT TYPE DE PEAUX,https://cosmeticstoredz.com/produit/celenes-deodorant-roll-on-thermal-tout-type-de-peaux/,,,NO_MATCH,0,,,,No stock row matches enough brand/product/variant detail
SHEA-COS-11828BFC5EEA,CELENES EAU MICELLAIRE NETTOYANT A LA VITAMINE PEAUX,CELENES,Default,CELENES EAU MICELLAIRE NETTOYANT A LA VITAMINE PEAUX,https://cosmeticstoredz.com/produit/celenes-eau-micellaire-nettoyant-a-la-vitamine-peaux/,,,NO_MATCH,0,,,,No stock row matches enough brand/product/variant detail
SHEA-COS-CB4904EE47D0,CELENES EAU THERMALE MICELLAIRE NETTOYANTE,CELENES,PEAUX GRASSE A MIXTE,CELENES EAU THERMALE MICELLAIRE NETTOYANTE PEAUX GRASSE A MIXTE,https://cosmeticstoredz.com/produit/celenes-eau-thermale-micellaire-nettoyante-peaux-grasse-a-mixte/,,,NO_MATCH,0,,,,No stock row matches enough brand/product/variant detail
SHEA-COS-A861FE459768,CELENES EAU THERMALE MICELLAIRE NETTOYANTE,CELENES,PEAUX SECHES ET SENSIBLE,CELENES EAU THERMALE MICELLAIRE NETTOYANTE PEAUX SECHES ET SENSIBLE,https://cosmeticstoredz.com/produit/celenes-eau-thermale-micellaire-nettoyante-peaux-seches-et-sensible/,,,NO_MATCH,0,,,,No stock row matches enough brand/product/variant detail
SHEA-COS-DF8FBC46E29B,CELENES FLUIDE SOLAIRE TOUCHER,CELENES,"SEC 50+SPF ,TOUT TYPE DE PEAUX",CELENES FLUIDE SOLAIRE TOUCHER SEC 50+SPF TOUT TYPE DE PEAUX,https://cosmeticstoredz.com/produit/celenes-fluide-solaire-toucher-sec-50spf-tout-type-de-peaux/,,,NO_MATCH,0,,,,No stock row matches enough brand/product/variant detail
SHEA-COS-0A9CF2109A81,CELENES GEL MOUSSANT A LA VITMINE C,CELENES,PEAUX MIXTE A GRASSE,CELENES GEL MOUSSANT A LA VITMINE C PEAUX MIXTE A GRASSE,https://cosmeticstoredz.com/produit/celenes-gel-moussant-a-la-vitmine-c-peaux-mixte-a-grasse/,,,NO_MATCH,0,,,,No stock row matches enough brand/product/variant detail
SHEA-COS-839B951A17C2,CELENES GEL MOUSSANT MICELLAIRE THERMALE,CELENES,PEAUX GRASSE A MIXTE,CELENES GEL MOUSSANT MICELLAIRE THERMALE PEAUX GRASSE A MIXTE,https://cosmeticstoredz.com/produit/celenes-gel-moussant-micellaire-thermale-peaux-grasse-a-mixte/,,,NO_MATCH,0,,,,No stock row matches enough brand/product/variant detail
SHEA-COS-798D7BBD1648,CELENES LOTION CORPORELLE A LA VITAMINE C,CELENES,TOUT TYPE DE PEAUX,CELENES LOTION CORPORELLE A LA VITAMINE C TOUT TYPE DE PEAUX,https://cosmeticstoredz.com/produit/celenes-lotion-corporelle-a-la-vitamine-c-tout-type-de-peaux/,,,NO_MATCH,0,,,,No stock row matches enough brand/product/variant detail
SHEA-COS-94ECEFD1068A,CELENES NOTTOYANT THERMAL 3EN 1,CELENES,TOUT TYPE DE PEAUX,CELENES NOTTOYANT THERMAL 3EN 1 TOUT TYPE DE PEAUX,https://cosmeticstoredz.com/produit/celenes-nottoyant-thermal-3en-1-tout-type-de-peaux/,,,NO_MATCH,0,,,,No stock row matches enough brand/product/variant detail
SHEA-COS-4F206D66142A,CELENES SERUM DETOX ENERGISANT 3EN1,CELENES,TOUT TYPE DE PEAUX,CELENES SERUM DETOX ENERGISANT 3EN1 TOUT TYPE DE PEAUX,https://cosmeticstoredz.com/produit/celenes-serum-detox-energisant-3en1-tout-type-de-aux/,,,NO_MATCH,0,,,,No stock row matches enough brand/product/variant detail
SHEA-COS-8EFE6545CCFA,CELENES SPRAY AQUA THERMALE TOUT TYPE DE PEAUX,CELENES,Default,CELENES SPRAY AQUA THERMALE TOUT TYPE DE PEAUX,https://cosmeticstoredz.com/produit/celenes-spray-aqua-thermale-tout-type-de-peaux/,,,NO_MATCH,0,,,,No stock row matches enough brand/product/variant detail
SHEA-COS-4F8E6EAA3AED,CENTELLA AMPOULE,CENTELLA,"CALMING AND HYDRATING ,100ML",CENTELLA AMPOULE CALMING AND HYDRATING 100ML,https://cosmeticstoredz.com/produit/centella-ampoule-calming-and-hydrating-100ml/,100ML,,NO_MATCH,0,,,,No stock row matches enough brand/product/variant detail
SHEA-COS-8D0F771799B4,CENTELLA AMPOULE,CENTELLA,"FOAM ,1250ML",CENTELLA AMPOULE FOAM 1250ML,https://cosmeticstoredz.com/produit/centella-ampoule-foam-1250ml/,1250ML,,NO_MATCH,0,,,,No stock row matches enough brand/product/variant detail
SHEA-COS-DD6569A62515,CENTELLA AMPOULE,CENTELLA,KIT,CENTELLA AMPOULE KIT,https://cosmeticstoredz.com/produit/centella-ampoule-kit/,,,NO_MATCH,0,,,,No stock row matches enough brand/product/variant detail
SHEA-COS-81E4F2C537B1,CENTELLA HYALU CICA BRIGHTENING TINER,CENTELLA,210ML,CENTELLA HYALU CICA BRIGHTENING TINER 210ML,https://cosmeticstoredz.com/produit/centella-hyalu-cica-brightening-tiner-210ml/,210ML,,NO_MATCH,0,,,,No stock row matches enough brand/product/variant detail
SHEA-COS-7BFE1FE391B2,CENTELLA HYALU CICA FIRST AMPOULE,CENTELLA,100ML,CENTELLA HYALU CICA FIRST AMPOULE 100ML,https://cosmeticstoredz.com/produit/centella-hyalu-cica-first-ampoule-100ml/,100ML,,NO_MATCH,0,,,,No stock row matches enough brand/product/variant detail
SHEA-COS-4F70913D0270,CENTELLA HYALU-CICA WATER FIT SUN SERUM,CENTELLA,"50+SPF ,PA++++",CENTELLA HYALU-CICA WATER FIT SUN SERUM 50+SPF PA++++,https://cosmeticstoredz.com/produit/centella-hyalu-cica-water-fit-sun-serum-50spf-pa/,,,NO_MATCH,0,,,,No stock row matches enough brand/product/variant detail
SHEA-COS-7711A5E06C34,CENTELLA POREMIZING,CENTELLA,"DEEP CLEANSING FOAM ,125ML",CENTELLA POREMIZING DEEP CLEANSING FOAM 125ML,https://cosmeticstoredz.com/produit/centella-poremizing-deep-cleansing-foam-125ml/,125ML,,NO_MATCH,0,,,,No stock row matches enough brand/product/variant detail
SHEA-COS-549B7917AA6E,CENTELLA PROBIO CICA BAKUCHIOL EYE CREAM CREME YEUX,CENTELLA,20ML,CENTELLA PROBIO CICA BAKUCHIOL EYE CREAM CREME YEUX 20ML,https://cosmeticstoredz.com/produit/centella-probio-cica-bakuchiol-eye-cream-creme-yeux-20ml/,20ML,,NO_MATCH,0,,,,No stock row matches enough brand/product/variant detail
SHEA-COS-43C91132603E,CENTELLA PROBIO CICA ENRICH CREAM,CENTELLA,Default,CENTELLA PROBIO CICA ENRICH CREAM,https://cosmeticstoredz.com/produit/centella-probio-cica-enrich-cream/,,,NO_MATCH,0,,,,No stock row matches enough brand/product/variant detail
SHEA-COS-A09971705AB5,CENTELLA TEA TRICA RELIEF AMPOULE,CENTELLA,100ML,CENTELLA TEA TRICA RELIEF AMPOULE 100ML,https://cosmeticstoredz.com/produit/centella-tea-trica-relief-ampoule-100ml/,100ML,,NO_MATCH,0,,,,No stock row matches enough brand/product/variant detail
SHEA-COS-E98FC07DA233,CENTELLA TRAVEL KIT,CENTELLA,Default,CENTELLA TRAVEL KIT,https://cosmeticstoredz.com/produit/centella-travel-kit/,,,NO_MATCH,0,,,,No stock row matches enough brand/product/variant detail
SHEA-COS-1E4774E33A55,CENTILLA PROMIZING FRESH AMPOULE,CENTILLA,100ML,CENTILLA PROMIZING FRESH AMPOULE 100ML,https://cosmeticstoredz.com/produit/centilla-promizing-fresh-ampoule-100ml/,100ML,,NO_MATCH,0,,,,No stock row matches enough brand/product/variant detail
SHEA-COS-C1D03C5A3778,CERAVE FACIAL LOTION,CERAVE,Default,CERAVE FACIAL LOTION,https://cosmeticstoredz.com/produit/cerave-facial-lotion/,,,NO_MATCH,0,,,,No stock row matches enough brand/product/variant detail
SHEA-COS-8430D9C61ED9,CERAVE HYDRATING ACID SERUM,CERAVE,Default,CERAVE HYDRATING ACID SERUM,https://cosmeticstoredz.com/produit/cerave-hydrating-acid-serum/,,,NO_MATCH,0,,,,No stock row matches enough brand/product/variant detail
SHEA-COS-C24D979BA076,CERAVE SKIN RENEWING NIGHTLY EXFOLIATING TREATMENT,CERAVE,Default,CERAVE SKIN RENEWING NIGHTLY EXFOLIATING TREATMENT,https://cosmeticstoredz.com/produit/cerave-skin-renewing-nightly-exfoliating-treatment/,,,NO_MATCH,0,,,,No stock row matches enough brand/product/variant detail
SHEA-COS-9DDDDED32B4E,CHALINE BRONZAGE HUILE,CHALINE,10SPF,CHALINE BRONZAGE HUILE 10SPF,https://cosmeticstoredz.com/produit/chaline-bronzage-huile-10spf/,,,NO_MATCH,0,,,,No stock row matches enough brand/product/variant detail
SHEA-COS-ADC57B132C74,CHALINE BRONZAGE HUILE,CHALINE,30 SPF,CHALINE BRONZAGE HUILE 30 SPF,https://cosmeticstoredz.com/produit/chaline-bronzage-huile-30-spf/,,,NO_MATCH,0,,,,No stock row matches enough brand/product/variant detail
SHEA-COS-EFC44F4ECEB2,CHALINE BRUME,CHALINE,AMIRAAT EL ARAB,CHALINE BRUME AMIRAAT EL ARAB,https://cosmeticstoredz.com/produit/chaline-brum-amiraat-el-arab/,,,NO_MATCH,0,,,,No stock row matches enough brand/product/variant detail
SHEA-COS-4ED57BBC2349,CHALINE BRUME,CHALINE,CHERIE APHRODITE,CHALINE BRUME CHERIE APHRODITE,https://cosmeticstoredz.com/produit/chaline-brume-cherie-aphrodite/,,,NO_MATCH,0,,,,No stock row matches enough brand/product/variant detail
SHEA-COS-0223B5C5591F,CHALINE BRUME PARFUMEE CHEVEUX ET CORPS,CHALINE,"180ML ,BLUE",CHALINE BRUME PARFUMEE CHEVEUX ET CORPS 180ML BLUE,https://cosmeticstoredz.com/produit/chaline-brume-parfumee-cheveux-et-corps-180ml-blue/,180ML,,NO_MATCH,0,,,,No stock row matches enough brand/product/variant detail
SHEA-COS-AFF48BA122E4,CHALINE BRUME PARFUMEE CHEVEUX ET CORPS,CHALINE,"180ML ,FLORAL",CHALINE BRUME PARFUMEE CHEVEUX ET CORPS 180ML FLORAL,https://cosmeticstoredz.com/produit/chaline-brume-parfumee-cheveux-et-corps-180ml-floral/,180ML,,NO_MATCH,0,,,,No stock row matches enough brand/product/variant detail
SHEA-COS-5EBCC5BCB4E0,CHALINE BRUME PARFUMEE CHEVEUX ET CORPS,CHALINE,"180ML ,IRIS",CHALINE BRUME PARFUMEE CHEVEUX ET CORPS 180ML IRIS,https://cosmeticstoredz.com/produit/chaline-brume-parfumee-cheveux-et-corps-180ml-iris/,180ML,,NO_MATCH,0,,,,No stock row matches enough brand/product/variant detail
SHEA-COS-C88B4AAC0CE9,CHALINE CREME CAPILLAIRE BOUCLES,CHALINE,Default,CHALINE CREME CAPILLAIRE BOUCLES,https://cosmeticstoredz.com/produit/chaline-creme-capillaire-boucles/,,,NO_MATCH,0,,,,No stock row matches enough brand/product/variant detail
SHEA-COS-3BEE0D2B91B1,CHALINE CREME DE NUIT,CHALINE,Default,CHALINE CREME DE NUIT,https://cosmeticstoredz.com/produit/chaline-creme-de-nuit/,,,NO_MATCH,0,,,,No stock row matches enough brand/product/variant detail
SHEA-COS-DC6DE673BD88,CHALINE CREME DE NUIT,CHALINE,"Q10 ,EFFET ANTI RIDES",CHALINE CREME DE NUIT Q10 EFFET ANTI RIDES,https://cosmeticstoredz.com/produit/chaline-creme-de-nuit-q10-effet-anti-rides/,,,NO_MATCH,0,,,,No stock row matches enough brand/product/variant detail
SHEA-COS-FC7C88AE966B,CHALINE CREME ECLAIRCISSANTE TEINT UNIFORME VISAGE ET CORPS,CHALINE,Default,CHALINE CREME ECLAIRCISSANTE TEINT UNIFORME VISAGE ET CORPS,https://cosmeticstoredz.com/produit/chaline-creme-eclaircissante-teint-uniforme-visage-et-corps/,,,NO_MATCH,0,,,,No stock row matches enough brand/product/variant detail
SHEA-COS-637B96A6B70E,CHALINE CREME PIEDS 100ML ANTI CALLOSITES,CHALINE,Default,CHALINE CREME PIEDS 100ML ANTI CALLOSITES,https://cosmeticstoredz.com/produit/chaline-creme-pieds-100ml-anti-callosites/,100ML,,NO_MATCH,0,,,,No stock row matches enough brand/product/variant detail
SHEA-COS-5973ABC5AF4B,CHALINE ECRAN TOTAL INVISIBLE,CHALINE,Default,CHALINE ECRAN TOTAL INVISIBLE,https://cosmeticstoredz.com/produit/chaline-ecran-total-invisible/,,,NO_MATCH,0,,,,No stock row matches enough brand/product/variant detail
SHEA-COS-805AA68A6EE4,CHALINE SERUM,CHALINE,"80ML ,CHVX FRISES ET BOUCLE",CHALINE SERUM 80ML CHVX FRISES ET BOUCLE,https://cosmeticstoredz.com/produit/chaline-serum-80ml-chvx-frises-et-boucle/,80ML,,NO_MATCH,0,,,,No stock row matches enough brand/product/variant detail
SHEA-COS-909F5CFC6686,CHALINE SERUM VISAGE,CHALINE,"ACIDE HYALURONIQUE ,30ML",CHALINE SERUM VISAGE ACIDE HYALURONIQUE 30ML,https://cosmeticstoredz.com/produit/chaline-serum-visage-acide-hyaluronique-30ml/,30ML,,NO_MATCH,0,,,,No stock row matches enough brand/product/variant detail
SHEA-COS-C8AEBC219815,CHALINE SERUM VISAGE,CHALINE,"AUX ALGUES MARINES ,VITAMINE B3 ,VITAMINE E, EFFET LIFTING",CHALINE SERUM VISAGE AUX ALGUES MARINES VITAMINE B3 VITAMINE E EFFET LIFTING,https://cosmeticstoredz.com/produit/chaline-serum-visage-aux-algues-marines-vitamine-b3-vitamine-e-effet-lifting/,,,NO_MATCH,0,,,,No stock row matches enough brand/product/variant detail
SHEA-COS-727F205DC8E3,CHALINE SERUM VISAGE,CHALINE,"NIACINAMIDE, 30ML",CHALINE SERUM VISAGE NIACINAMIDE 30ML,https://cosmeticstoredz.com/produit/chaline-serum-visage-niacinamide-30ml/,30ML,,NO_MATCH,0,,,,No stock row matches enough brand/product/variant detail
SHEA-COS-25F2762E01BF,CHALINE SERUM VISAGE,CHALINE,"Q10 ACIDE HYALURONIQUE, VITAMINE C, VITAMINE E ,EFFET ANTI RIDES",CHALINE SERUM VISAGE Q10 ACIDE HYALURONIQUE VITAMINE C VITAMINE E EFFET ANTI RIDES,https://cosmeticstoredz.com/produit/chaline-serum-visage-q10-acide-hyaluronique-vitamine-c-vitamine-e-effet-anti-rides/,,,NO_MATCH,0,,,,No stock row matches enough brand/product/variant detail
SHEA-COS-8AB3734E68C3,CHALINE SERUM VISAGE,CHALINE,"VITAMINE C ,30ML",CHALINE SERUM VISAGE VITAMINE C 30ML,https://cosmeticstoredz.com/produit/chaline-serum-visage-vitamine-c-30ml/,30ML,,NO_MATCH,0,,,,No stock row matches enough brand/product/variant detail
SHEA-COS-6086F1FE053F,CHALINE SHINE BEAUTY SERUM VISAGE,CHALINE,"95% ALOE VERA ,2% PANTHENOM",CHALINE SHINE BEAUTY SERUM VISAGE 95% ALOE VERA 2% PANTHENOM,https://cosmeticstoredz.com/produit/chaline-shine-beauty-serum-visage-95-aloe-vera-2-panthenom/,,,NO_MATCH,0,,,,No stock row matches enough brand/product/variant detail
SHEA-COS-CB94149E6FD8,CHALINE SHP SANS SULFATE A L HUILE D AMANDE,CHALINE,Default,CHALINE SHP SANS SULFATE A L HUILE D AMANDE,https://cosmeticstoredz.com/produit/chaline-shp-sans-sulfate-a-l-huile-d-amande/,,,NO_MATCH,0,,,,No stock row matches enough brand/product/variant detail
SHEA-COS-840E460D3A09,CHALINE THERMO-PROTECTEUR MAX LISS,CHALINE,Default,CHALINE THERMO-PROTECTEUR MAX LISS,https://cosmeticstoredz.com/produit/chaline-thermo-protecteur-max-liss/,,,NO_MATCH,0,,,,No stock row matches enough brand/product/variant detail
SHEA-COS-8FD79DDD17D4,CHALINE VASELINE CREME HYDRATANTE,CHALINE,"100ML ,AU CITRON",CHALINE VASELINE CREME HYDRATANTE 100ML AU CITRON,https://cosmeticstoredz.com/produit/chaline-vaseline-creme-hydratante-100ml-au-citron/,100ML,,NO_MATCH,0,,,,No stock row matches enough brand/product/variant detail
SHEA-COS-89D2FAE58F05,CHALINE VASELINE CREME HYDRATANTE,CHALINE,"100ML ,BEURRE DE CACAO",CHALINE VASELINE CREME HYDRATANTE 100ML BEURRE DE CACAO,https://cosmeticstoredz.com/produit/chaline-vaseline-creme-hydratante-100ml-beurre-de-cacao/,100ML,,NO_MATCH,0,,,,No stock row matches enough brand/product/variant detail
SHEA-COS-26DED141F068,CHALINE VASELINE CREME HYDRATANTE,CHALINE,"100ML ,ROSE ROSE",CHALINE VASELINE CREME HYDRATANTE 100ML ROSE ROSE,https://cosmeticstoredz.com/produit/chaline-vaseline-creme-hydratante-100ml-rose-rose/,100ML,,NO_MATCH,0,,,,No stock row matches enough brand/product/variant detail
SHEA-COS-267872DE447E,CHALINE VASELINE CREME INTENSIVE,CHALINE,"CARE ,65G",CHALINE VASELINE CREME INTENSIVE CARE 65G,https://cosmeticstoredz.com/produit/chaline-vaseline-creme-intensive-care-65g/,65G,,NO_MATCH,0,,,,No stock row matches enough brand/product/variant detail
SHEA-COS-71BDAE8234B2,CHLINE CREME DE JOUR,CHLINE,Default,CHLINE CREME DE JOUR,https://cosmeticstoredz.com/produit/chline-creme-de-jour/,,,NO_MATCH,0,,,,No stock row matches enough brand/product/variant detail
SHEA-COS-FE061F936072,CLARISTONE MASQUE DE NUIT,CLARISTONE,"280ML ,ROUTINE DE REVE FOUGERE",CLARISTONE MASQUE DE NUIT 280ML ROUTINE DE REVE FOUGERE,https://cosmeticstoredz.com/produit/claristone-masque-de-nuit-280ml-routine-de-reve-fougere/,280ML,,NO_MATCH,0,,,,No stock row matches enough brand/product/variant detail
SHEA-COS-020C66FF6437,CLARISTONE MASQUE REPARATEUR,CLARISTONE,"60ML ,COCONUT AVEC APPLICATEUR",CLARISTONE MASQUE REPARATEUR 60ML COCONUT AVEC APPLICATEUR,https://cosmeticstoredz.com/produit/claristone-masque-reparateur-60ml-coconut-avec-applicateur/,60ML,,NO_MATCH,0,,,,No stock row matches enough brand/product/variant detail
SHEA-COS-41223CE8467A,CLEAR SHOMPOING,CLEAR,"CLEAR SHP, 250ML, PURIFICATION INTENSE",CLEAR SHP 250ML PURIFICATION INTENSE,https://cosmeticstoredz.com/produit/clear-shp-250ml-purification-intense/,250ML,,NO_MATCH,0,,,,No stock row matches enough brand/product/variant detail
SHEA-COS-A4E45E833A67,CLEAR SHP,CLEAR,"360ML ,PURIFICATION INTENSE",CLEAR SHP 360ML PURIFICATION INTENSE,https://cosmeticstoredz.com/produit/clear-shp-360ml-purification-intense/,360ML,,NO_MATCH,0,,,,No stock row matches enough brand/product/variant detail
SHEA-COS-9C57E6DE4608,COLGATE DENTIFRISE ANTI TARTE + BLANCHEUR 75ML,COLGATE,Default,COLGATE DENTIFRISE ANTI TARTE + BLANCHEUR 75ML,https://cosmeticstoredz.com/produit/colgate-dentifrise-anti-tarte-blancheur-75ml/,75ML,,NO_MATCH,0,,,,No stock row matches enough brand/product/variant detail
SHEA-COS-BC76C25A6E71,COLGATE DENTIFRISE DEEP CLEAN WHITENING,COLGATE,Default,COLGATE DENTIFRISE DEEP CLEAN WHITENING,https://cosmeticstoredz.com/produit/colgate-dentifrise-deep-clean-whitening/,,,NO_MATCH,0,,,,No stock row matches enough brand/product/variant detail
SHEA-COS-01CE6300B50B,COLORRISTA SHP TUBE,COLORRISTA,Default,COLORRISTA SHP TUBE,https://cosmeticstoredz.com/produit/colorrista-shp-tube/,,,NO_MATCH,0,,,,No stock row matches enough brand/product/variant detail
SHEA-COS-0B6D4A884029,COSRX ADVENCED SNAIL PEPTIDE EYE CREAM,COSRX,Default,COSRX ADVENCED SNAIL PEPTIDE EYE CREAM,https://cosmeticstoredz.com/produit/cosrx-advenced-snail-peptide-eye-cream/,,,NO_MATCH,0,,,,No stock row matches enough brand/product/variant detail
SHEA-COS-75B5F3B84AF9,COSRX ALOE SOOTHING SUN CREAM 50+ spf,COSRX,Default,COSRX ALOE SOOTHING SUN CREAM 50+ spf,https://cosmeticstoredz.com/produit/cosrx-aloe-soothing-sun-cream-50-spf/,,,NO_MATCH,0,,,,No stock row matches enough brand/product/variant detail
SHEA-COS-00BBCB97136C,DAHLIA SERUM,DAHLIA,FORTIFIANT A L’HUILE D’ARGAN,DAHLIA SERUM FORTIFIANT A L’HUILE D’ARGAN,https://cosmeticstoredz.com/produit/dahlia-serum-fortifiant-a-lhuile-dargan/,,,NO_MATCH,0,,,,No stock row matches enough brand/product/variant detail
SHEA-COS-C5C30F84B517,DAHLIA SERUM,DAHLIA,NUTRITION A L’HUILE D’ONAGRE,DAHLIA SERUM NUTRITION A L’HUILE D’ONAGRE,https://cosmeticstoredz.com/produit/dahlia-serum-nutrition-a-lhuile-donagre/,,,NO_MATCH,0,,,,No stock row matches enough brand/product/variant detail
SHEA-COS-1463B707F1A1,DAHLIA SERUM ABSOLUT REPAIR AU COMPLEXE LIPIDIUM,DAHLIA,Default,DAHLIA SERUM ABSOLUT REPAIR AU COMPLEXE LIPIDIUM,https://cosmeticstoredz.com/produit/dahlia-serum-absolut-repair-au-complexe-lipidium/,,,NO_MATCH,0,,,,No stock row matches enough brand/product/variant detail
SHEA-COS-6E75CA60CEC0,DAYLONG EXTREME 50+SPF TRES HAUTE PROTECTION,DAYLONG,100ML,DAYLONG EXTREME 50+SPF TRES HAUTE PROTECTION 100ML,https://cosmeticstoredz.com/produit/daylong-extreme-50spf-tres-haute-protection-100ml/,100ML,,NO_MATCH,0,,,,No stock row matches enough brand/product/variant detail
SHEA-COS-A9C13F5A472B,DAYLONG EXTREME 50+SPF TRES HAUTE PROTECTION,DAYLONG,50ML,DAYLONG EXTREME 50+SPF TRES HAUTE PROTECTION 50ML,https://cosmeticstoredz.com/produit/daylong-extreme-50spf-tres-haute-protection-50ml/,50ML,,NO_MATCH,0,,,,No stock row matches enough brand/product/variant detail
SHEA-COS-94670EE5E78A,DEO SPLELNDID,DEO,"200ML, XENON",DEO SPLELNDID 200ML XENON,https://cosmeticstoredz.com/produit/deo-splelndid-200ml-xenon/,200ML,,NO_MATCH,0,,,,No stock row matches enough brand/product/variant detail
SHEA-COS-83ECE9C89124,DEO VENUS,DEO,"200ML, FEMME ELIXIR FLORAL",DEO VENUS 200ML FEMME ELIXIR FLORAL,https://cosmeticstoredz.com/produit/deo-venus-200ml-femme-elixir-floral/,200ML,,NO_MATCH,0,,,,No stock row matches enough brand/product/variant detail
SHEA-COS-CAB6ECFDD251,DEO VENUS,DEO,"200ML, FEMME EDEN STAR",DEO VENUS 200ML FEMME EDEN STAR,https://cosmeticstoredz.com/produit/deo-venus-200ml-femme-eden-star/,200ML,,NO_MATCH,0,,,,No stock row matches enough brand/product/variant detail
SHEA-COS-A7CF5454A80B,DEO VENUS,DEO,"200ML, FEMME FLORAL",DEO VENUS 200ML FEMME FLORAL,https://cosmeticstoredz.com/produit/deo-venus-200ml-femme-floral/,200ML,,NO_MATCH,0,,,,No stock row matches enough brand/product/variant detail
SHEA-COS-E0FEB8FC8D3F,DEO VENUS,DEO,"200ML ,FEMME GLAMOUR LOVE",DEO VENUS 200ML FEMME GLAMOUR LOVE,https://cosmeticstoredz.com/produit/deo-venus-200ml-femme-glamour-love/,200ML,,NO_MATCH,0,,,,No stock row matches enough brand/product/variant detail
SHEA-COS-CAECAF227E07,DEP MIM CIRE FROIDE CORP PATCH,DEP,CITRON,DEP MIM CIRE FROIDE CORP PATCH CITRON,https://cosmeticstoredz.com/produit/dep-mim-cire-froide-corp-patch-citron/,,,NO_MATCH,0,,,,No stock row matches enough brand/product/variant detail
SHEA-COS-CF2F533C0286,DEP MIM CIRE FROIDE CORP PATCH,DEP,FRAISE,DEP MIM CIRE FROIDE CORP PATCH FRAISE,https://cosmeticstoredz.com/produit/dep-mim-cire-froide-corp-patch-fraise/,,,NO_MATCH,0,,,,No stock row matches enough brand/product/variant detail
SHEA-COS-B061786F0B10,DEP MIM CIRE FROIDE CORP PATCH,DEP,JASMIN,DEP MIM CIRE FROIDE CORP PATCH JASMIN,https://cosmeticstoredz.com/produit/dep-mim-cire-froide-corp-patch-jasmin/,,,NO_MATCH,0,,,,No stock row matches enough brand/product/variant detail
SHEA-COS-E89953E27B4F,DEP MIM CIRE FROIDE CORP PATCH,DEP,MIEL,DEP MIM CIRE FROIDE CORP PATCH MIEL,https://cosmeticstoredz.com/produit/dep-mim-cire-froide-corp-patch-miel/,,,NO_MATCH,0,,,,No stock row matches enough brand/product/variant detail
SHEA-COS-F0C7C6EAE75F,DEP MIM CIRE FROIDE CORP PATCH,DEP,POMME,DEP MIM CIRE FROIDE CORP PATCH POMME,https://cosmeticstoredz.com/produit/dep-mim-cire-froide-corp-patch-pomme/,,,NO_MATCH,0,,,,No stock row matches enough brand/product/variant detail
SHEA-COS-A7BB7C3E08B2,DERMAB CREME DE JOUR,DERMAB,40ML,DERMAB CREME DE JOUR 40ML,https://cosmeticstoredz.com/produit/dermab-creme-de-jour-40ml/,40ML,,NO_MATCH,0,,,,No stock row matches enough brand/product/variant detail
SHEA-COS-8325BB55FAE0,DERMAB CREME SOLAIRE PROTECTION EXTREME 50+SPF,DERMAB,Default,DERMAB CREME SOLAIRE PROTECTION EXTREME 50+SPF,https://cosmeticstoredz.com/produit/dermab-creme-solaire-protection-extreme-50spf/,,,NO_MATCH,0,,,,No stock row matches enough brand/product/variant detail
SHEA-COS-382E33C5B5F6,DERMACTIVE A/SHP,DERMACTIVE,370ML COCONUT,DERMACTIVE A/SHP 370ML COCONUT,https://cosmeticstoredz.com/produit/dermactive-a-shp-370ml-coconut/,370ML,,NO_MATCH,0,,,,No stock row matches enough brand/product/variant detail
SHEA-COS-100A920FE7BE,DERMACTIVE A/SHP,DERMACTIVE,370ML KERATINE,DERMACTIVE A/SHP 370ML KERATINE,https://cosmeticstoredz.com/produit/dermactive-a-shp-370ml-keratine/,370ML,,NO_MATCH,0,,,,No stock row matches enough brand/product/variant detail
SHEA-COS-D39B0BE6F408,DERMACTIVE A/SHP,DERMACTIVE,A BASE D AIL,DERMACTIVE A/SHP A BASE D AIL,https://cosmeticstoredz.com/produit/dermactive-a-shp-a-base-d-ail/,,,NO_MATCH,0,,,,No stock row matches enough brand/product/variant detail
SHEA-COS-A752D867D741,DERMACTIVE A/SHP,DERMACTIVE,BAMBOU,DERMACTIVE A/SHP BAMBOU,https://cosmeticstoredz.com/produit/dermactive-a-shp-bambou/,,,NO_MATCH,0,,,,No stock row matches enough brand/product/variant detail
SHEA-COS-1FAC049FE1C4,DERMACTIVE A/SHP,DERMACTIVE,FRIZZ,DERMACTIVE A/SHP FRIZZ,https://cosmeticstoredz.com/produit/dermactive-a-shp-frizz/,,,NO_MATCH,0,,,,No stock row matches enough brand/product/variant detail
SHEA-COS-6E4BF084F13B,DERMACTIVE A/SHP,DERMACTIVE,FULL REPAIR,DERMACTIVE A/SHP FULL REPAIR,https://cosmeticstoredz.com/produit/dermactive-a-shp-full-repair/,,,NO_MATCH,0,,,,No stock row matches enough brand/product/variant detail
SHEA-COS-6F8B18D56F5D,DERMACTIVE A/SHP,DERMACTIVE,"HUILE ,D ARGAN",DERMACTIVE A/SHP HUILE D ARGAN,https://cosmeticstoredz.com/produit/dermactive-a-shp-huile-d-argan/,,,NO_MATCH,0,,,,No stock row matches enough brand/product/variant detail
SHEA-COS-4E1357903A41,DERMACTIVE A/SHP,DERMACTIVE,"HUILE, DE COCONUT",DERMACTIVE A/SHP HUILE DE COCONUT,https://cosmeticstoredz.com/produit/dermactive-a-shp-huile-de-coconut/,,,NO_MATCH,0,,,,No stock row matches enough brand/product/variant detail
SHEA-COS-6BD0DA5E0BA5,DERMACTIVE A/SHP,DERMACTIVE,MACADAMIA,DERMACTIVE A/SHP MACADAMIA,https://cosmeticstoredz.com/produit/dermactive-a-shp-macadamia/,,,NO_MATCH,0,,,,No stock row matches enough brand/product/variant detail
SHEA-COS-FDAF7DEFD20E,DERMACTIVE CREME DEODORANTE FRAICHEUR INTENSE,DERMACTIVE,Default,DERMACTIVE CREME DEODORANTE FRAICHEUR INTENSE,https://cosmeticstoredz.com/produit/dermactive-creme-deodorante-fraicheur-intense/,,,NO_MATCH,0,,,,No stock row matches enough brand/product/variant detail
SHEA-COS-20DD517A52DC,DERMACTIVE CREME DES REINES NUIT,DERMACTIVE,Default,DERMACTIVE CREME DES REINES NUIT,https://cosmeticstoredz.com/produit/dermactive-creme-des-reines-nuit/,,,NO_MATCH,0,,,,No stock row matches enough brand/product/variant detail
SHEA-COS-FE5044C0FDFD,DERMACTIVE CREME MAIN ET ONGLES,DERMACTIVE,ARGAN,DERMACTIVE CREME MAIN ET ONGLES ARGAN,https://cosmeticstoredz.com/produit/dermactive-creme-main-et-ongles-argan/,,,NO_MATCH,0,,,,No stock row matches enough brand/product/variant detail
SHEA-COS-ACE5341DB134,DERMACTIVE CREME MAIN ET ONGLES,DERMACTIVE,ALOE VERA,DERMACTIVE CREME MAIN ET ONGLES ALOE VERA,https://cosmeticstoredz.com/produit/dermactive-creme-main-et-ongles-aloe-vera/,,,NO_MATCH,0,,,,No stock row matches enough brand/product/variant detail
SHEA-COS-7B5831AC8EF7,DERMACTIVE CREME MAIN ET ONGLES,DERMACTIVE,MIEL,DERMACTIVE CREME MAIN ET ONGLES MIEL,https://cosmeticstoredz.com/produit/dermactive-creme-main-et-ongles-miel/,,,NO_MATCH,0,,,,No stock row matches enough brand/product/variant detail
SHEA-COS-5B1655811923,DERMACTIVE CREME MAIN ET ONGLES,DERMACTIVE,THE VERT,DERMACTIVE CREME MAIN ET ONGLES THE VERT,https://cosmeticstoredz.com/produit/dermactive-creme-main-et-ongles-the-vert/,,,NO_MATCH,0,,,,No stock row matches enough brand/product/variant detail
SHEA-COS-6FA9911099FA,DERMACTIVE CREME PIEDS MIEL,DERMACTIVE,Default,DERMACTIVE CREME PIEDS MIEL,https://cosmeticstoredz.com/produit/dermactive-creme-pieds-miel/,,,NO_MATCH,0,,,,No stock row matches enough brand/product/variant detail
SHEA-COS-7A86F59F6EDD,DERMACTIVE GEL NETTOYANT VISAGE,DERMACTIVE,200ML ANTI OXYDANT AU THE VERT PEAUX NORMALS A GRASSE,DERMACTIVE GEL NETTOYANT VISAGE 200ML ANTI OXYDANT AU THE VERT PEAUX NORMALS A GRASSE,https://cosmeticstoredz.com/produit/dermactive-gel-nettoyant-visage-200ml-anti-oxydant-au-the-vert-peaux-normals-a-grasse/,200ML,,NO_MATCH,0,,,,No stock row matches enough brand/product/variant detail
SHEA-COS-5972DA17869C,DERMACTIVE GEL NETTOYANT VISAGE,DERMACTIVE,200ML EQUILIBRANT A LA CAMOMILLE TOUS TYPES DE PEAUX,DERMACTIVE GEL NETTOYANT VISAGE 200ML EQUILIBRANT A LA CAMOMILLE TOUS TYPES DE PEAUX,https://cosmeticstoredz.com/produit/dermactive-gel-nettoyant-visage-200ml-equilibrant-a-la-camomille-tous-types-de-peaux/,200ML,,NO_MATCH,0,,,,No stock row matches enough brand/product/variant detail
SHEA-COS-8B76D703FE1C,DERMACTIVE GEL NETTOYANT VISAGE,DERMACTIVE,200ML HYDRATANT A L’ALOE VERA PEAUX NORMALES A SECHES,DERMACTIVE GEL NETTOYANT VISAGE 200ML HYDRATANT A L’ALOE VERA PEAUX NORMALES A SECHES,https://cosmeticstoredz.com/produit/dermactive-gel-nettoyant-visage-200ml-hydratant-a-laloe-vera-peaux-normales-a-seches/,200ML,,NO_MATCH,0,,,,No stock row matches enough brand/product/variant detail
SHEA-COS-A9431C60B316,DERMACTIVE GEL NETTOYANT VISAGE,DERMACTIVE,200ML PAMPLEMOUSSE ROSE TOUS TYPES DE PEAUX,DERMACTIVE GEL NETTOYANT VISAGE 200ML PAMPLEMOUSSE ROSE TOUS TYPES DE PEAUX,https://cosmeticstoredz.com/produit/dermactive-gel-nettoyant-visage-200ml-pamplemousse-rose-tous-types-de-peaux/,200ML,,NO_MATCH,0,,,,No stock row matches enough brand/product/variant detail
SHEA-COS-0FB56648FF0A,DERMACTIVE GOMAGE VISAGE,DERMACTIVE,ANANAS,DERMACTIVE GOMAGE VISAGE ANANAS,https://cosmeticstoredz.com/produit/dermactive-gomage-visage-ananas/,,,NO_MATCH,0,,,,No stock row matches enough brand/product/variant detail
SHEA-COS-24D5C1954940,DERMACTIVE GOMAGE VISAGE,DERMACTIVE,RAISIN ADOUCISSANT,DERMACTIVE GOMAGE VISAGE RAISIN ADOUCISSANT,https://cosmeticstoredz.com/produit/dermactive-gomage-visage-raisin-adoucissant/,,,NO_MATCH,0,,,,No stock row matches enough brand/product/variant detail
SHEA-COS-2F278FFD8CCB,DERMACTIVE GOMMAGE CORPS,DERMACTIVE,ALOE VERA,DERMACTIVE GOMMAGE CORPS ALOE VERA,https://cosmeticstoredz.com/produit/dermactive-gommage-corps-aloe-vera/,,,NO_MATCH,0,,,,No stock row matches enough brand/product/variant detail
SHEA-COS-EA26CAC6F0AA,DERMACTIVE GOMMAGE CORPS,DERMACTIVE,AU PAMPLEMOUSSE,DERMACTIVE GOMMAGE CORPS AU PAMPLEMOUSSE,https://cosmeticstoredz.com/produit/dermactive-gommage-corps-au-pamplemousse/,,,NO_MATCH,0,,,,No stock row matches enough brand/product/variant detail
SHEA-COS-CA639B6B9286,DERMACTIVE GOMMAGE CORPS,DERMACTIVE,CHARBON ACTIF,DERMACTIVE GOMMAGE CORPS CHARBON ACTIF,https://cosmeticstoredz.com/produit/dermactive-gommage-corps-charbon-actif/,,,NO_MATCH,0,,,,No stock row matches enough brand/product/variant detail
SHEA-COS-C75185584C44,DERMACTIVE GOMMAGE CORPS,DERMACTIVE,COCO,DERMACTIVE GOMMAGE CORPS COCO,https://cosmeticstoredz.com/produit/dermactive-gommage-corps-coco/,,,NO_MATCH,0,,,,No stock row matches enough brand/product/variant detail
SHEA-COS-5ED30E4966D8,DERMACTIVE GOMMAGE CORPS,DERMACTIVE,SEL D HYMALAYA,DERMACTIVE GOMMAGE CORPS SEL D HYMALAYA,https://cosmeticstoredz.com/produit/dermactive-gommage-corps-sel-d-hymalaya/,,,NO_MATCH,0,,,,No stock row matches enough brand/product/variant detail
SHEA-COS-4246025FF2DB,DERMACTIVE GOMMAGE VISAGE,DERMACTIVE,ABRICOT,DERMACTIVE GOMMAGE VISAGE ABRICOT,https://cosmeticstoredz.com/produit/dermactive-gommage-visage-abricot/,,,NO_MATCH,0,,,,No stock row matches enough brand/product/variant detail
SHEA-COS-404EBE3B6024,DERMACTIVE GOMMAGE VISAGE,DERMACTIVE,PAPAYE,DERMACTIVE GOMMAGE VISAGE PAPAYE,https://cosmeticstoredz.com/produit/dermactive-gommage-visage-papaye/,,,NO_MATCH,0,,,,No stock row matches enough brand/product/variant detail
SHEA-COS-FDF34FF35BE8,DERMACTIVE MASQUE,DERMACTIVE,BLACK PEEL OFF MASK PURIFICATEUR,DERMACTIVE MASQUE BLACK PEEL OFF MASK PURIFICATEUR,https://cosmeticstoredz.com/produit/dermactive-masque-black-peel-off-mask-purificateur/,,,NO_MATCH,0,,,,No stock row matches enough brand/product/variant detail
SHEA-COS-72DDBF96B433,DERMACTIVE MASQUE,DERMACTIVE,GOLD PEEL OFF 24K,DERMACTIVE MASQUE GOLD PEEL OFF 24K,https://cosmeticstoredz.com/produit/dermactive-masque-gold-peel-off-24k/,,,NO_MATCH,0,,,,No stock row matches enough brand/product/variant detail
SHEA-COS-D70A6DFA56F0,DERMACTIVE MEN CARE EXPERTS GEL DOUCHE,DERMACTIVE,400ML PARFUM BOISE,DERMACTIVE MEN CARE EXPERTS GEL DOUCHE 400ML PARFUM BOISE,https://cosmeticstoredz.com/produit/dermactive-men-care-experts-gel-douche-400ml-parfum-boise/,400ML,,NO_MATCH,0,,,,No stock row matches enough brand/product/variant detail
SHEA-COS-A67BEDD9259B,DERMACTIVE SERUM ANTI AGE 24K,DERMACTIVE,Default,DERMACTIVE SERUM ANTI AGE 24K,https://cosmeticstoredz.com/produit/dermactive-serum-anti-age-24k/,,,NO_MATCH,0,,,,No stock row matches enough brand/product/variant detail
SHEA-COS-B59B0A4227F8,DERMACTIVE SERUM POUR CHEVEUX,DERMACTIVE,ANTI CASSE,DERMACTIVE SERUM POUR CHEVEUX ANTI CASSE,https://cosmeticstoredz.com/produit/dermactive-serum-pour-cheveux-anti-casse/,,,NO_MATCH,0,,,,No stock row matches enough brand/product/variant detail
SHEA-COS-D50E632FC9EB,DERMACTIVE SERUM POUR CHEVEUX,DERMACTIVE,ANTI CHUTE,DERMACTIVE SERUM POUR CHEVEUX ANTI CHUTE,https://cosmeticstoredz.com/produit/dermactive-serum-pour-cheveux-anti-chute/,,,NO_MATCH,0,,,,No stock row matches enough brand/product/variant detail
SHEA-COS-A6916C522CE9,DERMACTIVE SERUM POUR CHEVEUX,DERMACTIVE,ANTI FRIZZ,DERMACTIVE SERUM POUR CHEVEUX ANTI FRIZZ,https://cosmeticstoredz.com/produit/dermactive-serum-pour-cheveux-anti-frizz/,,,NO_MATCH,0,,,,No stock row matches enough brand/product/variant detail
SHEA-COS-53F1E104CEA5,DERMACTIVE SERUM POUR CHEVEUX,DERMACTIVE,COCONUT,DERMACTIVE SERUM POUR CHEVEUX COCONUT,https://cosmeticstoredz.com/produit/dermactive-serum-pour-cheveux-coconut/,,,NO_MATCH,0,,,,No stock row matches enough brand/product/variant detail
SHEA-COS-5698A0BB7920,DERMACTIVE SERUM POUR CHEVEUX,DERMACTIVE,COLLAGENE,DERMACTIVE SERUM POUR CHEVEUX COLLAGENE,https://cosmeticstoredz.com/produit/dermactive-serum-pour-cheveux-collagene/,,,NO_MATCH,0,,,,No stock row matches enough brand/product/variant detail
SHEA-COS-6536D39D6616,DERMACTIVE SERUM POUR CHEVEUX,DERMACTIVE,COLOR PROTECTION,DERMACTIVE SERUM POUR CHEVEUX COLOR PROTECTION,https://cosmeticstoredz.com/produit/dermactive-serum-pour-cheveux-color-protection/,,,NO_MATCH,0,,,,No stock row matches enough brand/product/variant detail
SHEA-COS-935A68401B37,DERMACTIVE SERUM POUR CHEVEUX,DERMACTIVE,MACADAMIA,DERMACTIVE SERUM POUR CHEVEUX MACADAMIA,https://cosmeticstoredz.com/produit/dermactive-serum-pour-cheveux-macadamia/,,,NO_MATCH,0,,,,No stock row matches enough brand/product/variant detail
SHEA-COS-BA493B8CBD37,DERMACTIVE SERUM STOP ACNE,DERMACTIVE,Default,DERMACTIVE SERUM STOP ACNE,https://cosmeticstoredz.com/produit/dermactive-serum-stop-acne/,,,NO_MATCH,0,,,,No stock row matches enough brand/product/variant detail
SHEA-COS-7596DA233520,DERMACTIVE SERUM VISAGE LIFACTIV EXPERT SERUM B3,DERMACTIVE,Default,DERMACTIVE SERUM VISAGE LIFACTIV EXPERT SERUM B3,https://cosmeticstoredz.com/produit/dermactive-serum-visage-lifactiv-expert-serum-b3/,,,NO_MATCH,0,,,,No stock row matches enough brand/product/variant detail
SHEA-COS-85800EE1D4D5,DERMACTIVE SHAMPOOING,DERMACTIVE,500ML AIL,DERMACTIVE SHAMPOOING 500ML AIL,https://cosmeticstoredz.com/produit/dermactive-shampooing-500ml-ail/,500ML,,NO_MATCH,0,,,,No stock row matches enough brand/product/variant detail
SHEA-COS-8F62A2AF709A,DERMACTIVE SHAMPOOING,DERMACTIVE,500ML ARGAN,DERMACTIVE SHAMPOOING 500ML ARGAN,https://cosmeticstoredz.com/produit/dermactive-shp-500ml-argan/,500ML,,NO_MATCH,0,,,,No stock row matches enough brand/product/variant detail
SHEA-COS-98227368CBEA,DERMACTIVE SHAMPOOING,DERMACTIVE,500ML COCONUT,DERMACTIVE SHAMPOOING 500ML COCONUT,https://cosmeticstoredz.com/produit/dermactive-shp-500ml-coconut/,500ML,,NO_MATCH,0,,,,No stock row matches enough brand/product/variant detail
SHEA-COS-2C40D08CE6B8,DERMACTIVE SHP,DERMACTIVE,A BASE D AIL,DERMACTIVE SHP A BASE D AIL,https://cosmeticstoredz.com/produit/dermactive-shp-a-base-d-ail/,,,NO_MATCH,0,,,,No stock row matches enough brand/product/variant detail
SHEA-COS-90A8B53B6D10,DERMACTIVE SHP,DERMACTIVE,BAMBOU,DERMACTIVE SHP BAMBOU,https://cosmeticstoredz.com/produit/dermactive-shp-bambou/,,,NO_MATCH,0,,,,No stock row matches enough brand/product/variant detail
SHEA-COS-3DC5565BE58F,DERMACTIVE SHP,DERMACTIVE,BLONDE,DERMACTIVE SHP BLONDE,https://cosmeticstoredz.com/produit/dermactive-shp-blonde/,,,NO_MATCH,0,,,,No stock row matches enough brand/product/variant detail
SHEA-COS-9241357B7D57,DERMACTIVE SHP,DERMACTIVE,FRIZZ,DERMACTIVE SHP FRIZZ,https://cosmeticstoredz.com/produit/dermactive-shp-frizz/,,,NO_MATCH,0,,,,No stock row matches enough brand/product/variant detail
SHEA-COS-101CBC08D4B5,DERMACTIVE SHP,DERMACTIVE,"HUILE ,D ARGAN",DERMACTIVE SHP HUILE D ARGAN,https://cosmeticstoredz.com/produit/dermactive-shp-huile-d-argan/,,,NO_MATCH,0,,,,No stock row matches enough brand/product/variant detail
SHEA-COS-9C13BE41D488,DERMACTIVE SHP,DERMACTIVE,"HUILE ,DE COCONUT",DERMACTIVE SHP HUILE DE COCONUT,https://cosmeticstoredz.com/produit/dermactive-shp-huile-de-coconut/,,,NO_MATCH,0,,,,No stock row matches enough brand/product/variant detail
SHEA-COS-B220E163CF24,DERMACTIVE SHP,DERMACTIVE,MACADAMIA,DERMACTIVE SHP MACADAMIA,https://cosmeticstoredz.com/produit/dermactive-shp-macadamia/,,,NO_MATCH,0,,,,No stock row matches enough brand/product/variant detail
SHEA-COS-C900F0030845,DERMACTIVE SUPER LISS SPRAY THERMO PROTECTEUR LISSAGE PARFAIT,DERMACTIVE,Default,DERMACTIVE SUPER LISS SPRAY THERMO PROTECTEUR LISSAGE PARFAIT,https://cosmeticstoredz.com/produit/dermactive-super-liss-spray-thermo-protecteur-lissage-parfait/,,,NO_MATCH,0,,,,No stock row matches enough brand/product/variant detail
SHEA-COS-633938ABFE37,DERMOMED GEL DE BAIN,DERMOMED,"1000ML ,FRUIT DU DRAGON",DERMOMED GEL DE BAIN 1000ML FRUIT DU DRAGON,https://cosmeticstoredz.com/produit/dermomed-gel-de-bain-1000ml-fruit-du-dragon/,1000ML,,NO_MATCH,0,,,,No stock row matches enough brand/product/variant detail
SHEA-COS-314609FC5926,DERMOMED GEL DE BAIN,DERMOMED,"1000ML ,ALOE & GRENADE",DERMOMED GEL DE BAIN 1000ML ALOE & GRENADE,https://cosmeticstoredz.com/produit/dermomed-gel-de-bain-1000ml-aloe-grenade/,1000ML,,NO_MATCH,0,,,,No stock row matches enough brand/product/variant detail
SHEA-COS-B14C6ED2FB76,DERMOMED GEL DE BAIN,DERMOMED,"1000ML ,ARGAN",DERMOMED GEL DE BAIN 1000ML ARGAN,https://cosmeticstoredz.com/produit/dermomed-gel-de-bain-1000ml-argan/,1000ML,,NO_MATCH,0,,,,No stock row matches enough brand/product/variant detail
SHEA-COS-5CBD9C2F2DB0,DERMOMED GEL DE BAIN,DERMOMED,"1000ML ,EAU BLEU",DERMOMED GEL DE BAIN 1000ML EAU BLEU,https://cosmeticstoredz.com/produit/dermomed-gel-de-bain-1000ml-eau-bleu/,1000ML,,NO_MATCH,0,,,,No stock row matches enough brand/product/variant detail
SHEA-COS-B4E371613875,DERMOMED GEL DE BAIN,DERMOMED,"1000ML, TALC ET IRIS",DERMOMED GEL DE BAIN 1000ML TALC ET IRIS,https://cosmeticstoredz.com/produit/dermomed-gel-de-bain-1000ml-talc-et-iris/,1000ML,,NO_MATCH,0,,,,No stock row matches enough brand/product/variant detail
SHEA-COS-2C0F0F292CCC,DERMOVIVA AGE DEFYING,DERMOVIVA,70ML,DERMOVIVA AGE DEFYING 70ML,https://cosmeticstoredz.com/produit/dermoviva-age-defying-70ml/,70ML,,NO_MATCH,0,,,,No stock row matches enough brand/product/variant detail
SHEA-COS-EB419CAB37DA,DERMOVIVA CREME AGE DEFYING,DERMOVIVA,140ML,DERMOVIVA CREME AGE DEFYING 140ML,https://cosmeticstoredz.com/produit/dermoviva-creme-age-defying-140ml/,140ML,,NO_MATCH,0,,,,No stock row matches enough brand/product/variant detail
SHEA-COS-62B4CA267E83,DERMOVIVA CREME MOISTURE PLUS,DERMOVIVA,140ML,DERMOVIVA CREME MOISTURE PLUS 140ML,https://cosmeticstoredz.com/produit/dermoviva-creme-moisture-plus-140ml/,140ML,,NO_MATCH,0,,,,No stock row matches enough brand/product/variant detail
SHEA-COS-E92555A75F03,DERMOVIVA GEL NETTOYANT,DERMOVIVA,ALMOND,DERMOVIVA GEL NETTOYANT ALMOND,https://cosmeticstoredz.com/produit/dermoviva-gel-nettoyant-almond/,,,NO_MATCH,0,,,,No stock row matches enough brand/product/variant detail
SHEA-COS-308E2A35EC24,DERMOVIVA MOISTURE PLUS CREAM,DERMOVIVA,70ML,DERMOVIVA MOISTURE PLUS CREAM 70ML,https://cosmeticstoredz.com/produit/dermoviva-moisture-plus-cream-70ml/,70ML,,NO_MATCH,0,,,,No stock row matches enough brand/product/variant detail
SHEA-COS-5E67C4A71082,DERMOVIVA SAVON,DERMOVIVA,FAIRNESS GLOW,DERMOVIVA SAVON FAIRNESS GLOW,https://cosmeticstoredz.com/produit/dermoviva-savon-fairness-glow/,,,NO_MATCH,0,,,,No stock row matches enough brand/product/variant detail
SHEA-COS-0E1B2168B022,DERMOVIVA SAVON,DERMOVIVA,MOISTURE PLUS ALOE VERA,DERMOVIVA SAVON MOISTURE PLUS ALOE VERA,https://cosmeticstoredz.com/produit/dermoviva-savon-moisture-plus-aloe-vera/,,,NO_MATCH,0,,,,No stock row matches enough brand/product/variant detail
SHEA-COS-FC29A094EFEC,DESSANGE INFUSION LUMIERE SOIN,DESSANGE,Default,DESSANGE INFUSION LUMIERE SOIN,https://cosmeticstoredz.com/produit/dessange-infusion-lumiere-soin/,,,NO_MATCH,0,,,,No stock row matches enough brand/product/variant detail
SHEA-COS-E1F7F4AAFD56,DESSANGE MOUSSE DE COIFFAGE BOUCLE SCULPT,DESSANGE,Default,DESSANGE MOUSSE DE COIFFAGE BOUCLE SCULPT,https://cosmeticstoredz.com/produit/dessange-mousse-de-coiffage-boucle-sculpt/,,,NO_MATCH,0,,,,No stock row matches enough brand/product/variant detail
SHEA-COS-D56848DD2783,DESSANGE SHAMPOOING,DESSANGE,250LML NUTRI-REPARATION CHVX TRES ABIMES SUR SOLLICITES,DESSANGE SHAMPOOING 250LML NUTRI-REPARATION CHVX TRES ABIMES SUR SOLLICITES,https://cosmeticstoredz.com/produit/dessange-shp-250lml-nutri-reparation-chvx-tres-abimes-sur-sollicites/,,,NO_MATCH,0,,,,No stock row matches enough brand/product/variant detail
SHEA-COS-1039252782AB,DIADERMINE CREME HYDRATANTE TUBE,DIADERMINE,"50ML, PH5",DIADERMINE CREME HYDRATANTE TUBE 50ML PH5,https://cosmeticstoredz.com/produit/diadermine-creme-hydratante-tube-50ml-ph5/,50ML,,NO_MATCH,0,,,,No stock row matches enough brand/product/variant detail
SHEA-COS-5FF4E64D804C,DIADERMINE PH7 HYDRATANT MATIFIANT JOUR,DIADERMINE,Default,DIADERMINE PH7 HYDRATANT MATIFIANT JOUR,https://cosmeticstoredz.com/produit/diadermine-ph7-hydratant-matifiant-jour/,,,NO_MATCH,0,,,,No stock row matches enough brand/product/variant detail
SHEA-COS-D84E2EA9DF66,DOVE APRES SHAMPOOING,DOVE,200ML PROTECTION COULEUR,DOVE APRES SHAMPOOING 200ML PROTECTION COULEUR,https://cosmeticstoredz.com/produit/dove-apres-shampoing-200ml-protection-couleur/,200ML,,NO_MATCH,0,,,,No stock row matches enough brand/product/variant detail
SHEA-COS-63DCAF1102D9,DOVE APRES SHAMPOOING,DOVE,200ML SOIN QUOTIDIEN,DOVE APRES SHAMPOOING 200ML SOIN QUOTIDIEN,https://cosmeticstoredz.com/produit/dove-apres-shampooing-200ml-soin-quotidien/,200ML,,NO_MATCH,0,,,,No stock row matches enough brand/product/variant detail
SHEA-COS-DB861DC7D871,DOVE DEODARANT,DOVE,250ML GRENADE,DOVE DEODARANT 250ML GRENADE,https://cosmeticstoredz.com/produit/dove-deodarant-250ml-grenade/,250ML,,NO_MATCH,0,,,,No stock row matches enough brand/product/variant detail
SHEA-COS-BD33900744FB,DOVE DEODORANT,DOVE,"250ML ,COCO",DOVE DEODORANT 250ML COCO,https://cosmeticstoredz.com/produit/dove-deodorant-250ml-coco/,250ML,,NO_MATCH,0,,,,No stock row matches enough brand/product/variant detail
SHEA-COS-AEF1E0C8B8DD,DOVE DEODORANT,DOVE,"250ML ,GO FRESH",DOVE DEODORANT 250ML GO FRESH,https://cosmeticstoredz.com/produit/dove-deodorant-250ml-go-fresh/,250ML,,NO_MATCH,0,,,,No stock row matches enough brand/product/variant detail
SHEA-COS-D902204D44CE,DOVE DEODORANT,DOVE,"250ML, ORIGINAL",DOVE DEODORANT 250ML ORIGINAL,https://cosmeticstoredz.com/produit/dove-deodorant-250ml-original/,250ML,,NO_MATCH,0,,,,No stock row matches enough brand/product/variant detail
SHEA-COS-BDEE399E648D,DOVE DEODORANT,DOVE,"250ML, GO FRESH CONCOMBRE",DOVE DEODORANT 250ML GO FRESH CONCOMBRE,https://cosmeticstoredz.com/produit/dove-deodorant-go-fresh/,250ML,,NO_MATCH,0,,,,No stock row matches enough brand/product/variant detail
SHEA-COS-681D54E10C00,DOVE GEL DOUCHE,DOVE,250ML RITUEL NUTRITION COCO,DOVE GEL DOUCHE 250ML RITUEL NUTRITION COCO,https://cosmeticstoredz.com/produit/dove-gel-douche-250ml-rituel-nutrition-coco/,250ML,,NO_MATCH,0,,,,No stock row matches enough brand/product/variant detail
SHEA-COS-68AC4AB2DEA0,DOVE GEL DOUCHE,DOVE,250ML SOIN REVITALISANT GRENADE ET THE D’HIBISCUS,DOVE GEL DOUCHE 250ML SOIN REVITALISANT GRENADE ET THE D’HIBISCUS,https://cosmeticstoredz.com/produit/dove-gel-douche-250ml-soin-revitalisant-grenade-et-the-dhibiscus/,250ML,,NO_MATCH,0,,,,No stock row matches enough brand/product/variant detail
SHEA-COS-40DF60941F2D,DOVE GEL DOUCHE,DOVE,500ML NUTRITION INTENSE,DOVE GEL DOUCHE 500ML NUTRITION INTENSE,https://cosmeticstoredz.com/produit/dove-gel-douche-500ml-nutrition-intense/,500ML,,NO_MATCH,0,,,,No stock row matches enough brand/product/variant detail
SHEA-COS-B64434F065FA,DOVE GEL DOUCHE,DOVE,500ML RITUEL NUTRITION COCO,DOVE GEL DOUCHE 500ML RITUEL NUTRITION COCO,https://cosmeticstoredz.com/produit/dove-gel-douche-500ml-rituel-nutrition-coco/,500ML,,NO_MATCH,0,,,,No stock row matches enough brand/product/variant detail
SHEA-COS-2E0CBA169A0A,DOVE GEL DOUCHE,DOVE,500ML SOIN APAISANT AU LAIT DE COCO EET PETALES DE JASMIN,DOVE GEL DOUCHE 500ML SOIN APAISANT AU LAIT DE COCO EET PETALES DE JASMIN,https://cosmeticstoredz.com/produit/dove-gel-douche-500ml-soin-apaisant-au-lait-de-coco-eet-petales-de-jasmin/,500ML,,NO_MATCH,0,,,,No stock row matches enough brand/product/variant detail
SHEA-COS-E446E8377ACB,DOVE GEL DOUCHE,DOVE,500ML SOIN REVITALISANT GRENADE ET THE D’HIBISCUS,DOVE GEL DOUCHE 500ML SOIN REVITALISANT GRENADE ET THE D’HIBISCUS,https://cosmeticstoredz.com/produit/dove-gel-douche-500ml-soin-revitalisant-grenade-et-the-dhibiscus/,500ML,,NO_MATCH,0,,,,No stock row matches enough brand/product/variant detail
SHEA-COS-27B00B237BF9,DOVE LHUILE CORPS ET CHEVEUX,DOVE,Default,DOVE LHUILE CORPS ET CHEVEUX,https://cosmeticstoredz.com/produit/dove-lhuile-corps-et-cheveux/,,,NO_MATCH,0,,,,No stock row matches enough brand/product/variant detail
SHEA-COS-6D0775F4B7B2,DOVE SHAMPOING,DOVE,"250ML, RITUEL VOLUME",DOVE SHAMPOING 250ML RITUEL VOLUME,https://cosmeticstoredz.com/produit/dove-shampoing-250ml-rituel-volume/,250ML,,NO_MATCH,0,,,,No stock row matches enough brand/product/variant detail
SHEA-COS-4468929EB5DA,DOVE SHAMPOING,DOVE,"250ML, SOIN NOURRISSANT AUX HUILE",DOVE SHAMPOING 250ML SOIN NOURRISSANT AUX HUILE,https://cosmeticstoredz.com/produit/dove-shampoing-250ml-soin-nourrissant-aux-huile/,250ML,,NO_MATCH,0,,,,No stock row matches enough brand/product/variant detail
SHEA-COS-E883E69BD70C,DOVE SHAMPOING,DOVE,"250ML, SOIN QUOTIDIEN",DOVE SHAMPOING 250ML SOIN QUOTIDIEN,https://cosmeticstoredz.com/produit/dove-shampoing-250ml-soin-quotidien/,250ML,,NO_MATCH,0,,,,No stock row matches enough brand/product/variant detail
SHEA-COS-161B05B6C9BA,DOVE SHAMPOING,DOVE,"250ML,REPARATION INTENSE",DOVE SHAMPOING 250MLREPARATION INTENSE,https://cosmeticstoredz.com/produit/dove-shampoing-250mlreparation-intense/,250ML,,NO_MATCH,0,,,,No stock row matches enough brand/product/variant detail
SHEA-COS-49467A6B92D3,DOVE SHAMPOING,DOVE,"400ML,SOIN NOURRISSANT",DOVE SHAMPOING 400MLSOIN NOURRISSANT,https://cosmeticstoredz.com/produit/dove-shampoing-400mlsoin-nourrissant/,400ML,,NO_MATCH,0,,,,No stock row matches enough brand/product/variant detail
SHEA-COS-8C15184003CA,DOVE SHAMPOING,DOVE,"400ML ,ANTI CHUTE",DOVE SHAMPOING 400ML ANTI CHUTE,https://cosmeticstoredz.com/produit/dove-shmpoing-400ml-anti-chute/,400ML,,NO_MATCH,0,,,,No stock row matches enough brand/product/variant detail
SHEA-COS-8EA7988AEAB2,DOVE STICK CHAMPIGNON,DOVE,50ML,DOVE STICK CHAMPIGNON 50ML,https://cosmeticstoredz.com/produit/dove-stick-champigion-50ml/,50ML,,NO_MATCH,0,,,,No stock row matches enough brand/product/variant detail
SHEA-COS-75933C07282B,DOVE STICK SAVON,DOVE,40G CONCOMBRE,DOVE STICK SAVON 40G CONCOMBRE,https://cosmeticstoredz.com/produit/dove-stick-savon-40g-concombre/,40G,,NO_MATCH,0,,,,No stock row matches enough brand/product/variant detail
SHEA-COS-9C94EB22E534,DOVE STICK SAVON,DOVE,50G ORIGINAL ADVANCED CARE,DOVE STICK SAVON 50G ORIGINAL ADVANCED CARE,https://cosmeticstoredz.com/produit/dove-stick-savon-50g-original-advanced-care/,50G,,NO_MATCH,0,,,,No stock row matches enough brand/product/variant detail
SHEA-COS-78893FFEC68C,DR.ALTHEA TO BE YOUTHFUL EYE SERUM,DR.ALTHEA,SERUM YEUX 25ML,DR.ALTHEA TO BE YOUTHFUL EYE SERUM SERUM YEUX 25ML,https://cosmeticstoredz.com/produit/dr-althea-to-be-youthful-eye-serum-serum-yeux-25ml/,25ML,,NO_MATCH,0,,,,No stock row matches enough brand/product/variant detail
SHEA-COS-A082BB1193ED,ECRAN APRES SOLEIL PROLONGATEUR DE BRONZAGE,ECRAN,Default,ECRAN APRES SOLEIL PROLONGATEUR DE BRONZAGE,https://cosmeticstoredz.com/produit/ecran-apres-soleil-prolongateur-de-bronzage/,,,NO_MATCH,0,,,,No stock row matches enough brand/product/variant detail
SHEA-COS-EBFAE1D9DD1D,ECRAN SPRAY PROTECTEUR HYDRATANT,ECRAN,Default,ECRAN SPRAY PROTECTEUR HYDRATANT,https://cosmeticstoredz.com/produit/ecran-spray-protecteur-hydratant/,,,NO_MATCH,0,,,,No stock row matches enough brand/product/variant detail
SHEA-COS-357053D32C81,EL SAIN APPAREIL CHAUFFE CIRE,EL,Default,EL SAIN APPAREIL CHAUFFE CIRE,https://cosmeticstoredz.com/produit/el-sain-appareil-chauffe-cire/,,,NO_MATCH,0,,,,No stock row matches enough brand/product/variant detail
SHEA-COS-CC40688E3833,EL SAIN BANDES DEPILATOIRE EN TISSU,EL,100P,EL SAIN BANDES DEPILATOIRE EN TISSU 100P,https://cosmeticstoredz.com/produit/el-sain-bandes-depilatoire-en-tissu-100p/,,,NO_MATCH,0,,,,No stock row matches enough brand/product/variant detail
SHEA-COS-CE9DBEAA3D7E,EL SAIN CIRE DEPILATOIRE,EL,CITRON,EL SAIN CIRE DEPILATOIRE CITRON,https://cosmeticstoredz.com/produit/el-sain-cire-depilatoire-citron/,,,NO_MATCH,0,,,,No stock row matches enough brand/product/variant detail
SHEA-COS-13580B21115E,EL SAIN CIRE DEPILATOIRE,EL,MIEL,EL SAIN CIRE DEPILATOIRE MIEL,https://cosmeticstoredz.com/produit/el-sain-cire-depilatoire-miel/,,,NO_MATCH,0,,,,No stock row matches enough brand/product/variant detail
SHEA-COS-23E3C202476C,EL SAIN CIRE DEPILATOIRE,EL,ROSE,EL SAIN CIRE DEPILATOIRE ROSE,https://cosmeticstoredz.com/produit/el-sain-cire-depilatoire-rose/,,,NO_MATCH,0,,,,No stock row matches enough brand/product/variant detail
SHEA-COS-E3A7A1771040,EL SAIN CIRE DEPILATOIRE,EL,SOFT BLEU,EL SAIN CIRE DEPILATOIRE SOFT BLEU,https://cosmeticstoredz.com/produit/el-sain-cire-depilatoire-soft-bleu/,,,NO_MATCH,0,,,,No stock row matches enough brand/product/variant detail
SHEA-COS-48926681ACF7,EL SAIN GRANULES DE CIRE DEPILATOIRE,EL,300G ALOE VERA,EL SAIN GRANULES DE CIRE DEPILATOIRE 300G ALOE VERA,https://cosmeticstoredz.com/produit/el-sain-granules-de-cire-depilatoire-300g-aloe-vera/,300G,,NO_MATCH,0,,,,No stock row matches enough brand/product/variant detail
SHEA-COS-CD92FF057256,EL SAIN GRANULES DE CIRE DEPILATOIRE,EL,300G CHARBON,EL SAIN GRANULES DE CIRE DEPILATOIRE 300G CHARBON,https://cosmeticstoredz.com/produit/el-sain-granules-de-cire-depilatoire-300g-charbon/,300G,,NO_MATCH,0,,,,No stock row matches enough brand/product/variant detail
SHEA-COS-4FC79CEE0298,EL SAIN GRANULES DE CIRE DEPILATOIRE,EL,300G GOLD,EL SAIN GRANULES DE CIRE DEPILATOIRE 300G GOLD,https://cosmeticstoredz.com/produit/el-sain-granules-de-cire-depilatoire-300g-gold/,300G,,NO_MATCH,0,,,,No stock row matches enough brand/product/variant detail
SHEA-COS-2D580F60E9CF,EL SAIN GRANULES DE CIRE DEPILATOIRE,EL,300G ORCHIDS FLOWER,EL SAIN GRANULES DE CIRE DEPILATOIRE 300G ORCHIDS FLOWER,https://cosmeticstoredz.com/produit/el-sain-granules-de-cire-depilatoire-300g-orchids-flower/,300G,,NO_MATCH,0,,,,No stock row matches enough brand/product/variant detail
SHEA-COS-622D69272277,EL SAIN GRANULES DE CIRE DEPILATOIRE,EL,300G ROSE,EL SAIN GRANULES DE CIRE DEPILATOIRE 300G ROSE,https://cosmeticstoredz.com/produit/el-sain-granules-de-cire-depilatoire-300g-rose/,300G,,NO_MATCH,0,,,,No stock row matches enough brand/product/variant detail
SHEA-COS-39E2F5EAD6E3,EL-SAIN CIRE DEPILATOIRE VISAGE ET CORPS,EL-SAIN,VERTE,EL-SAIN CIRE DEPILATOIRE VISAGE ET CORPS VERTE,https://cosmeticstoredz.com/produit/el-sain-cire-depilatoir-visage-et-corps-verte/,,,NO_MATCH,0,,,,No stock row matches enough brand/product/variant detail
SHEA-COS-B099DF1298F8,EL-SAIN CIRE DEPILATOIRE VISAGE ET CORPS,EL-SAIN,250GR SOFT,EL-SAIN CIRE DEPILATOIRE VISAGE ET CORPS 250GR SOFT,https://cosmeticstoredz.com/produit/el-sain-cire-depilatoire-visage-et-corps-250gr-soft/,250G,,NO_MATCH,0,,,,No stock row matches enough brand/product/variant detail
SHEA-COS-178CB6BBE797,ELLEA BRUME CORPS,ELLEA,100ML IN LOVE,ELLEA BRUME CORPS 100ML IN LOVE,https://cosmeticstoredz.com/produit/ellea-brume-corps-100ml-in-love/,100ML,,NO_MATCH,0,,,,No stock row matches enough brand/product/variant detail
SHEA-COS-1A47C9390396,ELLEA BRUME CORPS,ELLEA,100ML REFLEXION,ELLEA BRUME CORPS 100ML REFLEXION,https://cosmeticstoredz.com/produit/ellea-brume-corps-100ml-reflexion/,100ML,,NO_MATCH,0,,,,No stock row matches enough brand/product/variant detail
SHEA-COS-91007FDCA229,ELLEA BRUME CORPS,ELLEA,100ML TENDER MADNESS,ELLEA BRUME CORPS 100ML TENDER MADNESS,https://cosmeticstoredz.com/produit/ellea-brume-corps-100ml-tender-madness/,100ML,,NO_MATCH,0,,,,No stock row matches enough brand/product/variant detail
SHEA-COS-704BFC17F604,ELLEA DEO,ELLEA,200ML DIVIN PASSION,ELLEA DEO 200ML DIVIN PASSION,https://cosmeticstoredz.com/produit/ellea-deo-200ml-divin-passion/,200ML,,NO_MATCH,0,,,,No stock row matches enough brand/product/variant detail
SHEA-COS-C27A462A2695,ELLEA DEO,ELLEA,200ML NATUREL AND FRESH,ELLEA DEO 200ML NATUREL AND FRESH,https://cosmeticstoredz.com/produit/ellea-deo-200ml-naturel-and-fresh/,200ML,,NO_MATCH,0,,,,No stock row matches enough brand/product/variant detail
SHEA-COS-B0D0D8C634A7,ELLEA DEO,ELLEA,250ML DOUCEUR VAHINEE,ELLEA DEO 250ML DOUCEUR VAHINEE,https://cosmeticstoredz.com/produit/ellea-deo-250ml-douceur-vahinee/,250ML,,NO_MATCH,0,,,,No stock row matches enough brand/product/variant detail
SHEA-COS-87176C18066A,ELLEA DEO,ELLEA,250ML MEDITERRANEAN BEAUTY,ELLEA DEO 250ML MEDITERRANEAN BEAUTY,https://cosmeticstoredz.com/produit/ellea-deo-250ml-mediterranean-beauty/,250ML,,NO_MATCH,0,,,,No stock row matches enough brand/product/variant detail
SHEA-COS-DBF7226BAB16,ELLEA DEO,ELLEA,250ML RED INTENSE,ELLEA DEO 250ML RED INTENSE,https://cosmeticstoredz.com/produit/ellea-deo-250ml-red-intense/,250ML,,NO_MATCH,0,,,,No stock row matches enough brand/product/variant detail
SHEA-COS-2F7D26D259AE,ELLEA EAU DE COLOGNE 510ML BOUQUET FLORAL,ELLEA,Default,ELLEA EAU DE COLOGNE 510ML BOUQUET FLORAL,https://cosmeticstoredz.com/produit/ellea-eau-de-cologne-510ml-bouquet-floral/,510ML,,NO_MATCH,0,,,,No stock row matches enough brand/product/variant detail
SHEA-COS-629D8CFE0BC6,ELLEA GEL POUR TOILETTE INTIME,ELLEA,150ML ALOE VERA,ELLEA GEL POUR TOILETTE INTIME 150ML ALOE VERA,https://cosmeticstoredz.com/produit/ellea-gel-pour-toilette-intime-150ml-aloe-vera/,150ML,,NO_MATCH,0,,,,No stock row matches enough brand/product/variant detail
SHEA-COS-41042CD3E71F,ELLEA GEL POUR TOILETTE INTIME,ELLEA,150ML HAMAMELIS,ELLEA GEL POUR TOILETTE INTIME 150ML HAMAMELIS,https://cosmeticstoredz.com/produit/ellea-gel-pour-toilette-intime-150ml-hamamelis/,150ML,,NO_MATCH,0,,,,No stock row matches enough brand/product/variant detail
SHEA-COS-DD997798F238,ELLEA GEL POUR TOILETTE INTIME,ELLEA,"200ML, ALOE VERA",ELLEA GEL POUR TOILETTE INTIME 200ML ALOE VERA,https://cosmeticstoredz.com/produit/ellea-gel-pour-toilette-intime-200ml-aloe-vera/,200ML,,NO_MATCH,0,,,,No stock row matches enough brand/product/variant detail
SHEA-COS-FEE81CFD9AB1,ELLEA GEL POUR TOILETTE INTIME,ELLEA,"200ML ,HAMAMELIS",ELLEA GEL POUR TOILETTE INTIME 200ML HAMAMELIS,https://cosmeticstoredz.com/produit/ellea-gel-pour-toilette-intime-200ml-hamamelis/,200ML,,NO_MATCH,0,,,,No stock row matches enough brand/product/variant detail
SHEA-COS-F4539BB83E11,ELLEA NATURE SHAMPOING,ELLEA,500ML A ‘LEXTRAIT DE KERATINE,ELLEA NATURE SHAMPOING 500ML A ‘LEXTRAIT DE KERATINE,https://cosmeticstoredz.com/produit/ellea-nature-shampoing-500ml-a-lextrait-de-keratine/,500ML,,NO_MATCH,0,,,,No stock row matches enough brand/product/variant detail
SHEA-COS-02DF82A3BAE7,ELLEA NATURE SHAMPOING,ELLEA,500ML A L’EXTRAIT D’ARGILE,ELLEA NATURE SHAMPOING 500ML A L’EXTRAIT D’ARGILE,https://cosmeticstoredz.com/produit/ellea-nature-shampoing-500ml-a-lextrait-dargile/,500ML,,NO_MATCH,0,,,,No stock row matches enough brand/product/variant detail
SHEA-COS-E44CDF378768,ELLEA NATURE SHAMPOING,ELLEA,500ML A L’EXTRAIT D’AVOCAT,ELLEA NATURE SHAMPOING 500ML A L’EXTRAIT D’AVOCAT,https://cosmeticstoredz.com/produit/ellea-nature-shampoing-500ml-a-lextrait-davocat/,500ML,,NO_MATCH,0,,,,No stock row matches enough brand/product/variant detail
SHEA-COS-B7237B0AC9C6,ELLEA NATURE SHAMPOING,ELLEA,500ML A L’EXTRAIT DE CAMOMILLE,ELLEA NATURE SHAMPOING 500ML A L’EXTRAIT DE CAMOMILLE,https://cosmeticstoredz.com/produit/ellea-nature-shampoing-500ml-a-lextrait-de-camomille/,500ML,,NO_MATCH,0,,,,No stock row matches enough brand/product/variant detail
SHEA-COS-6BE1625E60C1,ELLEA NATURE SHAMPOING,ELLEA,500ML A L’HUILE DE RICIN ET SEVE D’ERABLE,ELLEA NATURE SHAMPOING 500ML A L’HUILE DE RICIN ET SEVE D’ERABLE,https://cosmeticstoredz.com/produit/ellea-nature-shampoing-500ml-a-lhuile-de-ricin-et-seve-derable/,500ML,,NO_MATCH,0,,,,No stock row matches enough brand/product/variant detail
SHEA-COS-9DDF58C2A0FF,ELSAIN ROLL-ON CIRE DEPILATOIRE,ELSAIN,ROSE,ELSAIN ROLL-ON CIRE DEPILATOIRE ROSE,https://cosmeticstoredz.com/produit/elsain-roll-on-cire-depilatoire-rose/,,,NO_MATCH,0,,,,No stock row matches enough brand/product/variant detail
SHEA-COS-35FDD12CEF41,ELSAIN ROLL-ON CIRE DEPILATOIRE,ELSAIN,MIEL,ELSAIN ROLL-ON CIRE DEPILATOIRE MIEL,https://cosmeticstoredz.com/produit/elsain-roll-on-cire-depilatoire-miel/,,,NO_MATCH,0,,,,No stock row matches enough brand/product/variant detail
SHEA-COS-0DE6CE6E6C1A,ELSAIN ROLL-ON CIRE DEPILATOIRE,ELSAIN,NATURE,ELSAIN ROLL-ON CIRE DEPILATOIRE NATURE,https://cosmeticstoredz.com/produit/elsain-roll-on-cire-depilatoire-nature/,,,NO_MATCH,0,,,,No stock row matches enough brand/product/variant detail
SHEA-COS-53C87C86B859,ELSAIN ROLL-ON WAX CIRE DEPILATOIRE,ELSAIN,ALOE VERA,ELSAIN ROLL-ON WAX CIRE DEPILATOIRE ALOE VERA,https://cosmeticstoredz.com/produit/elsain-roll-on-wax-cire-depilatoire-aloe-vera/,,,NO_MATCH,0,,,,No stock row matches enough brand/product/variant detail
SHEA-COS-BB81676115BD,ELSAIN ROLL-ON WAX CIRE DEPILATOIRE,ELSAIN,GOLD,ELSAIN ROLL-ON WAX CIRE DEPILATOIRE GOLD,https://cosmeticstoredz.com/produit/elsain-roll-on-wax-cire-depilatoire-gold/,,,NO_MATCH,0,,,,No stock row matches enough brand/product/variant detail
SHEA-COS-0DD59FB25183,ELSAIN ROLL-ON WAX CIRE DEPILATOIRE,ELSAIN,ORCHIDS FLOWER,ELSAIN ROLL-ON WAX CIRE DEPILATOIRE ORCHIDS FLOWER,https://cosmeticstoredz.com/produit/elsain-roll-on-wax-cire-depilatoire-orchids-flower/,,,NO_MATCH,0,,,,No stock row matches enough brand/product/variant detail
SHEA-COS-0DB4080E0442,ELSAIN ROLL-ON WAX CIRE DEPILATOIRE,ELSAIN,ROSE,ELSAIN ROLL-ON WAX CIRE DEPILATOIRE ROSE,https://cosmeticstoredz.com/produit/elsain-roll-on-wax-cire-depilatoire-rose/,,,NO_MATCH,0,,,,No stock row matches enough brand/product/variant detail
SHEA-COS-338C5A046820,ELSEVE APRES SHAMPOOING,ELSEVE,"200ML ,FULL RESIST",ELSEVE APRES SHAMPOOING 200ML FULL RESIST,https://cosmeticstoredz.com/produit/elseve-a-shp-200ml-full-resist/,200ML,,NO_MATCH,0,,,,No stock row matches enough brand/product/variant detail
SHEA-COS-70CA73D88951,ELSEVE APRES SHAMPOOING,ELSEVE,"DEMELANT, 250ML ,TOTAL REPAIR",ELSEVE APRES SHAMPOOING DEMELANT 250ML TOTAL REPAIR,https://cosmeticstoredz.com/produit/elseve-a-shp-240ml-total-repair/,250ML,,NO_MATCH,0,,,,No stock row matches enough brand/product/variant detail
SHEA-COS-FA483626870A,ELSEVE HUILE EXTRAORDINAIRE,ELSEVE,COCO DEMELANT HAUTE LEGERRE,ELSEVE HUILE EXTRAORDINAIRE COCO DEMELANT HAUTE LEGERRE,https://cosmeticstoredz.com/produit/elseve-huile-extraordinaire-coco-demelant-haute-legerre/,,,NO_MATCH,0,,,,No stock row matches enough brand/product/variant detail
SHEA-COS-CD71CFFF387C,ELSEVE HUILE EXTRAORDINAIRE,ELSEVE,DEMELANT NUTRITION ECLAT 250ML,ELSEVE HUILE EXTRAORDINAIRE DEMELANT NUTRITION ECLAT 250ML,https://cosmeticstoredz.com/produit/elseve-huile-extraordinaire-demelant-nutrition-eclat-250ml/,250ML,,NO_MATCH,0,,,,No stock row matches enough brand/product/variant detail
SHEA-COS-4E6194647EE0,ELSEVE HYALURON SHAMPOOING,ELSEVE,PURE 250ML,ELSEVE HYALURON SHAMPOOING PURE 250ML,https://cosmeticstoredz.com/produit/elseve-hyaluron-pure-250ml-shampooing/,250ML,,NO_MATCH,0,,,,No stock row matches enough brand/product/variant detail
SHEA-COS-5BC3CBFE0B66,ELSEVE HYALURON SHAMPOOING,ELSEVE,REPULP RE-HYDRATANT 250ML,ELSEVE HYALURON SHAMPOOING REPULP RE-HYDRATANT 250ML,https://cosmeticstoredz.com/produit/elseve-hyaluron-repulp-shampooing-re-hydratant-250ml/,250ML,,NO_MATCH,0,,,,No stock row matches enough brand/product/variant detail
SHEA-COS-331BAE7343A4,ELSEVE LOW POO SHP,ELSEVE,400ML COLOR VIVE,ELSEVE LOW POO SHP 400ML COLOR VIVE,https://cosmeticstoredz.com/produit/elseve-low-poo-shp-400ml-color-vive/,400ML,,NO_MATCH,0,,,,No stock row matches enough brand/product/variant detail
SHEA-COS-EBD5756A39E4,ELSEVE MASQUE,ELSEVE,300ML LISS INTENSE,ELSEVE MASQUE 300ML LISS INTENSE,https://cosmeticstoredz.com/produit/elseve-masque-300ml-liss-intense/,300ML,,REVIEW_MULTIPLE,2,3600522836926 | CSV line 15652 | ELSEVE LISS INTENSE | score 73 | name 0.75 variant 1.00,3600523128204 | CSV line 36487 | SHP ELSEVE LISS INTENSE | score 73 | name 0.75 variant 1.00,,Multiple plausible stock codes; physical pack or authoritative source required
SHEA-COS-DA00C1BFF39C,ELSEVE SHP,ELSEVE,DREAM LONG 400ML,ELSEVE SHP DREAM LONG 400ML,https://cosmeticstoredz.com/produit/elseve-shp-dream-long-400ml/,400ML,,NO_MATCH,0,,,,No stock row matches enough brand/product/variant detail
SHEA-COS-8D55D2557BBE,ELSEVE SHP,ELSEVE,FULL RESIST 400ML,ELSEVE SHP FULL RESIST 400ML,https://cosmeticstoredz.com/produit/elseve-shp-full-resist-400ml/,400ML,,NO_MATCH,0,,,,No stock row matches enough brand/product/variant detail
SHEA-COS-2184E3F1C88B,ELSEVE SHP,ELSEVE,HUILE EXTRAORDINAIRE NUTRITION ECLAT 400ML,ELSEVE SHP HUILE EXTRAORDINAIRE NUTRITION ECLAT 400ML,https://cosmeticstoredz.com/produit/elseve-shp-huile-extraordinaire-nutrition-eclat-400ml/,400ML,,NO_MATCH,0,,,,No stock row matches enough brand/product/variant detail
SHEA-COS-0F553632E470,ELSEVE SHP,ELSEVE,HUILE EXTRAORDINAIRE COCO 400ML,ELSEVE SHP HUILE EXTRAORDINAIRE COCO 400ML,https://cosmeticstoredz.com/produit/elseve-shp-huile-extraordinaire-coco-400ml/,400ML,,NO_MATCH,0,,,,No stock row matches enough brand/product/variant detail
SHEA-COS-C1166250D988,ELSEVE SHP,ELSEVE,TOTAL REPAIR 5 400ML,ELSEVE SHP TOTAL REPAIR 5 400ML,https://cosmeticstoredz.com/produit/elseve-shp-total-repair-5-400ml/,400ML,,NO_MATCH,0,,,,No stock row matches enough brand/product/variant detail
SHEA-COS-DFFF34851D10,ELSEVE SHP,ELSEVE,"250ML ,FULL RESIST AMINEXIL ,& FULL RESIS",ELSEVE SHP 250ML FULL RESIST AMINEXIL & FULL RESIS,https://cosmeticstoredz.com/produit/elseve-shp-250ml-full-resist-aminexil-full-resis/,250ML,,NO_MATCH,0,,,,No stock row matches enough brand/product/variant detail
SHEA-COS-54F4F6F61C47,ELSEVE SHP,ELSEVE,"290ML ,MULTI VITAMINE",ELSEVE SHP 290ML MULTI VITAMINE,https://cosmeticstoredz.com/produit/elseve-shp-290ml-multi-vitamine/,290ML,,NO_MATCH,0,,,,No stock row matches enough brand/product/variant detail
SHEA-COS-DB1F4A7497D8,ELSEVE SHP,ELSEVESHP,ELSEVESHP HYALURON PURE 400ML,ELSEVESHP HYALURON PURE 400ML,https://cosmeticstoredz.com/produit/elseveshp-hyaluron-pure-400ml/,400ML,,NO_MATCH,0,,,,No stock row matches enough brand/product/variant detail
SHEA-COS-A12EB1B9D0B0,ELVIVE DREAM LONG MAGIC WATER,ELVIVE,Default,ELVIVE DREAM LONG MAGIC WATER,https://cosmeticstoredz.com/produit/elvive-dream-long-magic-water/,,,NO_MATCH,0,,,,No stock row matches enough brand/product/variant detail
SHEA-COS-25399C6D8D92,ELVIVE VIOLET A/SHP,ELVIVE,Default,ELVIVE VIOLET A/SHP,https://cosmeticstoredz.com/produit/elvive-violet-a-shp/,,,NO_MATCH,0,,,,No stock row matches enough brand/product/variant detail
SHEA-COS-9B87ECA3E19C,EMAIL DIAMANT DENTIFRICE,EMAIL,75ML BLANCHEUR POUR DENTS SENSIBLES,EMAIL DIAMANT DENTIFRICE 75ML BLANCHEUR POUR DENTS SENSIBLES,https://cosmeticstoredz.com/produit/email-diamant-dentifrice-75ml-blancheur-pour-dents-sensibles/,75ML,,NO_MATCH,0,,,,No stock row matches enough brand/product/variant detail
SHEA-COS-6EA7C6CB5A2E,EMAIL DIAMANT DENTIFRICE,EMAIL,75ML FORMULE ROUGE,EMAIL DIAMANT DENTIFRICE 75ML FORMULE ROUGE,https://cosmeticstoredz.com/produit/email-diamant-dentifrice-75ml-formule-rouge/,75ML,,NO_MATCH,0,,,,No stock row matches enough brand/product/variant detail
SHEA-COS-E3582513518D,EMBRYOLISSE LAIT CREME CONCENTRE MULTI FONCTION,EMBRYOLISSE,75ML,EMBRYOLISSE LAIT CREME CONCENTRE MULTI FONCTION 75ML,https://cosmeticstoredz.com/produit/embryolisse-lait-creme-concentre-multi-fonction-75ml/,75ML,,NO_MATCH,0,,,,No stock row matches enough brand/product/variant detail
SHEA-COS-D6BFF699B557,ENERGIE FRUIT LAIT DE CORPS,ENERGIE,Default,ENERGIE FRUIT LAIT DE CORPS,https://cosmeticstoredz.com/produit/energie-fruit-lait-de-corps/,,,NO_MATCH,0,,,,No stock row matches enough brand/product/variant detail
SHEA-COS-ACE39282FAB2,ENERGIE FRUIT SHP,ENERGIE,DETOX CHVX RACINES GRASSE ET POINTS SECHES,ENERGIE FRUIT SHP DETOX CHVX RACINES GRASSE ET POINTS SECHES,https://cosmeticstoredz.com/produit/energie-fruit-shp-detox-chvx-racines-grasse-et-points-seches/,,,NO_MATCH,0,,,,No stock row matches enough brand/product/variant detail
SHEA-COS-761E133B1FF5,ENERGIE FRUIT SHP,ENERGIE,PROTECTEUR CHVX COLORES ET MECHES,ENERGIE FRUIT SHP PROTECTEUR CHVX COLORES ET MECHES,https://cosmeticstoredz.com/produit/energie-fruit-shp-protecteur-chvx-colores-et-meches/,,,NO_MATCH,0,,,,No stock row matches enough brand/product/variant detail
SHEA-COS-F444FC46F734,ENERGIE FRUIT SHP,ENERGIE,SANS SULFATE CHVX DIFFICILE A LISSER,ENERGIE FRUIT SHP SANS SULFATE CHVX DIFFICILE A LISSER,https://cosmeticstoredz.com/produit/energie-fruit-shp-sans-sulfate-chvx-difficile-a-lisser/,,,NO_MATCH,0,,,,No stock row matches enough brand/product/variant detail
SHEA-COS-863509545CF2,EQQUAL BERRY GLOW FILTER VITAMINE ILLUMINATING SERUM,EQQUAL,30ML,EQQUAL BERRY GLOW FILTER VITAMINE ILLUMINATING SERUM 30ML,https://cosmeticstoredz.com/produit/eqqual-berry-glow-filter-vitamine-illuminating-serum-30ml/,30ML,,NO_MATCH,0,,,,No stock row matches enough brand/product/variant detail
SHEA-COS-DE5E9C2C4AF4,ESSENCE LASH PRINCESS,ESSENCE,ORANGE VOLUME,ESSENCE LASH PRINCESS ORANGE VOLUME,https://cosmeticstoredz.com/produit/essence-lash-princess-orange-volume/,,,NO_MATCH,0,,,,No stock row matches enough brand/product/variant detail
SHEA-COS-E044BB383E5E,ESSENCE LASH PRINCESS,ESSENCE,WTP,ESSENCE LASH PRINCESS WTP,https://cosmeticstoredz.com/produit/essence-lash-princess-wtp/,,,NO_MATCH,0,,,,No stock row matches enough brand/product/variant detail
SHEA-COS-93722DE6AE42,ESSENCE MASCARA,ESSENCE,"I LOVE EXTREME ,CRAZY VOLUME",ESSENCE MASCARA I LOVE EXTREME CRAZY VOLUME,https://cosmeticstoredz.com/produit/essence-mascara-i-love-extreme-crazy-volume/,,,NO_MATCH,0,,,,No stock row matches enough brand/product/variant detail
SHEA-COS-FF0C68CEEEDF,ESSENCE MASCARA,ESSENCE,"I LOVE EXTREME ,VOLUME",ESSENCE MASCARA I LOVE EXTREME VOLUME,https://cosmeticstoredz.com/produit/essence-mascara-i-love-extreme-volume/,,,NO_MATCH,0,,,,No stock row matches enough brand/product/variant detail
SHEA-COS-1CE6D8DA28DE,ESSENCE MASCARA,ESSENCE,"LASH PRINCESS ,MAUVE",ESSENCE MASCARA LASH PRINCESS MAUVE,https://cosmeticstoredz.com/produit/essence-mascara-lash-princess-mauve/,,,NO_MATCH,0,,,,No stock row matches enough brand/product/variant detail
SHEA-COS-A3A1B2CF247C,ESSENCE MASCARA,ESSENCE,"LASH PRINCESS, VERT",ESSENCE MASCARA LASH PRINCESS VERT,https://cosmeticstoredz.com/produit/essence-mascara-lash-princess-vert/,,,NO_MATCH,0,,,,No stock row matches enough brand/product/variant detail
SHEA-COS-BB1FF3E09B6F,ESSENCE MASCARA,ESSENCE,SUPER CURL,ESSENCE MASCARA SUPER CURL,https://cosmeticstoredz.com/produit/essence-mascara-super-curl/,,,NO_MATCH,0,,,,No stock row matches enough brand/product/variant detail
SHEA-COS-DCE8494A9B29,ESSENCE MASCARA,ESSENCE,VOLUME HERO,ESSENCE MASCARA VOLUME HERO,https://cosmeticstoredz.com/produit/essence-mascara-volume-hero/,,,NO_MATCH,0,,,,No stock row matches enough brand/product/variant detail
SHEA-COS-BE7F8985DBA6,ETIAXIL ANTITRANSPIRANT,ETIAXIL,EXTREME,ETIAXIL ANTITRANSPIRANT EXTREME,https://cosmeticstoredz.com/produit/etiaxil-antitranspirant-extreme/,,,NO_MATCH,0,,,,No stock row matches enough brand/product/variant detail
SHEA-COS-482D533F6B60,ETIAXIL ANTITRANSPIRANT,ETIAXIL,SENSITIVE,ETIAXIL ANTITRANSPIRANT SENSITIVE,https://cosmeticstoredz.com/produit/etiaxil-antitranspirant-sensitive/,,,NO_MATCH,0,,,,No stock row matches enough brand/product/variant detail
SHEA-COS-D5B3182BE4D4,EUCERIN ECRAN TOTAL,EUCERIN,OIL CONTROL TOUCHER SEC PEAU A IMPERFECTIONS,EUCERIN ECRAN TOTAL OIL CONTROL TOUCHER SEC PEAU A IMPERFECTIONS,https://cosmeticstoredz.com/produit/eucerin-ecran-total-oil-control-toucher-sec-peau-a-imperfections/,,,NO_MATCH,0,,,,No stock row matches enough brand/product/variant detail
SHEA-COS-DA4E03294A87,EUCERIN ECRAN TOTAL,EUCERIN,SENSITIVE PROTECT +50SPF,EUCERIN ECRAN TOTAL SENSITIVE PROTECT +50SPF,https://cosmeticstoredz.com/produit/eucerin-ecran-total-sensitive-protect-50spf/,,,NO_MATCH,0,,,,No stock row matches enough brand/product/variant detail
SHEA-COS-3A6B65AE28C0,EUCERIN ECRAN TOTAL,EUCERIN,PIGMENT CONTROL 50+SPF,EUCERIN ECRAN TOTAL PIGMENT CONTROL 50+SPF,https://cosmeticstoredz.com/produit/eucerin-ecrant-total-pigment-control-50spf/,,,NO_MATCH,0,,,,No stock row matches enough brand/product/variant detail
SHEA-COS-01A216DA0CC5,EVOLUDERM CREME MAINS,EVOLUDERM,BEURRE DE CACAO,EVOLUDERM CREME MAINS BEURRE DE CACAO,https://cosmeticstoredz.com/produit/evoluderm-creme-mains-beurre-de-cacao/,,,NO_MATCH,0,,,,No stock row matches enough brand/product/variant detail
SHEA-COS-77C9B56661A4,EVOLUDERM DEODORANT,EVOLUDERM,"200ML, MONOI A LA FOLIE",EVOLUDERM DEODORANT 200ML MONOI A LA FOLIE,https://cosmeticstoredz.com/produit/evoluderm-deodorant-200ml-monoi-a-la-folie/,200ML,,NO_MATCH,0,,,,No stock row matches enough brand/product/variant detail
SHEA-COS-148F6AFDA86E,EVOLUDERM DEODORANT,EVOLUDERM,"200ML, THE VERT ET CONCOMBRE",EVOLUDERM DEODORANT 200ML THE VERT ET CONCOMBRE,https://cosmeticstoredz.com/produit/evoluderm-deodorant-200ml-the-vert-et-concombre/,200ML,,NO_MATCH,0,,,,No stock row matches enough brand/product/variant detail
SHEA-COS-825CF29ABBAE,EVOLUDERM DEODORANT,EVOLUDERM,"200ML, VANILLE",EVOLUDERM DEODORANT 200ML VANILLE,https://cosmeticstoredz.com/produit/evoluderm-deodorant-200ml-vanille/,200ML,,NO_MATCH,0,,,,No stock row matches enough brand/product/variant detail
SHEA-COS-22F52B69BAE8,EVOLUDERM GEL DOUCHE,EVOLUDERM,ARGAN DIVIN,EVOLUDERM GEL DOUCHE ARGAN DIVIN,https://cosmeticstoredz.com/produit/evoluderm-gel-douche-argan-divin/,,,NO_MATCH,0,,,,No stock row matches enough brand/product/variant detail
SHEA-COS-BF577AFCEDC9,EVOLUDERM GEL DOUCHE,EVOLUDERM,DELICE DE KARITE,EVOLUDERM GEL DOUCHE DELICE DE KARITE,https://cosmeticstoredz.com/produit/evoluderm-gel-douche-delice-de-karite/,,,NO_MATCH,0,,,,No stock row matches enough brand/product/variant detail
SHEA-COS-FFAFD0037B6C,EVOLUDERM GEL DOUCHE,EVOLUDERM,DOUCEUR D AMANDE,EVOLUDERM GEL DOUCHE DOUCEUR D AMANDE,https://cosmeticstoredz.com/produit/evoluderm-gel-douche-douceur-d-amande/,,,NO_MATCH,0,,,,No stock row matches enough brand/product/variant detail
SHEA-COS-E4BEBA31EEAF,EVOLUDERM GEL DOUCHE,EVOLUDERM,HUILE PRECIEUSE,EVOLUDERM GEL DOUCHE HUILE PRECIEUSE,https://cosmeticstoredz.com/produit/evoluderm-gel-douche-huile-precieuse/,,,NO_MATCH,0,,,,No stock row matches enough brand/product/variant detail
SHEA-COS-2A1DC34635B3,EVOLUDERM GEL DOUCHE,EVOLUDERM,SURGRAS,EVOLUDERM GEL DOUCHE SURGRAS,https://cosmeticstoredz.com/produit/evoluderm-gel-douche-surgras/,,,NO_MATCH,0,,,,No stock row matches enough brand/product/variant detail
SHEA-COS-DA8DEC85CB70,EVOLUDERM GEL DOUCHE,EVOLUDERM,VANILLE,EVOLUDERM GEL DOUCHE VANILLE,https://cosmeticstoredz.com/produit/evoluderm-gel-douche-vanille/,,,NO_MATCH,0,,,,No stock row matches enough brand/product/variant detail
SHEA-COS-8576B4905A9F,EVOLUDERM GOMMAGE VISAGE,EVOLUDERM,AGRUMES,EVOLUDERM GOMMAGE VISAGE AGRUMES,https://cosmeticstoredz.com/produit/evoluderm-gommage-visage-agrumes/,,,NO_MATCH,0,,,,No stock row matches enough brand/product/variant detail
SHEA-COS-64A38E7297CC,EVOLUDERM GOMMAGE VISAGE,EVOLUDERM,ALOE VERA,EVOLUDERM GOMMAGE VISAGE ALOE VERA,https://cosmeticstoredz.com/produit/evoluderm-gommage-visage-aloe-vera/,,,NO_MATCH,0,,,,No stock row matches enough brand/product/variant detail
SHEA-COS-FEA8759D4FB8,EVOLUDERM LOTION TONIQUE PEAUX,EVOLUDERM,MIXTE A GRASSE,EVOLUDERM LOTION TONIQUE PEAUX MIXTE A GRASSE,https://cosmeticstoredz.com/produit/evoluderm-lotion-tonique-peaux-mixte-a-grasse/,,,NO_MATCH,0,,,,No stock row matches enough brand/product/variant detail
SHEA-COS-ED06A691C2C3,EVOLUDERM LOTION TONIQUE PEAUX,EVOLUDERM,NORMALES,EVOLUDERM LOTION TONIQUE PEAUX NORMALES,https://cosmeticstoredz.com/produit/evoluderm-lotion-tonique-peaux-normales/,,,NO_MATCH,0,,,,No stock row matches enough brand/product/variant detail
SHEA-COS-7D1CA580D277,EVOLUDERM LOTION TONIQUE PEAUX,EVOLUDERM,SENSIBLE,EVOLUDERM LOTION TONIQUE PEAUX SENSIBLE,https://cosmeticstoredz.com/produit/evoluderm-lotion-tonique-peaux-sensible/,,,NO_MATCH,0,,,,No stock row matches enough brand/product/variant detail
SHEA-COS-08D82DC1A211,EVOLUDERM MSQ VISAGE ARGAN,EVOLUDERM,Default,EVOLUDERM MSQ VISAGE ARGAN,https://cosmeticstoredz.com/produit/evoluderm-msq-visage-argan/,,,NO_MATCH,0,,,,No stock row matches enough brand/product/variant detail
SHEA-COS-E80FF8A7ABBB,EVOLUDERM SHP,EVOLUDERM,"400ML ,ARGAN DIVIN",EVOLUDERM SHP 400ML ARGAN DIVIN,https://cosmeticstoredz.com/produit/evoluderm-shp-400ml-argan-divin/,400ML,,NO_MATCH,0,,,,No stock row matches enough brand/product/variant detail
SHEA-COS-FCBF22988B1E,EVOLUDERM SHP,EVOLUDERM,"400ML ,COLOR",EVOLUDERM SHP 400ML COLOR,https://cosmeticstoredz.com/produit/evoluderm-shp-400ml-color/,400ML,,NO_MATCH,0,,,,No stock row matches enough brand/product/variant detail
SHEA-COS-3832DEF3A9C4,EVOLUDERM SHP,EVOLUDERM,"400ML, DELICE DE KARITE",EVOLUDERM SHP 400ML DELICE DE KARITE,https://cosmeticstoredz.com/produit/evoluderm-shp-400ml-delice-de-karite/,400ML,,NO_MATCH,0,,,,No stock row matches enough brand/product/variant detail
SHEA-COS-10AB917E92F0,EVOLUDERM SHP,EVOLUDERM,"400ML, DOUCEUR D AMANDE",EVOLUDERM SHP 400ML DOUCEUR D AMANDE,https://cosmeticstoredz.com/produit/evoluderm-shp-400ml-douceur-d-amande/,400ML,,NO_MATCH,0,,,,No stock row matches enough brand/product/variant detail
SHEA-COS-FD6912955907,EVOLUDERM SHP,EVOLUDERM,"400ML, HUILE PRECIEUSE",EVOLUDERM SHP 400ML HUILE PRECIEUSE,https://cosmeticstoredz.com/produit/evoluderm-shp-400ml-huile-precieuse/,400ML,,NO_MATCH,0,,,,No stock row matches enough brand/product/variant detail
SHEA-COS-EFC10297984E,EVOLUDERM SHP,EVOLUDERM,"400ML, MIEL GOURMAND",EVOLUDERM SHP 400ML MIEL GOURMAND,https://cosmeticstoredz.com/produit/evoluderm-shp-400ml-miel-gourmand/,400ML,,NO_MATCH,0,,,,No stock row matches enough brand/product/variant detail
SHEA-COS-F477EBEDD1EF,EVORIA BLOND D OR DIAMOND,EVORIA,Default,EVORIA BLOND D OR DIAMOND,https://cosmeticstoredz.com/produit/evoria-blond-d-or-diamond/,,,NO_MATCH,0,,,,No stock row matches enough brand/product/variant detail
SHEA-COS-B435D07574A8,EVORIA BLOND D OR PLEX,EVORIA,Default,EVORIA BLOND D OR PLEX,https://cosmeticstoredz.com/produit/evoria-blond-d-or-plex/,,,NO_MATCH,0,,,,No stock row matches enough brand/product/variant detail
SHEA-COS-287F30F580B8,EVORIA BRUME CHEVEUX ET CORPS,EVORIA,100ML CITRUS DELIGHT,EVORIA BRUME CHEVEUX ET CORPS 100ML CITRUS DELIGHT,https://cosmeticstoredz.com/produit/evoria-brume-cheveux-et-corps-100ml-citrus-delight/,100ML,,NO_MATCH,0,,,,No stock row matches enough brand/product/variant detail
SHEA-COS-E30D9E641907,EVORIA BRUME CHEVEUX ET CORPS,EVORIA,"250ML, DOUCEUR CARAMEL",EVORIA BRUME CHEVEUX ET CORPS 250ML DOUCEUR CARAMEL,https://cosmeticstoredz.com/produit/evoria-brume-cheveux-et-corps-250ml-douceur-caramel/,250ML,,NO_MATCH,0,,,,No stock row matches enough brand/product/variant detail
SHEA-COS-1ABF3CC6C6F5,EVORIA BRUME CHEVEUX ET CORPS,EVORIA,"250ML ,FRAISE ENCHANTEE",EVORIA BRUME CHEVEUX ET CORPS 250ML FRAISE ENCHANTEE,https://cosmeticstoredz.com/produit/evoria-brume-cheveux-et-corps-250ml-fraise-enchantee/,250ML,,NO_MATCH,0,,,,No stock row matches enough brand/product/variant detail
SHEA-COS-DCB831FF1AA9,EVORIA BRUME CHEVEUX ET CORPS,EVORIA,"250ML ,MUSK ROUGE",EVORIA BRUME CHEVEUX ET CORPS 250ML MUSK ROUGE,https://cosmeticstoredz.com/produit/evoria-brume-cheveux-et-corps-250ml-musk-rouge/,250ML,,NO_MATCH,0,,,,No stock row matches enough brand/product/variant detail
SHEA-COS-7DD099BA9CBF,EVORIA BRUME CORPS,EVORIA,"250ML ,MUSK ORIGINAL",EVORIA BRUME CORPS 250ML MUSK ORIGINAL,https://cosmeticstoredz.com/produit/evoria-brum-corps-250ml-musk-original/,250ML,,NO_MATCH,0,,,,No stock row matches enough brand/product/variant detail
SHEA-COS-FD9C2F16924F,EVORIA BRUME CORPS,EVORIA,"250ML ,VANILLE TROPICAL",EVORIA BRUME CORPS 250ML VANILLE TROPICAL,https://cosmeticstoredz.com/produit/evoria-brum-corps-250ml-vanille-tropical/,250ML,,NO_MATCH,0,,,,No stock row matches enough brand/product/variant detail
SHEA-COS-FBF33C542728,EVORIA BRUME DE CORPS,EVORIA,250ML AUBE BRUITEE,EVORIA BRUME DE CORPS 250ML AUBE BRUITEE,https://cosmeticstoredz.com/produit/evoria-brum-corps-250ml-aube-bruitee/,250ML,,NO_MATCH,0,,,,No stock row matches enough brand/product/variant detail
SHEA-COS-39544799AAC6,EVORIA BRUME DE CORPS,EVORIA,250ML CHANT FLORAL,EVORIA BRUME DE CORPS 250ML CHANT FLORAL,https://cosmeticstoredz.com/produit/evoria-brum-corps-250ml-chant-floral/,250ML,,NO_MATCH,0,,,,No stock row matches enough brand/product/variant detail
SHEA-COS-EDEFCBCF3BB3,EVORIA BRUME DE CORPS,EVORIA,250ML JOLIE ET COQUETTE,EVORIA BRUME DE CORPS 250ML JOLIE ET COQUETTE,https://cosmeticstoredz.com/produit/evoria-brum-corps-250ml-jolie-et-coquette/,250ML,,NO_MATCH,0,,,,No stock row matches enough brand/product/variant detail
SHEA-COS-920CE2689450,EVORIA BRUME DE CORPS,EVORIA,250ML HORIZON GLAMOUR,EVORIA BRUME DE CORPS 250ML HORIZON GLAMOUR,https://cosmeticstoredz.com/produit/evoria-brume-de-copr-250ml-horizon-glamour/,250ML,,NO_MATCH,0,,,,No stock row matches enough brand/product/variant detail
SHEA-COS-98E7ECBC3194,EVORIA BRUME DE CORPS,EVORIA,250ML FRISSON ROUGE,EVORIA BRUME DE CORPS 250ML FRISSON ROUGE,https://cosmeticstoredz.com/produit/evoria-brume-de-coprs-250ml-frisson-rouge/,250ML,,NO_MATCH,0,,,,No stock row matches enough brand/product/variant detail
SHEA-COS-A8538260EFF6,EVORIA BRUME DE CORPS,EVORIA,250ML MIRAGE NOCTURNE,EVORIA BRUME DE CORPS 250ML MIRAGE NOCTURNE,https://cosmeticstoredz.com/produit/evoria-brume-de-coprs-250ml-mirage-nocturne/,250ML,,NO_MATCH,0,,,,No stock row matches enough brand/product/variant detail
SHEA-COS-DA3C0E22929B,EVORIA BRUME DE CORPS,EVORIA,250ML DELICE SUCRE,EVORIA BRUME DE CORPS 250ML DELICE SUCRE,https://cosmeticstoredz.com/produit/evoria-brume-de-corps-250ml-delice-sucre/,250ML,,NO_MATCH,0,,,,No stock row matches enough brand/product/variant detail
SHEA-COS-D545A3FD6E3D,EVORIA BRUME PARFUMEE CHEVEUX ET CORPS,EVORIA,100ML TROPICAL DROP,EVORIA BRUME PARFUMEE CHEVEUX ET CORPS 100ML TROPICAL DROP,https://cosmeticstoredz.com/produit/evoria-brume-parfumee-cheveux-et-corps-100ml-tropical-drop/,100ML,,NO_MATCH,0,,,,No stock row matches enough brand/product/variant detail
SHEA-COS-EE1D90109216,EXCELLENCE COLORATION,EXCELLENCE,"N 9, BLOND TRES CLAIR",EXCELLENCE COLORATION N 9 BLOND TRES CLAIR,https://cosmeticstoredz.com/produit/excellence-coloration-n-9-blond-tres-clair/,,,NO_MATCH,0,,,,No stock row matches enough brand/product/variant detail
SHEA-COS-1497A046CCDE,EXCELLENCE PREFERENCE 9 hollywood,EXCELLENCE,Default,EXCELLENCE PREFERENCE 9 hollywood,https://cosmeticstoredz.com/produit/excellence-preference-9-hollywood/,,,NO_MATCH,0,,,,No stock row matches enough brand/product/variant detail
SHEA-COS-E7311A57E6E8,FLORE MASQUE CAPILLAIRE REPARE ET PROTEGE ANTI CHUTE,FLORE,250G,FLORE MASQUE CAPILLAIRE REPARE ET PROTEGE ANTI CHUTE 250G,https://cosmeticstoredz.com/produit/flore-masque-capillaire-repare-et-protege-anti-chute-250g/,250G,,NO_MATCH,0,,,,No stock row matches enough brand/product/variant detail
SHEA-COS-B011FD0C27BA,FLORE PERFECT SKIN GEL NETTOYANT,FLORE,ACIDE SALICYLIQUE,FLORE PERFECT SKIN GEL NETTOYANT ACIDE SALICYLIQUE,https://cosmeticstoredz.com/produit/flore-perfect-skin-gel-nettoyant-acide-salicylique/,,,NO_MATCH,0,,,,No stock row matches enough brand/product/variant detail
SHEA-COS-93568358C80D,FLORE PERFECT SKIN SERUM ACIDE HYALURONIQUE,FLORE,B5,FLORE PERFECT SKIN SERUM ACIDE HYALURONIQUE B5,https://cosmeticstoredz.com/produit/flore-perfect-skin-serum-acide-hyaluronique-b5/,,,NO_MATCH,0,,,,No stock row matches enough brand/product/variant detail
SHEA-COS-90C92BA98FCC,FLORE PERFECT SKIN SHAMPOOING,FLORE,RENFORCE ET PURIFIE,FLORE PERFECT SKIN SHAMPOOING RENFORCE ET PURIFIE,https://cosmeticstoredz.com/produit/flore-perfect-skin-shampooing-renforce-et-purifie/,,,NO_MATCH,0,,,,No stock row matches enough brand/product/variant detail
SHEA-COS-F4C07C66C910,FLORE TONER NOURRIT ET APAISE ANTI CHUTE,FLORE,150ML,FLORE TONER NOURRIT ET APAISE ANTI CHUTE 150ML,https://cosmeticstoredz.com/produit/flore-toner-nourrit-et-apaise-anti-chute-150ml/,150ML,,NO_MATCH,0,,,,No stock row matches enough brand/product/variant detail
SHEA-COS-4D5EBF4231E3,FLORMAR BASE PRIMER ILLUMINATING,FLORMAR,Default,FLORMAR BASE PRIMER ILLUMINATING,https://cosmeticstoredz.com/produit/flormar-base-primer-illuminating/,,,NO_MATCH,0,,,,No stock row matches enough brand/product/variant detail
SHEA-COS-C32CA85EA341,FLORMAR COLOR MASTER LIPSTICK,FLORMAR,005,FLORMAR COLOR MASTER LIPSTICK 005,https://cosmeticstoredz.com/produit/flormar-color-master-lipstick-005/,,,NO_MATCH,0,,,,No stock row matches enough brand/product/variant detail
SHEA-COS-5303001E5BF9,FLORMAR COLOR MASTER LIPSTICK,FLORMAR,008,FLORMAR COLOR MASTER LIPSTICK 008,https://cosmeticstoredz.com/produit/flormar-color-master-lipstick-008/,,,NO_MATCH,0,,,,No stock row matches enough brand/product/variant detail
SHEA-COS-283E151CA80E,FLORMAR COLOR MASTER LIPSTICK,FLORMAR,011,FLORMAR COLOR MASTER LIPSTICK 011,https://cosmeticstoredz.com/produit/flormar-color-master-lipstick-011/,,,NO_MATCH,0,,,,No stock row matches enough brand/product/variant detail
SHEA-COS-0CBDC540772F,FLORMAR COLOR MASTER LIPSTICK,FLORMAR,012,FLORMAR COLOR MASTER LIPSTICK 012,https://cosmeticstoredz.com/produit/flormar-color-master-lipstick-012/,,,NO_MATCH,0,,,,No stock row matches enough brand/product/variant detail
SHEA-COS-B71C574121FB,FLORMAR COLOR MASTER LIPSTICK,FLORMAR,014,FLORMAR COLOR MASTER LIPSTICK 014,https://cosmeticstoredz.com/produit/flormar-color-master-lipstick-014/,,,NO_MATCH,0,,,,No stock row matches enough brand/product/variant detail
SHEA-COS-AB5EA71384EB,FLORMAR COLOR MASTER LIPSTICK,FLORMAR,015,FLORMAR COLOR MASTER LIPSTICK 015,https://cosmeticstoredz.com/produit/flormar-color-master-lipstick-015/,,,NO_MATCH,0,,,,No stock row matches enough brand/product/variant detail
SHEA-COS-287B1CD97285,FLORMAR FOUNDATION SKIN LIFTING 010 PORCELAIN,FLORMAR,Default,FLORMAR FOUNDATION SKIN LIFTING 010 PORCELAIN,https://cosmeticstoredz.com/produit/flormar-foundation-skin-lifting-010-porcelain/,,,NO_MATCH,0,,,,No stock row matches enough brand/product/variant detail
SHEA-COS-BC1111EB902A,FLUX CARE A/SHP,FLUX,240ML FIGUE FRAICHE,FLUX CARE A/SHP 240ML FIGUE FRAICHE,https://cosmeticstoredz.com/produit/flux-care-a-shp-240ml-figue-fraiche/,240ML,,NO_MATCH,0,,,,No stock row matches enough brand/product/variant detail
SHEA-COS-11CDDC72C30A,FLUX CARE A/SHP,FLUX,240ML OLIVE DIVINE,FLUX CARE A/SHP 240ML OLIVE DIVINE,https://cosmeticstoredz.com/produit/flux-care-a-shp-240ml-olive-divine/,240ML,,NO_MATCH,0,,,,No stock row matches enough brand/product/variant detail
SHEA-COS-E6559ACBAC9B,FLUX CARE A/SHP,FLUX,BOND RESTORE,FLUX CARE A/SHP BOND RESTORE,https://cosmeticstoredz.com/produit/flux-care-a-shp-bond-restore/,,,NO_MATCH,0,,,,No stock row matches enough brand/product/variant detail
SHEA-COS-727566E1D33D,FLUX CARE A/SHP,FLUX,HYALURON 265ML,FLUX CARE A/SHP HYALURON 265ML,https://cosmeticstoredz.com/produit/flux-care-a-shp-hyaluron-265ml/,265ML,,NO_MATCH,0,,,,No stock row matches enough brand/product/variant detail
SHEA-COS-DA33D6433604,FLUX CARE A/SHP,FLUX,PERFECT LONG 250ML,FLUX CARE A/SHP PERFECT LONG 250ML,https://cosmeticstoredz.com/produit/flux-care-a-shp-perfect-long-250ml/,250ML,,NO_MATCH,0,,,,No stock row matches enough brand/product/variant detail
SHEA-COS-0E5558BA0A4C,FLUX CARE A/SHP,FLUX,"240ML ,CAMOMILLE ET FLEUR DE MIEL",FLUX CARE A/SHP 240ML CAMOMILLE ET FLEUR DE MIEL,https://cosmeticstoredz.com/produit/flux-care-a-shp-240ml-camomille-et-fleur-de-miel/,240ML,,NO_MATCH,0,,,,No stock row matches enough brand/product/variant detail
SHEA-COS-3B72C5CFDEEC,FLUX CARE A/SHP,FLUX,"240ML, EAU DE COCO & ALOE VERA",FLUX CARE A/SHP 240ML EAU DE COCO & ALOE VERA,https://cosmeticstoredz.com/produit/flux-care-a-shp-240ml-eau-de-coco-aloe-vera/,240ML,,NO_MATCH,0,,,,No stock row matches enough brand/product/variant detail
SHEA-COS-C2B322FABDC7,FLUX CARE A/SHP,FLUX,"240ML, FIGUE FRAICHE & SUCRE DORE",FLUX CARE A/SHP 240ML FIGUE FRAICHE & SUCRE DORE,https://cosmeticstoredz.com/produit/flux-care-a-shp-240ml-figue-fraiche-sucre-dore/,240ML,,NO_MATCH,0,,,,No stock row matches enough brand/product/variant detail
SHEA-COS-568AB9EF4354,FLUX CARE A/SHP,FLUX,"240ML, HUILE D ARGAN & CRANBERRY",FLUX CARE A/SHP 240ML HUILE D ARGAN & CRANBERRY,https://cosmeticstoredz.com/produit/flux-care-a-shp-240ml-huile-d-argan-cranberry/,240ML,,NO_MATCH,0,,,,No stock row matches enough brand/product/variant detail
SHEA-COS-756CAACD6633,FLUX CARE A/SHP,FLUX,"240ML ,HUILE DE MONOI ET NEROLI",FLUX CARE A/SHP 240ML HUILE DE MONOI ET NEROLI,https://cosmeticstoredz.com/produit/flux-care-a-shp-240ml-huile-de-monoi-et-neroli/,240ML,,NO_MATCH,0,,,,No stock row matches enough brand/product/variant detail
SHEA-COS-F3DB146B35BB,FLUX CARE A/SHP,FLUX,"240ML, PLANTES PRECIEUSES",FLUX CARE A/SHP 240ML PLANTES PRECIEUSES,https://cosmeticstoredz.com/produit/flux-care-a-shp-240ml-plantes-precieuses/,240ML,,NO_MATCH,0,,,,No stock row matches enough brand/product/variant detail
SHEA-COS-C04917DBAD92,FLUX CARE A/SHP,FLUX,AVOCAT,FLUX CARE A/SHP AVOCAT,https://cosmeticstoredz.com/produit/flux-care-a-shp-avocat/,,,NO_MATCH,0,,,,No stock row matches enough brand/product/variant detail
SHEA-COS-E1CF71E788A1,FLUX CARE A/SHP,FLUX,REVIVE HYALURONIQUE,FLUX CARE A/SHP REVIVE HYALURONIQUE,https://cosmeticstoredz.com/produit/flux-care-a-shp-revive-hyaluronique/,,,NO_MATCH,0,,,,No stock row matches enough brand/product/variant detail
SHEA-COS-574EAE9FDBDB,FLUX CARE A/SHP,FLUX,SILVER,FLUX CARE A/SHP SILVER,https://cosmeticstoredz.com/produit/flux-care-a-shp-silver-2/,,,NO_MATCH,0,,,,No stock row matches enough brand/product/variant detail
SHEA-COS-FB1E27269725,FLUX CARE ANTI TRANSPIRANT STICK CREME STAY FRESH CITRON,FLUX,Default,FLUX CARE ANTI TRANSPIRANT STICK CREME STAY FRESH CITRON,https://cosmeticstoredz.com/produit/flux-care-anti-transpirant-stick-creme-stay-fresh-citron/,,,NO_MATCH,0,,,,No stock row matches enough brand/product/variant detail
SHEA-COS-394CD1B207A0,FLUX CARE APRES SHAMPOING,FLUX,ULTIMATE REPAIRE,FLUX CARE APRES SHAMPOING ULTIMATE REPAIRE,https://cosmeticstoredz.com/produit/flux-care-apres-shampoing-ultimate-repaire/,,,NO_MATCH,0,,,,No stock row matches enough brand/product/variant detail
SHEA-COS-B71E1ED267F3,FLUX CARE BRUME CORPS ENJOYING FLOWER,FLUX,Default,FLUX CARE BRUME CORPS ENJOYING FLOWER,https://cosmeticstoredz.com/produit/flux-care-brume-corps-enjoying-flower/,,,NO_MATCH,0,,,,No stock row matches enough brand/product/variant detail
SHEA-COS-40A0ACA30FD0,FLUX CARE BRUME PARFUMEE CHEVX ET CORPS LET’S GO TO CUBA,FLUX,Default,FLUX CARE BRUME PARFUMEE CHEVX ET CORPS LET’S GO TO CUBA,https://cosmeticstoredz.com/produit/flux-care-brume-parfumee-chevx-et-corps-lets-go-to-cuba/,,,NO_MATCH,0,,,,No stock row matches enough brand/product/variant detail
SHEA-COS-83CC224816C0,FLUX CARE CREME HYDRATANTE VISAGE ET CORPS,FLUX,370ML AVOCAT ET VITAMINE B5,FLUX CARE CREME HYDRATANTE VISAGE ET CORPS 370ML AVOCAT ET VITAMINE B5,https://cosmeticstoredz.com/produit/flux-care-creme-hydratante-visage-et-corps-370ml-avocat-et-vitamine-b5/,370ML,,NO_MATCH,0,,,,No stock row matches enough brand/product/variant detail
SHEA-COS-DC353D1CDC23,FLUX CARE CREME HYDRATANTE VISAGE ET CORPS,FLUX,370ML EAU DE ROSE ET BEURRE DE KARITE,FLUX CARE CREME HYDRATANTE VISAGE ET CORPS 370ML EAU DE ROSE ET BEURRE DE KARITE,https://cosmeticstoredz.com/produit/flux-care-creme-hydratante-visage-et-corps-370ml-eau-de-rose-et-beurre-de-karite/,370ML,,NO_MATCH,0,,,,No stock row matches enough brand/product/variant detail
SHEA-COS-5E92C848D16D,FLUX CARE CREME HYDRATANTE VISAGE ET CORPS,FLUX,370ML HUILE D’ARGAN ET CRAMBERRY,FLUX CARE CREME HYDRATANTE VISAGE ET CORPS 370ML HUILE D’ARGAN ET CRAMBERRY,https://cosmeticstoredz.com/produit/flux-care-creme-hydratante-visage-et-corps-370ml-huile-dargan-et-cramberry/,370ML,,NO_MATCH,0,,,,No stock row matches enough brand/product/variant detail
SHEA-COS-25377D2C7FA4,FLUX CARE CREME HYDRATANTE VISAGE ET CORPS,FLUX,370ML VITAMINE C ET MIEL DE FLEURS,FLUX CARE CREME HYDRATANTE VISAGE ET CORPS 370ML VITAMINE C ET MIEL DE FLEURS,https://cosmeticstoredz.com/produit/flux-care-creme-hydratante-visage-et-corps-370ml-vitamine-c-et-miel-de-fleurs/,370ML,,NO_MATCH,0,,,,No stock row matches enough brand/product/variant detail
SHEA-COS-703F5A971FBD,FLUX CARE CREME PARFUMEE,FLUX,STAY FRESH CONCOMBRE,FLUX CARE CREME PARFUMEE STAY FRESH CONCOMBRE,https://cosmeticstoredz.com/produit/flux-care-creme-parfumee-stay-fresh-concombre/,,,NO_MATCH,0,,,,No stock row matches enough brand/product/variant detail
SHEA-COS-A0BDC6D1EDD5,FLUX CARE CREME PARFUMEE,FLUX,STAY FRESH GRENADE,FLUX CARE CREME PARFUMEE STAY FRESH GRENADE,https://cosmeticstoredz.com/produit/flux-care-creme-parfumee-stay-fresh-grenade/,,,NO_MATCH,0,,,,No stock row matches enough brand/product/variant detail
SHEA-COS-7CCDFFF4A5FA,FLUX CARE CREME PARFUMEE,FLUX,STAY ORIGINAL,FLUX CARE CREME PARFUMEE STAY ORIGINAL,https://cosmeticstoredz.com/produit/flux-care-creme-parfumee-stay-original/,,,NO_MATCH,0,,,,No stock row matches enough brand/product/variant detail
SHEA-COS-C4D27F7084ED,FLUX CARE CREME PARFUMEE,FLUX,SUMMER BREEZE,FLUX CARE CREME PARFUMEE SUMMER BREEZE,https://cosmeticstoredz.com/produit/flux-care-creme-parfumee-summer-breeze/,,,NO_MATCH,0,,,,No stock row matches enough brand/product/variant detail
SHEA-COS-CEB71E0FEA05,FLUX CARE CREME PARFUMEE,FLUX,ENJOY FLOWER,FLUX CARE CREME PARFUMEE ENJOY FLOWER,https://cosmeticstoredz.com/produit/flux-care-creme-parfumee-enjoy-flower/,,,NO_MATCH,0,,,,No stock row matches enough brand/product/variant detail
SHEA-COS-03A806278B29,FLUX CARE CREME PARFUMEE,FLUX,"LETS,TO BALI",FLUX CARE CREME PARFUMEE LETS TO BALI,https://cosmeticstoredz.com/produit/flux-care-creme-parfumee-lets-to-bali/,,,NO_MATCH,0,,,,No stock row matches enough brand/product/variant detail
SHEA-COS-D2B65298AFD1,FLUX CARE CREME PARFUMEE,FLUX,"LETS, TO BRAZIL",FLUX CARE CREME PARFUMEE LETS TO BRAZIL,https://cosmeticstoredz.com/produit/flux-care-creme-parfumee-lets-to-brazil/,,,NO_MATCH,0,,,,No stock row matches enough brand/product/variant detail
SHEA-COS-131A754DA71E,FLUX CARE CREME SOLAIRE,FLUX,Default,FLUX CARE CREME SOLAIRE,https://cosmeticstoredz.com/produit/flux-care-creme-solaire/,,,NO_MATCH,0,,,,No stock row matches enough brand/product/variant detail
SHEA-COS-7BD7F48649E2,FLUX CARE DEODORANT,FLUX,CHARMING PLUM,FLUX CARE DEODORANT CHARMING PLUM,https://cosmeticstoredz.com/produit/flux-care-deodorant-charming-plum/,,,NO_MATCH,0,,,,No stock row matches enough brand/product/variant detail
SHEA-COS-345F83CAE802,FLUX CARE DEODORANT,FLUX,GOLDEN MANGO,FLUX CARE DEODORANT GOLDEN MANGO,https://cosmeticstoredz.com/produit/flux-care-deodorant-golden-mango/,,,NO_MATCH,0,,,,No stock row matches enough brand/product/variant detail
SHEA-COS-6AFF3F850684,FLUX CARE DEODORANT,FLUX,GRENADE,FLUX CARE DEODORANT GRENADE,https://cosmeticstoredz.com/produit/flux-care-deodorant-grenade/,,,NO_MATCH,0,,,,No stock row matches enough brand/product/variant detail
SHEA-COS-08BC120DF495,FLUX CARE DEODORANT,FLUX,INVISBLE DELICATE TOUCH,FLUX CARE DEODORANT INVISBLE DELICATE TOUCH,https://cosmeticstoredz.com/produit/flux-care-deodorant-invisble-delicate-touch/,,,NO_MATCH,0,,,,No stock row matches enough brand/product/variant detail
SHEA-COS-24C8DBE85ED5,FLUX CARE DEODORANT,FLUX,INVISIBLE FRESH ALOE VERA,FLUX CARE DEODORANT INVISIBLE FRESH ALOE VERA,https://cosmeticstoredz.com/produit/flux-care-deodorant-invisible-fresh-aloe-vera/,,,NO_MATCH,0,,,,No stock row matches enough brand/product/variant detail
SHEA-COS-3BEE7B96D50C,FLUX CARE DEODORANT,FLUX,INVISIBLE BLACK AND WHITE,FLUX CARE DEODORANT INVISIBLE BLACK AND WHITE,https://cosmeticstoredz.com/produit/flux-care-deodorant-invisible-black-and-white/,,,NO_MATCH,0,,,,No stock row matches enough brand/product/variant detail
SHEA-COS-85212148859F,FLUX CARE DEODORANT,FLUX,INVISIBLE PASSION FRUIT,FLUX CARE DEODORANT INVISIBLE PASSION FRUIT,https://cosmeticstoredz.com/produit/flux-care-deodorant-invisible-passion-fruit/,,,NO_MATCH,0,,,,No stock row matches enough brand/product/variant detail
SHEA-COS-F9699A6C6519,FLUX CARE DEODORANT,FLUX,LET’S GO TO BALI,FLUX CARE DEODORANT LET’S GO TO BALI,https://cosmeticstoredz.com/produit/flux-care-deodorant-lets-go-to-bali/,,,NO_MATCH,0,,,,No stock row matches enough brand/product/variant detail
SHEA-COS-C96C1A17BEC5,FLUX CARE DEODORANT,FLUX,WHITE BLOSSOM,FLUX CARE DEODORANT WHITE BLOSSOM,https://cosmeticstoredz.com/produit/flux-care-deodorant-white-blossom/,,,NO_MATCH,0,,,,No stock row matches enough brand/product/variant detail
SHEA-COS-586296702BA3,FLUX CARE DEODORANT,FLUX,"LET S GO ,TO BRAZIL",FLUX CARE DEODORANT LET S GO TO BRAZIL,https://cosmeticstoredz.com/produit/flux-care-deodorant-let-s-go-to-brazil/,,,NO_MATCH,0,,,,No stock row matches enough brand/product/variant detail
SHEA-COS-4F465038D1CB,FLUX CARE DEODORANT,FLUX,LITCHI,FLUX CARE DEODORANT LITCHI,https://cosmeticstoredz.com/produit/flux-care-deodorant-litchi/,,,NO_MATCH,0,,,,No stock row matches enough brand/product/variant detail
SHEA-COS-8DA3037EB3ED,FLUX CARE DEODORANT,FLUX,CITRON,FLUX CARE DEODORANT CITRON,https://cosmeticstoredz.com/produit/flux-care-deodorant-citron/,,,NO_MATCH,0,,,,No stock row matches enough brand/product/variant detail
SHEA-COS-165E504E50E0,FLUX CARE DEODORANT,FLUX,CONCOMBRE,FLUX CARE DEODORANT CONCOMBRE,https://cosmeticstoredz.com/produit/flux-care-deodorant-concombre/,,,NO_MATCH,0,,,,No stock row matches enough brand/product/variant detail
SHEA-COS-8A92C7C3D481,FLUX CARE DEODORANT,FLUX,"ENJOYING ,PEONY",FLUX CARE DEODORANT ENJOYING PEONY,https://cosmeticstoredz.com/produit/flux-care-deodorant-enjoying-peony/,,,NO_MATCH,0,,,,No stock row matches enough brand/product/variant detail
SHEA-COS-E80664CDF333,FLUX CARE DEODORANT,FLUX,"ENJOYING ,WATERLILY",FLUX CARE DEODORANT ENJOYING WATERLILY,https://cosmeticstoredz.com/produit/flux-care-deodorant-enjoying-waterlily/,,,NO_MATCH,0,,,,No stock row matches enough brand/product/variant detail
SHEA-COS-A376E0195C86,FLUX CARE DEODORANT,FLUX,FLEUR DE COTON,FLUX CARE DEODORANT FLEUR DE COTON,https://cosmeticstoredz.com/produit/flux-care-deodorant-fleur-de-coton/,,,NO_MATCH,0,,,,No stock row matches enough brand/product/variant detail
SHEA-COS-C99A9BB9BA8D,FLUX CARE DEODORANT,FLUX,"LET S GO ,TO CUBA",FLUX CARE DEODORANT LET S GO TO CUBA,https://cosmeticstoredz.com/produit/flux-care-deodorant-let-s-go-to-cuba/,,,NO_MATCH,0,,,,No stock row matches enough brand/product/variant detail
SHEA-COS-F82656D28687,FLUX CARE DEODORANT,FLUX,"LET S GO ,TO HAWAII",FLUX CARE DEODORANT LET S GO TO HAWAII,https://cosmeticstoredz.com/produit/flux-care-deodorant-let-s-go-to-hawaii/,,,NO_MATCH,0,,,,No stock row matches enough brand/product/variant detail
SHEA-COS-6C32A51011E7,FLUX CARE DEODORANT,FLUX,LOTUS,FLUX CARE DEODORANT LOTUS,https://cosmeticstoredz.com/produit/flux-care-deodorant-lotus/,,,NO_MATCH,0,,,,No stock row matches enough brand/product/variant detail
SHEA-COS-54BB70307973,FLUX CARE DEODORANT,FLUX,PECHES,FLUX CARE DEODORANT PECHES,https://cosmeticstoredz.com/produit/flux-care-deodorant-peches/,,,NO_MATCH,0,,,,No stock row matches enough brand/product/variant detail
SHEA-COS-2055E35C8E71,FLUX CARE DEODORANT,FLUX,SUMMER BREEZE,FLUX CARE DEODORANT SUMMER BREEZE,https://cosmeticstoredz.com/produit/flux-care-deodorant-summer-breeze/,,,NO_MATCH,0,,,,No stock row matches enough brand/product/variant detail
SHEA-COS-FA09F0BFE18E,FLUX CARE EAU MICELLAIRE,FLUX,295ML ALOE VERA,FLUX CARE EAU MICELLAIRE 295ML ALOE VERA,https://cosmeticstoredz.com/produit/flux-care-eau-micellaire-295ml-aloe-vera/,295ML,,NO_MATCH,0,,,,No stock row matches enough brand/product/variant detail
SHEA-COS-FDDDD237D90B,FLUX CARE GEL DOUCHE GOMMANT,FLUX,FIGUE FRAICHE SUCRE DORE,FLUX CARE GEL DOUCHE GOMMANT FIGUE FRAICHE SUCRE DORE,https://cosmeticstoredz.com/produit/flux-care-gel-douche-gommant-figue-fraiche-sucre-dore/,,,NO_MATCH,0,,,,No stock row matches enough brand/product/variant detail
SHEA-COS-F881F4DB1468,FLUX CARE GEL INTIME,FLUX,245ML ADOUCISSANT,FLUX CARE GEL INTIME 245ML ADOUCISSANT,https://cosmeticstoredz.com/produit/flux-care-gel-intime-245ml-adoucissant/,245ML,,NO_MATCH,0,,,,No stock row matches enough brand/product/variant detail
SHEA-COS-CE83F196FFD1,FLUX CARE GEL INTIME,FLUX,245ML APAISANT,FLUX CARE GEL INTIME 245ML APAISANT,https://cosmeticstoredz.com/produit/flux-care-gel-intime-245ml-apaisant/,245ML,,NO_MATCH,0,,,,No stock row matches enough brand/product/variant detail
SHEA-COS-0627ACCA70DC,FLUX CARE GEL INTIME,FLUX,245ML HYDRATANT,FLUX CARE GEL INTIME 245ML HYDRATANT,https://cosmeticstoredz.com/produit/flux-care-gel-intime-245ml-hydratant/,245ML,,NO_MATCH,0,,,,No stock row matches enough brand/product/variant detail
SHEA-COS-8885D3607B2A,FLUX CARE GEL NETTOYANT VISAGE,FLUX,390ML A L’HUILE D’ARBRE A THE,FLUX CARE GEL NETTOYANT VISAGE 390ML A L’HUILE D’ARBRE A THE,https://cosmeticstoredz.com/produit/flux-care-gel-nettoyant-visage-390ml-a-lhuile-darbre-a-the/,390ML,,NO_MATCH,0,,,,No stock row matches enough brand/product/variant detail
SHEA-COS-D39E4EF7FEFD,FLUX CARE GEL NETTOYANT VISAGE,FLUX,A L’EXTRAIT D’ALOE VERA PEAU NORMALE,FLUX CARE GEL NETTOYANT VISAGE A L’EXTRAIT D’ALOE VERA PEAU NORMALE,https://cosmeticstoredz.com/produit/flux-care-gel-nettoyant-visage-a-lextrait-daloe-vera-peau-normale/,,,NO_MATCH,0,,,,No stock row matches enough brand/product/variant detail
SHEA-COS-F4EE9D565FD4,FLUX CARE GEL NETTOYANT VISAGE,FLUX,CHARBON VIGETALE,FLUX CARE GEL NETTOYANT VISAGE CHARBON VIGETALE,https://cosmeticstoredz.com/produit/flux-care-gel-nettoyant-visage-charbon-vigetale/,,,NO_MATCH,0,,,,No stock row matches enough brand/product/variant detail
SHEA-COS-97C998B427D1,FLUX CARE GOMMAGE VISAGE ET CORPS,FLUX,CHARBON THE VERT ET ACIDE SALICYLIQUE,FLUX CARE GOMMAGE VISAGE ET CORPS CHARBON THE VERT ET ACIDE SALICYLIQUE,https://cosmeticstoredz.com/produit/flux-care-gommage-visage-et-corps-charbon-the-vert-et-acide-salicylique/,,,NO_MATCH,0,,,,No stock row matches enough brand/product/variant detail
SHEA-COS-9D552C9F34D9,FLUX CARE GOMMAGE VISAGE ET CORPS,FLUX,CURCUMA ET HUILE D’AVOCAT,FLUX CARE GOMMAGE VISAGE ET CORPS CURCUMA ET HUILE D’AVOCAT,https://cosmeticstoredz.com/produit/flux-care-gommage-visage-et-corps-curcuma-et-huile-davocat/,,,NO_MATCH,0,,,,No stock row matches enough brand/product/variant detail
SHEA-COS-71A9E74C920C,FLUX CARE GOMMAGE VISAGE ET CORPS,FLUX,NOIX DE COCO ET ALOE VERA,FLUX CARE GOMMAGE VISAGE ET CORPS NOIX DE COCO ET ALOE VERA,https://cosmeticstoredz.com/produit/flux-care-gommage-visage-et-corps-noix-de-coco-et-aloe-vera/,,,NO_MATCH,0,,,,No stock row matches enough brand/product/variant detail
SHEA-COS-F9F0843E1323,FLUX CARE LAIT DE CORPS,FLUX,380ML CAMOMILLE ET MIEL DE FLEUR,FLUX CARE LAIT DE CORPS 380ML CAMOMILLE ET MIEL DE FLEUR,https://cosmeticstoredz.com/produit/flux-care-lait-de-corps-380ml-camomille-et-miel-de-fleur/,380ML,,NO_MATCH,0,,,,No stock row matches enough brand/product/variant detail
SHEA-COS-EA954B623721,FLUX CARE MASQUE,FLUX,370ML PERFECT LONG,FLUX CARE MASQUE 370ML PERFECT LONG,https://cosmeticstoredz.com/produit/flux-care-masque-370ml-perfect-long/,370ML,,NO_MATCH,0,,,,No stock row matches enough brand/product/variant detail
SHEA-COS-5E553CFB9331,FLUX CARE MASQUE,FLUX,CHVX GLYCOLIC GLOW,FLUX CARE MASQUE CHVX GLYCOLIC GLOW,https://cosmeticstoredz.com/produit/flux-care-masque-chvx-glycolic-glow/,,,NO_MATCH,0,,,,No stock row matches enough brand/product/variant detail
SHEA-COS-E4DA0EF3C5CA,FLUX CARE MASQUE,FLUX,REVIVE HYALURONIQUE,FLUX CARE MASQUE REVIVE HYALURONIQUE,https://cosmeticstoredz.com/produit/flux-care-masque-revive-hyaluronique/,,,NO_MATCH,0,,,,No stock row matches enough brand/product/variant detail
SHEA-COS-9A2356DBDE50,FLUX CARE MASQUE,FLUX,"SANS SULFATE ,AVOCAT",FLUX CARE MASQUE SANS SULFATE AVOCAT,https://cosmeticstoredz.com/produit/flux-care-masque-sans-sulfate-avocat/,,,NO_MATCH,0,,,,No stock row matches enough brand/product/variant detail
SHEA-COS-5A6314B5F4CB,FLUX CARE MASQUE,FLUX,"SANS SULFATE ,COLOR FIX",FLUX CARE MASQUE SANS SULFATE COLOR FIX,https://cosmeticstoredz.com/produit/flux-care-masque-sans-sulfate-color-fix/,,,NO_MATCH,0,,,,No stock row matches enough brand/product/variant detail
SHEA-COS-81F80CC7BAFE,FLUX CARE MASQUE ET PRE-SHAMPOOING CAPILAIRE,FLUX,200ML 5 PLANTES PRECIEUSES,FLUX CARE MASQUE ET PRE-SHAMPOOING CAPILAIRE 200ML 5 PLANTES PRECIEUSES,https://cosmeticstoredz.com/produit/flux-care-masque-et-pre-shampooing-capilaire-200ml-5-plantes-precieuses/,200ML,,NO_MATCH,0,,,,No stock row matches enough brand/product/variant detail
SHEA-COS-9A214AD1D807,FLUX CARE MASQUE ET PRE-SHAMPOOING CAPILAIRE,FLUX,200ML FIGUE FRAICHE ET SUCRE DORE,FLUX CARE MASQUE ET PRE-SHAMPOOING CAPILAIRE 200ML FIGUE FRAICHE ET SUCRE DORE,https://cosmeticstoredz.com/produit/flux-care-masque-et-pre-shampooing-capilaire-200ml-figue-fraiche-et-sucre-dore/,200ML,,NO_MATCH,0,,,,No stock row matches enough brand/product/variant detail
SHEA-COS-5F28D9C1D584,FLUX CARE MASQUE ET PRE-SHAMPOOING CAPILAIRE,FLUX,200ML FLEUR DE COTON ET HUILE DE ROSE,FLUX CARE MASQUE ET PRE-SHAMPOOING CAPILAIRE 200ML FLEUR DE COTON ET HUILE DE ROSE,https://cosmeticstoredz.com/produit/flux-care-masque-et-pre-shampooing-capilaire-200ml-fleur-de-coton-et-huile-de-rose/,200ML,,NO_MATCH,0,,,,No stock row matches enough brand/product/variant detail
SHEA-COS-4624DBE30A06,FLUX CARE MASQUE ET PRE-SHAMPOOING CAPILAIRE,FLUX,200ML OLIVE DIVINE,FLUX CARE MASQUE ET PRE-SHAMPOOING CAPILAIRE 200ML OLIVE DIVINE,https://cosmeticstoredz.com/produit/flux-care-masque-et-pre-shampooing-capilaire-200ml-olive-divine/,200ML,,NO_MATCH,0,,,,No stock row matches enough brand/product/variant detail
SHEA-COS-E64662FA9AB7,FLUX CARE MASQUE ET PRE-SHAMPOOING CAPILAIRE,FLUX,EXPERT BOND RESTORE,FLUX CARE MASQUE ET PRE-SHAMPOOING CAPILAIRE EXPERT BOND RESTORE,https://cosmeticstoredz.com/produit/flux-care-masque-et-pre-shampooing-capilaire-expert-bond-restore/,,,NO_MATCH,0,,,,No stock row matches enough brand/product/variant detail
SHEA-COS-96D188E3AC86,FLUX CARE MASQUE ET PRE-SHAMPOOING CAPILAIRE,FLUX,"200ML, CAMOMILLE",FLUX CARE MASQUE ET PRE-SHAMPOOING CAPILAIRE 200ML CAMOMILLE,https://cosmeticstoredz.com/produit/flux-care-masque-et-pre-shampooing-capilaire-200ml-camomille/,200ML,,NO_MATCH,0,,,,No stock row matches enough brand/product/variant detail
SHEA-COS-38DE01EE3B32,FLUX CARE MASQUE ET PRE-SHAMPOOING CAPILAIRE,FLUX,"200ML, COCO",FLUX CARE MASQUE ET PRE-SHAMPOOING CAPILAIRE 200ML COCO,https://cosmeticstoredz.com/produit/flux-care-masque-et-pre-shampooing-capilaire-200ml-coco/,200ML,,NO_MATCH,0,,,,No stock row matches enough brand/product/variant detail
SHEA-COS-E6C8DC224B1A,FLUX CARE MASQUE ET PRE-SHAMPOOING CAPILAIRE,FLUX,"200ML, HUILE D’ARGAN",FLUX CARE MASQUE ET PRE-SHAMPOOING CAPILAIRE 200ML HUILE D’ARGAN,https://cosmeticstoredz.com/produit/flux-care-masque-et-pre-shampooing-capilaire-200ml-huile-dargan/,200ML,,NO_MATCH,0,,,,No stock row matches enough brand/product/variant detail
SHEA-COS-51B9E63E7EFA,FLUX CARE MASQUE SANS SULFATE ULTIMATE REPAIR,FLUX,Default,FLUX CARE MASQUE SANS SULFATE ULTIMATE REPAIR,https://cosmeticstoredz.com/produit/flux-care-masque-sans-sulfate-ultimate-repair/,,,NO_MATCH,0,,,,No stock row matches enough brand/product/variant detail
SHEA-COS-79D23715914A,FLUX CARE MEN EDITION GEL DOUCHE CHAMPIONS EDITION,FLUX,Default,FLUX CARE MEN EDITION GEL DOUCHE CHAMPIONS EDITION,https://cosmeticstoredz.com/produit/flux-care-men-edition-gel-douche-champions-edition/,,,NO_MATCH,0,,,,No stock row matches enough brand/product/variant detail
SHEA-COS-B0C65156B512,FLUX CARE OIL REMPLACEMENT,FLUX,EXPERT BOND RESTORE,FLUX CARE OIL REMPLACEMENT EXPERT BOND RESTORE,https://cosmeticstoredz.com/produit/flux-care-oil-remplacement-expert-bond-restore/,,,NO_MATCH,0,,,,No stock row matches enough brand/product/variant detail
SHEA-COS-14DB937E9A1E,FLUX CARE OIL REMPLACEMENT,FLUX,PERFECT LONG,FLUX CARE OIL REMPLACEMENT PERFECT LONG,https://cosmeticstoredz.com/produit/flux-care-oil-remplacement-perfect-long/,,,NO_MATCH,0,,,,No stock row matches enough brand/product/variant detail
SHEA-COS-1A1356C6E1DC,FLUX CARE OIL REMPLACEMENT,FLUX,COLOR FIX,FLUX CARE OIL REMPLACEMENT COLOR FIX,https://cosmeticstoredz.com/produit/flux-care-oil-remplacement-color-fix/,,,NO_MATCH,0,,,,No stock row matches enough brand/product/variant detail
SHEA-COS-35D2500E8A82,FLUX CARE OIL REMPLACEMENT,FLUX,ULTIMATE REPAIR,FLUX CARE OIL REMPLACEMENT ULTIMATE REPAIR,https://cosmeticstoredz.com/produit/flux-care-oil-remplacement-ultimate-repair/,,,NO_MATCH,0,,,,No stock row matches enough brand/product/variant detail
SHEA-COS-8E8EF2881C0D,FLUX CARE SERUM,FLUX,120ML COLOR FIX,FLUX CARE SERUM 120ML COLOR FIX,https://cosmeticstoredz.com/produit/flux-care-serum-120ml-color-fix/,120ML,,NO_MATCH,0,,,,No stock row matches enough brand/product/variant detail
SHEA-COS-CC71B50E0F5C,FLUX CARE SERUM,FLUX,120ML FLEUR DE CAMOMILLE,FLUX CARE SERUM 120ML FLEUR DE CAMOMILLE,https://cosmeticstoredz.com/produit/flux-care-serum-120ml-fleur-de-camomille/,120ML,,NO_MATCH,0,,,,No stock row matches enough brand/product/variant detail
SHEA-COS-780BCA1B87CF,FLUX CARE SERUM,FLUX,120ML FLEUR DE COTON,FLUX CARE SERUM 120ML FLEUR DE COTON,https://cosmeticstoredz.com/produit/flux-care-serum-120ml-fleur-de-coton/,120ML,,NO_MATCH,0,,,,No stock row matches enough brand/product/variant detail
SHEA-COS-B096D414EA11,FLUX CARE SERUM,FLUX,120ML HUILE D’ARGAN CRANBERRY,FLUX CARE SERUM 120ML HUILE D’ARGAN CRANBERRY,https://cosmeticstoredz.com/produit/flux-care-serum-120ml-huile-dargan-cranberry/,120ML,,NO_MATCH,0,,,,No stock row matches enough brand/product/variant detail
SHEA-COS-6C2713EBA079,FLUX CARE SERUM,FLUX,120ML MONOI,FLUX CARE SERUM 120ML MONOI,https://cosmeticstoredz.com/produit/flux-care-serum-120ml-monoi/,120ML,,NO_MATCH,0,,,,No stock row matches enough brand/product/variant detail
SHEA-COS-DF02321452C2,FLUX CARE SERUM,FLUX,120ML OLIVE DIVINE,FLUX CARE SERUM 120ML OLIVE DIVINE,https://cosmeticstoredz.com/produit/flux-care-serum-120ml-olive-divine/,120ML,,NO_MATCH,0,,,,No stock row matches enough brand/product/variant detail
SHEA-COS-1EBEB7B37DA8,FLUX CARE SERUM,FLUX,120ML ULTIMATE REPAIR,FLUX CARE SERUM 120ML ULTIMATE REPAIR,https://cosmeticstoredz.com/produit/flux-care-serum-120ml-ultimate-repair/,120ML,,NO_MATCH,0,,,,No stock row matches enough brand/product/variant detail
SHEA-COS-3A6289214A72,FLUX CARE SERUM,FLUX,FLUX CARE SHAMPOOING GLYCOLIC GLOW,FLUX CARE SHAMPOOING GLYCOLIC GLOW,https://cosmeticstoredz.com/produit/flux-care-shampooing-glycolic-glow/,,,NO_MATCH,0,,,,No stock row matches enough brand/product/variant detail
SHEA-COS-E8BE07AFCD51,FLUX CARE SHAMPOOING,FLUX,PURE CLAY CHEVEUX GRAS,FLUX CARE SHAMPOOING PURE CLAY CHEVEUX GRAS,https://cosmeticstoredz.com/produit/flux-care-shampooing-pure-clay-cheveux-gras/,,,NO_MATCH,0,,,,No stock row matches enough brand/product/variant detail
SHEA-COS-49DF0A64C549,FLUX CARE SHAMPOOING,FLUX,250ML HUILE D’ARGAN ET CRANBERRY,FLUX CARE SHAMPOOING 250ML HUILE D’ARGAN ET CRANBERRY,https://cosmeticstoredz.com/produit/flux-care-shp-250ml-huile-dargan-et-cranberry/,250ML,,NO_MATCH,0,,,,No stock row matches enough brand/product/variant detail
SHEA-COS-6279E7D348A7,FLUX CARE SHAMPOOING,FLUX,BOND RESTORE,FLUX CARE SHAMPOOING BOND RESTORE,https://cosmeticstoredz.com/produit/flux-care-shp-bond-restore/,,,NO_MATCH,0,,,,No stock row matches enough brand/product/variant detail
SHEA-COS-FDF1AD1DADD7,FLUX CARE SHAMPOOING,FLUX,HYALURON 265ML,FLUX CARE SHAMPOOING HYALURON 265ML,https://cosmeticstoredz.com/produit/flux-care-shp-hyaluron-265ml/,265ML,,NO_MATCH,0,,,,No stock row matches enough brand/product/variant detail
SHEA-COS-48153429089B,FLUX CARE SHAMPOOING,FLUX,PERFECT LONG 265ML,FLUX CARE SHAMPOOING PERFECT LONG 265ML,https://cosmeticstoredz.com/produit/flux-care-shp-perfect-long-265ml/,265ML,,NO_MATCH,0,,,,No stock row matches enough brand/product/variant detail
SHEA-COS-D503C0BB27B7,FLUX CARE SHAMPOOING,FLUX,SANS SULFATE COLOR FIX,FLUX CARE SHAMPOOING SANS SULFATE COLOR FIX,https://cosmeticstoredz.com/produit/flux-care-shp-sans-sulfate-color-fix/,,,NO_MATCH,0,,,,No stock row matches enough brand/product/variant detail
SHEA-COS-C108EC113472,FLUX CARE SHP,FLUX,AVOCAT,FLUX CARE SHP AVOCAT,https://cosmeticstoredz.com/produit/flux-care-shampoing-avocat/,,,NO_MATCH,0,,,,No stock row matches enough brand/product/variant detail
SHEA-COS-30E49CB1EEF1,FLUX CARE SHP,FLUX,"265ML ,CAMOMILLE ET MIEL DE FLEUR",FLUX CARE SHP 265ML CAMOMILLE ET MIEL DE FLEUR,https://cosmeticstoredz.com/produit/flux-care-shp-265ml-camomille-et-miel-de-fleur/,265ML,,NO_MATCH,0,,,,No stock row matches enough brand/product/variant detail
SHEA-COS-E6FF098196D2,FLUX CARE SHP,FLUX,"265ML ,FIGUE FRAICHE SUCRE DORE",FLUX CARE SHP 265ML FIGUE FRAICHE SUCRE DORE,https://cosmeticstoredz.com/produit/flux-care-shp-265ml-fique-fraiche-sucre-dore/,265ML,,NO_MATCH,0,,,,No stock row matches enough brand/product/variant detail
SHEA-COS-7AD20FFFCDA8,FLUX CARE SHP,FLUX,"265ML ,HUILE DE ROSE & FLEUR DE COTON",FLUX CARE SHP 265ML HUILE DE ROSE & FLEUR DE COTON,https://cosmeticstoredz.com/produit/flux-care-shp-265ml-huile-de-rose-fleur-de-coton/,265ML,,NO_MATCH,0,,,,No stock row matches enough brand/product/variant detail
SHEA-COS-235410E21031,FLUX CARE SHP,FLUX,"265ML, MONOI ET NEROLI",FLUX CARE SHP 265ML MONOI ET NEROLI,https://cosmeticstoredz.com/produit/flux-care-shp-265ml-monoi-et-neroli/,265ML,,NO_MATCH,0,,,,No stock row matches enough brand/product/variant detail
SHEA-COS-8C1589EB3C1C,FLUX CARE SHP,FLUX,"265ML ,PLANTES PRECIEUSES",FLUX CARE SHP 265ML PLANTES PRECIEUSES,https://cosmeticstoredz.com/produit/flux-care-shp-265ml-plantes-precieuses/,265ML,,NO_MATCH,0,,,,No stock row matches enough brand/product/variant detail
SHEA-COS-66A7BA9E6786,FLUX CARE SHP,FLUX,REVIVE HYALURINIQUE,FLUX CARE SHP REVIVE HYALURINIQUE,https://cosmeticstoredz.com/produit/flux-care-shp-revive-hyalurinique/,,,NO_MATCH,0,,,,No stock row matches enough brand/product/variant detail
SHEA-COS-282510A4AD7D,FLUX CARE SHP,FLUX,SILVER,FLUX CARE SHP SILVER,https://cosmeticstoredz.com/produit/flux-care-shp-silver/,,,NO_MATCH,0,,,,No stock row matches enough brand/product/variant detail
SHEA-COS-0620A498CA1A,FLUX CARE SOIN DOUCHE,FLUX,245ML 5 PLANTES PRECIEUSES,FLUX CARE SOIN DOUCHE 245ML 5 PLANTES PRECIEUSES,https://cosmeticstoredz.com/produit/flux-care-soin-douche-245ml-5-plantes-precieuses/,245ML,,NO_MATCH,0,,,,No stock row matches enough brand/product/variant detail
SHEA-COS-9E3CCCF8F2F7,FLUX CARE SOIN DOUCHE,FLUX,245ML CAMOMILE MIEL DE FLEUR,FLUX CARE SOIN DOUCHE 245ML CAMOMILE MIEL DE FLEUR,https://cosmeticstoredz.com/produit/flux-care-soin-douche-245ml-camomile-miel-de-fleur/,245ML,,NO_MATCH,0,,,,No stock row matches enough brand/product/variant detail
SHEA-COS-0A1D0394B113,FLUX CARE SOIN DOUCHE,FLUX,245ML OLIVE DIVINE,FLUX CARE SOIN DOUCHE 245ML OLIVE DIVINE,https://cosmeticstoredz.com/produit/flux-care-soin-douche-245ml-olive-divine/,245ML,,NO_MATCH,0,,,,No stock row matches enough brand/product/variant detail
SHEA-COS-1DCFE8F3313C,FLUX DE PASSION CREME,FLUX,60ML,FLUX DE PASSION CREME 60ML,https://cosmeticstoredz.com/produit/flux-de-passion-creme-60ml/,60ML,,NO_MATCH,0,,,,No stock row matches enough brand/product/variant detail
SHEA-COS-0BFEEB25BD7A,FLUX DE PASSION CREME,FLUX,150ML,FLUX DE PASSION CREME 150ML,https://cosmeticstoredz.com/produit/flux-de-passion-creme-150ml/,150ML,,NO_MATCH,0,,,,No stock row matches enough brand/product/variant detail
SHEA-COS-140BF6C3E3C6,FLUX DE PASSION CREME MAIN,FLUX,ADOUCISSANTE FLEUR DE LOTUS ET HUILE DE SOJA,FLUX DE PASSION CREME MAIN ADOUCISSANTE FLEUR DE LOTUS ET HUILE DE SOJA,https://cosmeticstoredz.com/produit/flux-de-passion-creme-main-adoucissante-fleur-de-lotus-et-huile-de-soja/,,,NO_MATCH,0,,,,No stock row matches enough brand/product/variant detail
SHEA-COS-080546A4FF8B,FLUX DE PASSION CREME MAIN,FLUX,APAISANTE CAMOMILLE BLEU,FLUX DE PASSION CREME MAIN APAISANTE CAMOMILLE BLEU,https://cosmeticstoredz.com/produit/flux-de-passion-creme-main-apaisante-camomille-bleu/,,,NO_MATCH,0,,,,No stock row matches enough brand/product/variant detail
SHEA-COS-E256094258DA,FLUX DE PASSION CREME MAIN,FLUX,HYDRATANTE,FLUX DE PASSION CREME MAIN HYDRATANTE,https://cosmeticstoredz.com/produit/flux-de-passion-creme-main-hydratante/,,,NO_MATCH,0,,,,No stock row matches enough brand/product/variant detail
SHEA-COS-CEAC3CDFE66F,FLUX DE PASSION CREME MAIN,FLUX,NOURRISSANTE BEURRE DE KARITE,FLUX DE PASSION CREME MAIN NOURRISSANTE BEURRE DE KARITE,https://cosmeticstoredz.com/produit/flux-de-passion-creme-main-nourrissante/,,,NO_MATCH,0,,,,No stock row matches enough brand/product/variant detail
SHEA-COS-D78329C17E68,FLUX DE PASSION DEO,FLUX,ULTIME ELIXIR,FLUX DE PASSION DEO ULTIME ELIXIR,https://cosmeticstoredz.com/produit/flux-de-passion-deo-ultime-elixir/,,,NO_MATCH,0,,,,No stock row matches enough brand/product/variant detail
SHEA-COS-704CC0D77FFE,FLUX DE PASSION DEO,FLUX,200ML EXTREME BLACK AND WHITE,FLUX DE PASSION DEO 200ML EXTREME BLACK AND WHITE,https://cosmeticstoredz.com/produit/flux-de-passion-deo-200ml-extreme-black-and-white/,200ML,,NO_MATCH,0,,,,No stock row matches enough brand/product/variant detail
SHEA-COS-75FC33DBB28D,FLUX DE PASSION DEO,FLUX,200ML FRAICHEUR FRUITEE,FLUX DE PASSION DEO 200ML FRAICHEUR FRUITEE,https://cosmeticstoredz.com/produit/flux-de-passion-deo-200ml-fraicheur-fruitee/,200ML,,NO_MATCH,0,,,,No stock row matches enough brand/product/variant detail
SHEA-COS-563890B6FBFB,FLUX DE PASSION DEO,FLUX,200ML PURE FRAICHEUR,FLUX DE PASSION DEO 200ML PURE FRAICHEUR,https://cosmeticstoredz.com/produit/flux-de-passion-deo-200ml-pure-fraicheur/,200ML,,NO_MATCH,0,,,,No stock row matches enough brand/product/variant detail
SHEA-COS-8A88EC1B08B6,FLUX DE PASSION DEO,FLUX,200ML ROBE NOIR,FLUX DE PASSION DEO 200ML ROBE NOIR,https://cosmeticstoredz.com/produit/flux-de-passion-deo-200ml-robe-noir/,200ML,,NO_MATCH,0,,,,No stock row matches enough brand/product/variant detail
SHEA-COS-4AE216827006,FLUX DE PASSION DEO,FLUX,200ML SEC AND FRAIS,FLUX DE PASSION DEO 200ML SEC AND FRAIS,https://cosmeticstoredz.com/produit/flux-de-passion-deo-200ml-sec-and-frais/,200ML,,NO_MATCH,0,,,,No stock row matches enough brand/product/variant detail
SHEA-COS-A6A084F6AA0A,FLUX DE PASSION DEO,FLUX,PROTECT AND SOIN,FLUX DE PASSION DEO PROTECT AND SOIN,https://cosmeticstoredz.com/produit/flux-de-passion-deo-protect-and-soin/,,,NO_MATCH,0,,,,No stock row matches enough brand/product/variant detail
SHEA-COS-BB710009679A,FLUX DE PASSION DEO,FLUX,ULTIME PERLE,FLUX DE PASSION DEO ULTIME PERLE,https://cosmeticstoredz.com/produit/flux-de-passion-deo-ultime-perle/,,,NO_MATCH,0,,,,No stock row matches enough brand/product/variant detail
SHEA-COS-DD695084D55E,FLUX DE PASSION DEO,FLUX,ULTIME PROTECTION,FLUX DE PASSION DEO ULTIME PROTECTION,https://cosmeticstoredz.com/produit/flux-de-passion-deo-ultime-protection/,,,NO_MATCH,0,,,,No stock row matches enough brand/product/variant detail
SHEA-COS-B17B38E9C7EE,FLUX DE PASSION DEO PERLE ROSE 0%,FLUX,Default,FLUX DE PASSION DEO PERLE ROSE 0%,https://cosmeticstoredz.com/produit/flux-de-passion-deo-perle-rose-0/,,,NO_MATCH,0,,,,No stock row matches enough brand/product/variant detail
SHEA-COS-9853F4940320,FLUX DE PASSION EAU DE COLOGNE,FLUX,240ML CITRON,FLUX DE PASSION EAU DE COLOGNE 240ML CITRON,https://cosmeticstoredz.com/produit/flux-de-passion-eau-de-cologne-240ml-citron/,240ML,,NO_MATCH,0,,,,No stock row matches enough brand/product/variant detail
SHEA-COS-7DF112155A9B,FLUX DE PASSION EAU DE COLOGNE,FLUX,240ML THE VERT,FLUX DE PASSION EAU DE COLOGNE 240ML THE VERT,https://cosmeticstoredz.com/produit/flux-de-passion-eau-de-cologne-240ml-the-vert/,240ML,,NO_MATCH,0,,,,No stock row matches enough brand/product/variant detail
SHEA-COS-A1DCF6C8B407,FLUX DE PASSION GEL DOUCHE,FLUX,750ML PERLE ROSE,FLUX DE PASSION GEL DOUCHE 750ML PERLE ROSE,https://cosmeticstoredz.com/produit/flux-de-passion-gel-douche-750ml-perle-rose/,750ML,,NO_MATCH,0,,,,No stock row matches enough brand/product/variant detail
SHEA-COS-A9FB9E68D2BE,FLUX DE PASSION GEL DOUCHE,FLUX,750ML ULTIME PERLE,FLUX DE PASSION GEL DOUCHE 750ML ULTIME PERLE,https://cosmeticstoredz.com/produit/flux-de-passion-gel-douche-750ml-ultime-perle/,750ML,,NO_MATCH,0,,,,No stock row matches enough brand/product/variant detail
SHEA-COS-F64463DDECEF,FLUX DE PASSION SAVON DE MARSEILLE,FLUX,HERBE,FLUX DE PASSION SAVON DE MARSEILLE HERBE,https://cosmeticstoredz.com/produit/flux-de-passion-savon-de-marseille-herbe/,,,NO_MATCH,0,,,,No stock row matches enough brand/product/variant detail
SHEA-COS-B6FADE515631,FLUX DE PASSION SAVON DE MARSEILLE,FLUX,MANGUE,FLUX DE PASSION SAVON DE MARSEILLE MANGUE,https://cosmeticstoredz.com/produit/flux-de-passion-savon-de-marseille-mangue/,,,NO_MATCH,0,,,,No stock row matches enough brand/product/variant detail
SHEA-COS-192A4FD7FF10,FLUX DE PASSION STICK PERLE ROSE,FLUX,Default,FLUX DE PASSION STICK PERLE ROSE,https://cosmeticstoredz.com/produit/flux-de-passion-stick-perle-rose/,,,NO_MATCH,0,,,,No stock row matches enough brand/product/variant detail
SHEA-COS-8871AE61C7B7,FLUX DE PASSION STICK ULTIME PERLE,FLUX,Default,FLUX DE PASSION STICK ULTIME PERLE,https://cosmeticstoredz.com/produit/flux-de-passion-stick-ultime-perle/,,,NO_MATCH,0,,,,No stock row matches enough brand/product/variant detail
SHEA-COS-927E880027A6,FLUX PASSION DEO DOUBLE EFFET,FLUX,Default,FLUX PASSION DEO DOUBLE EFFET,https://cosmeticstoredz.com/produit/flux-passion-deo-double-effet/,,,NO_MATCH,0,,,,No stock row matches enough brand/product/variant detail
SHEA-COS-B377552678A0,FLUX PASSION SAVON BARRE,FLUX,75GR DOUBLE EFFET,FLUX PASSION SAVON BARRE 75GR DOUBLE EFFET,https://cosmeticstoredz.com/produit/flux-passion-savon-barre-75gr-double-effet/,75G,,NO_MATCH,0,,,,No stock row matches enough brand/product/variant detail
SHEA-COS-E918DA7C3D03,FLUX PASSION SAVON BARRE,FLUX,75GR FRAISE,FLUX PASSION SAVON BARRE 75GR FRAISE,https://cosmeticstoredz.com/produit/flux-passion-savon-barre-75gr-fraise/,75G,,NO_MATCH,0,,,,No stock row matches enough brand/product/variant detail
SHEA-COS-DE8E6291443A,FLUX PASSION SAVON BARRE,FLUX,75GR FRUIT DE LA PASSION,FLUX PASSION SAVON BARRE 75GR FRUIT DE LA PASSION,https://cosmeticstoredz.com/produit/flux-passion-savon-barre-75gr-fruit-de-la-passion/,75G,,NO_MATCH,0,,,,No stock row matches enough brand/product/variant detail
SHEA-COS-269984F757D5,FLUX PASSION SAVON BARRE,FLUX,75GR MOJITO,FLUX PASSION SAVON BARRE 75GR MOJITO,https://cosmeticstoredz.com/produit/flux-passion-savon-barre-75gr-mojito/,75G,,NO_MATCH,0,,,,No stock row matches enough brand/product/variant detail
SHEA-COS-0F54F1A9FFAA,FLUX PASSION SAVON BARRE,FLUX,75GR PERLE ROSE,FLUX PASSION SAVON BARRE 75GR PERLE ROSE,https://cosmeticstoredz.com/produit/flux-passion-savon-barre-75gr-perle-rose/,75G,,NO_MATCH,0,,,,No stock row matches enough brand/product/variant detail
SHEA-COS-A1E67264A668,FLUX PASSION SAVON BARRE,FLUX,75GR SOFT,FLUX PASSION SAVON BARRE 75GR SOFT,https://cosmeticstoredz.com/produit/flux-passion-savon-barre-75gr-soft/,75G,,NO_MATCH,0,,,,No stock row matches enough brand/product/variant detail
SHEA-COS-574F4CE03712,FLUX PASSION SAVON BARRE,FLUX,75GR VIOLET SCENT,FLUX PASSION SAVON BARRE 75GR VIOLET SCENT,https://cosmeticstoredz.com/produit/flux-passion-savon-barre-75gr-violet-scent/,75G,,NO_MATCH,0,,,,No stock row matches enough brand/product/variant detail
SHEA-COS-19F5A9D1EAA4,FLUX STICK PROTECTION & SOIN,FLUX,Default,FLUX STICK PROTECTION & SOIN,https://cosmeticstoredz.com/produit/flux-stick-protection-soin/,,,NO_MATCH,0,,,,No stock row matches enough brand/product/variant detail
SHEA-COS-54B9A252CFB2,FRANCK OLIVIER DEOORANT,FRANCK,250ML SUN JAVA ROSE OUD,FRANCK OLIVIER DEOORANT 250ML SUN JAVA ROSE OUD,https://cosmeticstoredz.com/produit/franck-olivier-deoorant-250ml-sun-java-rose-oud/,250ML,,NO_MATCH,0,,,,No stock row matches enough brand/product/variant detail
SHEA-COS-C7F51E9B6CE7,FRANCK OLIVIER DEOORANT FOR MEN,FRANCK,250ML SUN JAVA,FRANCK OLIVIER DEOORANT FOR MEN 250ML SUN JAVA,https://cosmeticstoredz.com/produit/franck-olivier-deoorant-for-men-250ml-sun-java/,250ML,,NO_MATCH,0,,,,No stock row matches enough brand/product/variant detail
SHEA-COS-4FF82D6E2263,FRANCK OLIVIER DEOORANT FOR MEN,FRANCK,250ML SUNRISE ICE,FRANCK OLIVIER DEOORANT FOR MEN 250ML SUNRISE ICE,https://cosmeticstoredz.com/produit/franck-olivier-deoorant-for-men-250ml-sunrise-ice/,250ML,,NO_MATCH,0,,,,No stock row matches enough brand/product/variant detail
SHEA-COS-4CABDAF73AB0,FRANCK OLIVIER DEOORANT FOR MEN,FRANCK,250ML SUNRISE MEN VETIVER,FRANCK OLIVIER DEOORANT FOR MEN 250ML SUNRISE MEN VETIVER,https://cosmeticstoredz.com/produit/franck-olivier-deoorant-for-men-250ml-sunrise-men-vetiver/,250ML,,NO_MATCH,0,,,,No stock row matches enough brand/product/variant detail
SHEA-COS-18C0D6B905A5,FRANCK OLIVIER DEOORANT FOR WOMEN,FRANCK,250ML BELLA,FRANCK OLIVIER DEOORANT FOR WOMEN 250ML BELLA,https://cosmeticstoredz.com/produit/franck-olivier-deoorant-for-women-250ml-bella/,250ML,,NO_MATCH,0,,,,No stock row matches enough brand/product/variant detail
SHEA-COS-817511C5A32E,FRANCK OLIVIER DEOORANT FOR WOMEN,FRANCK,250ML BELLA IN PARIS,FRANCK OLIVIER DEOORANT FOR WOMEN 250ML BELLA IN PARIS,https://cosmeticstoredz.com/produit/franck-olivier-deoorant-for-women-250ml-bella-in-paris/,250ML,,NO_MATCH,0,,,,No stock row matches enough brand/product/variant detail
SHEA-COS-C7C68DA5D5F6,FRANCK OLIVIER DEOORANT FOR WOMEN,FRANCK,250ML GIORGIA L’IMPERATRICE,FRANCK OLIVIER DEOORANT FOR WOMEN 250ML GIORGIA L’IMPERATRICE,https://cosmeticstoredz.com/produit/franck-olivier-deoorant-for-women-250ml-giorgia-limperatrice/,250ML,,NO_MATCH,0,,,,No stock row matches enough brand/product/variant detail
SHEA-COS-83EF8A1B23DE,FRANCK OLIVIER DEOORANT FOR WOMEN,FRANCK,250ML PURE FEMME,FRANCK OLIVIER DEOORANT FOR WOMEN 250ML PURE FEMME,https://cosmeticstoredz.com/produit/franck-olivier-deoorant-for-women-250ml-pure-femme/,250ML,,NO_MATCH,0,,,,No stock row matches enough brand/product/variant detail
SHEA-COS-D46B31A33B9B,FRANCK OLIVIER DEOORANT FOR WOMEN,FRANCK,250ML SUN JAVA WHITE,FRANCK OLIVIER DEOORANT FOR WOMEN 250ML SUN JAVA WHITE,https://cosmeticstoredz.com/produit/franck-olivier-deoorant-for-women-250ml-sun-java-white/,250ML,,NO_MATCH,0,,,,No stock row matches enough brand/product/variant detail
SHEA-COS-D10C9B714B7E,FRANCK OLIVIER EAU DE COLOGNE,FRANCK,AMBRE GOLD,FRANCK OLIVIER EAU DE COLOGNE AMBRE GOLD,https://cosmeticstoredz.com/produit/franck-olivier-eau-de-cologne-ambre-gold/,,,NO_MATCH,0,,,,No stock row matches enough brand/product/variant detail
SHEA-COS-7CE0B956CBF9,FRANCK OLIVIER EAU DE COLOGNE,FRANCK,CEDRE ARDENT,FRANCK OLIVIER EAU DE COLOGNE CEDRE ARDENT,https://cosmeticstoredz.com/produit/franck-olivier-eau-de-cologne-cedre-ardent/,,,NO_MATCH,0,,,,No stock row matches enough brand/product/variant detail
SHEA-COS-EAB4B5D72343,FRANCK OLIVIER EAU DE COLOGNE,FRANCK,CITRON PETILLANT,FRANCK OLIVIER EAU DE COLOGNE CITRON PETILLANT,https://cosmeticstoredz.com/produit/franck-olivier-eau-de-cologne-citron-petillant/,,,NO_MATCH,0,,,,No stock row matches enough brand/product/variant detail
SHEA-COS-7F4E17890FC3,FRANCK OLIVIER EAU DE COLOGNE,FRANCK,JASMIN D UN SOIR,FRANCK OLIVIER EAU DE COLOGNE JASMIN D UN SOIR,https://cosmeticstoredz.com/produit/franck-olivier-eau-de-cologne-jasmin-d-un-soir/,,,NO_MATCH,0,,,,No stock row matches enough brand/product/variant detail
SHEA-COS-820514433EBC,FRANCK OLIVIER EAU DE COLOGNE,FRANCK,LAVANDE D’ETE,FRANCK OLIVIER EAU DE COLOGNE LAVANDE D’ETE,https://cosmeticstoredz.com/produit/franck-olivier-eau-de-cologne-lavande-dete/,,,NO_MATCH,0,,,,No stock row matches enough brand/product/variant detail
SHEA-COS-5620C2A19D88,FRANCK OLIVIER EAU DE COLOGNE,FRANCK,ORANGE DIVINE,FRANCK OLIVIER EAU DE COLOGNE ORANGE DIVINE,https://cosmeticstoredz.com/produit/franck-olivier-eau-de-cologne-orange-divine/,,,NO_MATCH,0,,,,No stock row matches enough brand/product/variant detail
SHEA-COS-5DF1A79CABFD,FRANCK OLIVIER EAU DE PARFUM,FRANCK,PASSION EXTREME,FRANCK OLIVIER EAU DE PARFUM PASSION EXTREME,https://cosmeticstoredz.com/produit/franck-olivier-eau-de-parfum-passion-extreme/,,,NO_MATCH,0,,,,No stock row matches enough brand/product/variant detail
SHEA-COS-4F0A660CF618,FRANCK OLIVIER EAU DE PARFUM,FRANCK,PURE FEMME,FRANCK OLIVIER EAU DE PARFUM PURE FEMME,https://cosmeticstoredz.com/produit/franck-olivier-eau-de-parfum-pure-femme/,,,NO_MATCH,0,,,,No stock row matches enough brand/product/variant detail
SHEA-COS-DB9F91A3340A,GABRINI LIP BALM CARE,GABRINI,BLACKBERRY,GABRINI LIP BALM CARE BLACKBERRY,https://cosmeticstoredz.com/produit/gabrini-lip-balm-care-blackberry/,,,NO_MATCH,0,,,,No stock row matches enough brand/product/variant detail
SHEA-COS-C1ADD97D41DE,GABRINI LIP BALM CARE,GABRINI,CHERRY,GABRINI LIP BALM CARE CHERRY,https://cosmeticstoredz.com/produit/gabrini-lip-balm-care-cherry/,,,NO_MATCH,0,,,,No stock row matches enough brand/product/variant detail
SHEA-COS-64C125EBEFD9,GABRINI LIP BALM CARE,GABRINI,STRAWBERRY,GABRINI LIP BALM CARE STRAWBERRY,https://cosmeticstoredz.com/produit/gabrini-lip-balm-care-strawberry/,,,NO_MATCH,0,,,,No stock row matches enough brand/product/variant detail
SHEA-COS-3AF5832636F8,GABRINI LIP BALM CARE,GABRINI,VANILLA,GABRINI LIP BALM CARE VANILLA,https://cosmeticstoredz.com/produit/gabrini-lip-balm-care-vanilla/,,,NO_MATCH,0,,,,No stock row matches enough brand/product/variant detail
SHEA-COS-A404610C1AE1,GARNIER COLOR NATURALS,GARNIER,"N°7 ,BLOND",GARNIER COLOR NATURALS N°7 BLOND,https://cosmeticstoredz.com/produit/garnier-color-naturals-n7-blond/,,,NO_MATCH,0,,,,No stock row matches enough brand/product/variant detail
SHEA-COS-9BCD28EB3D56,GARNIER COLOR NATURALS,GARNIER,"N°9 ,BLOND TRES CLAIR",GARNIER COLOR NATURALS N°9 BLOND TRES CLAIR,https://cosmeticstoredz.com/produit/garnier-color-naturals-n9-blond-tres-clair/,,,NO_MATCH,0,,,,No stock row matches enough brand/product/variant detail
SHEA-COS-86BCC7FCC514,GARNIER COLOR NATURALS,GARNIER,"N°9.1 ,BLOND CENDRE TRES CLA",GARNIER COLOR NATURALS N°9.1 BLOND CENDRE TRES CLA,https://cosmeticstoredz.com/produit/garnier-color-naturals-n9-1-blond-cendre-tres-cla/,,,NO_MATCH,0,,,,No stock row matches enough brand/product/variant detail
SHEA-COS-19E8264A603D,GARNIER COLOR NATURALS,GARNIER,"GARNIER COLOR NATUREL ,N°4 RUSSE",GARNIER COLOR NATUREL N°4 RUSSE,https://cosmeticstoredz.com/produit/garnier-color-naturel-n4-russe/,,,NO_MATCH,0,,,,No stock row matches enough brand/product/variant detail
SHEA-COS-821E8AFD105C,GARNIER COLOR NATURALS,GARNIER,"GARNIER COLOR NATUREL ,N°9.1",GARNIER COLOR NATUREL N°9.1,https://cosmeticstoredz.com/produit/garnier-color-naturel-n9-1/,,,NO_MATCH,0,,,,No stock row matches enough brand/product/variant detail
SHEA-COS-EEEB9E7B68FF,GARNIER COLOR NATUREL,GARNIER,N°4.12 RUSSE,GARNIER COLOR NATUREL N°4.12 RUSSE,https://cosmeticstoredz.com/produit/garnier-color-naturel-n4-12-russe/,,,NO_MATCH,0,,,,No stock row matches enough brand/product/variant detail
SHEA-COS-EEC1D8F9EC4C,GARNIER COLOR NATUREL,GARNIER,N°5.15 RUSSE,GARNIER COLOR NATUREL N°5.15 RUSSE,https://cosmeticstoredz.com/produit/garnier-color-naturel-n5-15-russe/,,,NO_MATCH,0,,,,No stock row matches enough brand/product/variant detail
SHEA-COS-3226D29AE02F,GARNIER COLOR NATUREL,GARNIER,N°6 RUSSE,GARNIER COLOR NATUREL N°6 RUSSE,https://cosmeticstoredz.com/produit/garnier-color-naturel-n6-russe/,,,NO_MATCH,0,,,,No stock row matches enough brand/product/variant detail
SHEA-COS-B08238C0C456,GARNIER COLOR NATUREL,GARNIER,N°8.1 RUSSE,GARNIER COLOR NATUREL N°8.1 RUSSE,https://cosmeticstoredz.com/produit/garnier-color-naturel-n8-1-russe/,,,NO_MATCH,0,,,,No stock row matches enough brand/product/variant detail
SHEA-COS-EC68303A7B91,GARNIER COLOR NATUREL,GARNIER,N°9.132 RUSSE,GARNIER COLOR NATUREL N°9.132 RUSSE,https://cosmeticstoredz.com/produit/garnier-color-naturel-n9-132-russe/,,,NO_MATCH,0,,,,No stock row matches enough brand/product/variant detail
SHEA-COS-2FAA9E6C8AAD,GARNIER CREME SOIN SANS RINSAGE ARGAN MANDEL,GARNIER,Default,GARNIER CREME SOIN SANS RINSAGE ARGAN MANDEL,https://cosmeticstoredz.com/produit/garnier-creme-soin-sans-rinsage-argan-mandel/,,,NO_MATCH,0,,,,No stock row matches enough brand/product/variant detail
SHEA-COS-50AFA5E4996A,GARNIER HAIR FOOD APRES SHAMPOING,GARNIER,BANANE,GARNIER HAIR FOOD APRES SHAMPOING BANANE,https://cosmeticstoredz.com/produit/garnier-hair-food-apres-shampoing-banane/,,,NO_MATCH,0,,,,No stock row matches enough brand/product/variant detail
SHEA-COS-9A0D911605BC,GARNIER HAIR FOOD SHAMPOING,GARNIER,BANANE FR,GARNIER HAIR FOOD SHAMPOING BANANE FR,https://cosmeticstoredz.com/produit/garnier-hair-food-shampoing-banane-fr/,,,NO_MATCH,0,,,,No stock row matches enough brand/product/variant detail
SHEA-COS-6AE900F774D4,GARNIER HAIR FOOD SHAMPOING,GARNIER,ALOE VERA,GARNIER HAIR FOOD SHAMPOING ALOE VERA,https://cosmeticstoredz.com/produit/garnier-hair-food-shampoing-aloe-vera/,,,NO_MATCH,0,,,,No stock row matches enough brand/product/variant detail
SHEA-COS-3A1B5F717E0B,GARNIER HAIR FOOD SHAMPOING,GARNIER,MACADAMIA,GARNIER HAIR FOOD SHAMPOING MACADAMIA,https://cosmeticstoredz.com/produit/garnier-hair-food-shampoing-macadamia/,,,NO_MATCH,0,,,,No stock row matches enough brand/product/variant detail
SHEA-COS-10D4EE228057,GARNIER HAIR FOOD SHAMPOING,GARNIER,PAPAY,GARNIER HAIR FOOD SHAMPOING PAPAY,https://cosmeticstoredz.com/produit/garnier-hair-food-shampoing-papay/,,,NO_MATCH,0,,,,No stock row matches enough brand/product/variant detail
SHEA-COS-544313405E4C,GARNIER PURE ACTIVE,GARNIER,3 EN 1 CHARBON ANTI POINTS NOIRS,GARNIER PURE ACTIVE 3 EN 1 CHARBON ANTI POINTS NOIRS,https://cosmeticstoredz.com/produit/garnier-pure-active-3-en-1-charbon-anti-points-noirs/,,,NO_MATCH,0,,,,No stock row matches enough brand/product/variant detail
SHEA-COS-661B6866F476,GARNIER ULTRA DOUX APRES SHAMPOING,GARNIER,HUILE D AVOCAT,GARNIER ULTRA DOUX APRES SHAMPOING HUILE D AVOCAT,https://cosmeticstoredz.com/produit/garnier-ultra-doux-apres-shampoing-huile-d-avocat/,,,NO_MATCH,0,,,,No stock row matches enough brand/product/variant detail
SHEA-COS-041598C42173,GARNIER ULTRA DOUX APRES SHAMPOING,GARNIER,TRESORS DE MIEL,GARNIER ULTRA DOUX APRES SHAMPOING TRESORS DE MIEL,https://cosmeticstoredz.com/produit/garnier-ultra-doux-apres-shampoing-tresors-de-miel/,,,NO_MATCH,0,,,,No stock row matches enough brand/product/variant detail
SHEA-COS-DA0FB7F30445,GARNIER ULTRA DOUX APRES SHAMPOOING,GARNIER,COULEUR A L’HUILE D’ARGAN ET CRANBERRY 250ML,GARNIER ULTRA DOUX APRES SHAMPOOING COULEUR A L’HUILE D’ARGAN ET CRANBERRY 250ML,https://cosmeticstoredz.com/produit/garnier-ultra-doux-apres-shampooing-couleur-a-lhuile-dargan-et-cranberry-250ml/,250ML,,NO_MATCH,0,,,,No stock row matches enough brand/product/variant detail
SHEA-COS-BFD04D0AFC3E,GARNIER ULTRA DOUX LE MASQUE-LAIT,GARNIER,250ML CACAO DISCIPLINANT CHEVEUX FRISES INDISCIPLINES,GARNIER ULTRA DOUX LE MASQUE-LAIT 250ML CACAO DISCIPLINANT CHEVEUX FRISES INDISCIPLINES,https://cosmeticstoredz.com/produit/garnier-ultra-doux-le-masque-lait-250ml-cacao-disciplinant-cheveux-frises-indisciplines/,250ML,,NO_MATCH,0,,,,No stock row matches enough brand/product/variant detail
SHEA-COS-BA4651F587C5,GARNIER ULTRA DOUX LE MASQUE-LAIT,GARNIER,250ML LAIT D’AMANDE NOURRICIER CHEVEUX DESHYDRATES,GARNIER ULTRA DOUX LE MASQUE-LAIT 250ML LAIT D’AMANDE NOURRICIER CHEVEUX DESHYDRATES,https://cosmeticstoredz.com/produit/garnier-ultra-doux-le-masque-lait-250ml-lait-damande-nourricier-cheveux-deshydrates/,250ML,3600542237048,SOURCED,0,,,,Existing source-verified code; preserve it and confirm against the physical pack
SHEA-COS-50374AB706B3,GARNIER ULTRA DOUX LE MASQUE-LAIT,GARNIER,250ML MIEL RECONSTITUANT CHEVEUX FRAGILES CASSANTS,GARNIER ULTRA DOUX LE MASQUE-LAIT 250ML MIEL RECONSTITUANT CHEVEUX FRAGILES CASSANTS,https://cosmeticstoredz.com/produit/garnier-ultra-doux-le-masque-lait-250ml-miel-reconstituant-cheveux-fragiles-cassants/,250ML,3600542237079,SOURCED,0,,,,Existing source-verified code; preserve it and confirm against the physical pack
SHEA-COS-62E2E99F34D2,GARNIER ULTRA DOUX MASQUE REMEDE,GARNIER,PURE HUILE D’AVOCAT ET BEURRE DE KARITE 340ML,GARNIER ULTRA DOUX MASQUE REMEDE PURE HUILE D’AVOCAT ET BEURRE DE KARITE 340ML,https://cosmeticstoredz.com/produit/garnier-ultra-doux-masque-remede-pure-huile-davocat-et-beurre-de-karite-340ml/,340ML,3600542510080,SOURCED,0,,,,Existing source-verified code; preserve it and confirm against the physical pack
SHEA-COS-7E1EA21EA116,GARNIER ULTRA DOUX SHAMPOING,GARNIER,OLIVE MYTIQUE,GARNIER ULTRA DOUX SHAMPOING OLIVE MYTIQUE,https://cosmeticstoredz.com/produit/garnier-ultra-doux-shampoing-olive-mytique/,,,NO_MATCH,0,,,,No stock row matches enough brand/product/variant detail
SHEA-COS-68B5B1897F2B,GARNIER ULTRA DOUX SHAMPOOING,GARNIER,COULEUR A HUILE D’ARGAN ET CRANBERRY 400ML,GARNIER ULTRA DOUX SHAMPOOING COULEUR A HUILE D’ARGAN ET CRANBERRY 400ML,https://cosmeticstoredz.com/produit/garnier-ultra-doux-shampooing-couleur-a-huile-dargan-et-cranberry-400ml/,400ML,,NO_MATCH,0,,,,No stock row matches enough brand/product/variant detail
SHEA-COS-5D7FD1FA2437,GARRANSO GEL DOUCHE JARDIN DE RIO,GARRANSO,400ML,GARRANSO GEL DOUCHE JARDIN DE RIO 400ML,https://cosmeticstoredz.com/produit/garranso-gel-douche-jardin-de-rio-400ml/,400ML,,NO_MATCH,0,,,,No stock row matches enough brand/product/variant detail
SHEA-COS-5EF5C893ED18,GARRANSO MINO BRUME,GARRANSO,AMBRE ET VANILLE,GARRANSO MINO BRUME AMBRE ET VANILLE,https://cosmeticstoredz.com/produit/garranso-mino-brume-ambre-et-vanille/,,,NO_MATCH,0,,,,No stock row matches enough brand/product/variant detail
SHEA-COS-02B28E67A470,GARRANSO MINO BRUME,GARRANSO,ORCHIDEE,GARRANSO MINO BRUME ORCHIDEE,https://cosmeticstoredz.com/produit/garranso-mino-brume-orchidee/,,,NO_MATCH,0,,,,No stock row matches enough brand/product/variant detail
SHEA-COS-CE553B1FD5D7,GARRANSO MINO BRUME,GARRANSO,PISTSCHIO CARAMEL 250ML,GARRANSO MINO BRUME PISTSCHIO CARAMEL 250ML,https://cosmeticstoredz.com/produit/garranso-mino-brume-pistschio-caramel-250ml/,250ML,,NO_MATCH,0,,,,No stock row matches enough brand/product/variant detail
SHEA-COS-7605DF0785D0,GARRANSO MINO BRUME,GARRANSO,RADIANCE 250ML,GARRANSO MINO BRUME RADIANCE 250ML,https://cosmeticstoredz.com/produit/garranso-mino-brume-radiance-250ml/,250ML,,NO_MATCH,0,,,,No stock row matches enough brand/product/variant detail
SHEA-COS-3D8216014364,GARRANSO MINO LAIT CORPOREL,GARRANSO,200ML LAIT DE COCO,GARRANSO MINO LAIT CORPOREL 200ML LAIT DE COCO,https://cosmeticstoredz.com/produit/garranso-mino-lait-corporel-200ml-lait-de-coco/,200ML,,NO_MATCH,0,,,,No stock row matches enough brand/product/variant detail
SHEA-COS-884CF3E0A892,GARRANSO MINO LAIT CORPOREL,GARRANSO,200ML ORCHIDEE,GARRANSO MINO LAIT CORPOREL 200ML ORCHIDEE,https://cosmeticstoredz.com/produit/garranso-mino-lait-corporel-200ml-orchidee/,200ML,,NO_MATCH,0,,,,No stock row matches enough brand/product/variant detail
SHEA-COS-09F4007C4DCD,GARRANSO MINO LAIT CORPOREL,GARRANSO,AMBRE ET VANILLE,GARRANSO MINO LAIT CORPOREL AMBRE ET VANILLE,https://cosmeticstoredz.com/produit/garranso-mino-lait-corporel-ambre-et-vanille/,,,NO_MATCH,0,,,,No stock row matches enough brand/product/variant detail
SHEA-COS-673FB50B79ED,GARRANSO MINO LAIT CORPOREL,GARRANSO,JARDIN DE RIO,GARRANSO MINO LAIT CORPOREL JARDIN DE RIO,https://cosmeticstoredz.com/produit/garranso-mino-lait-corporel-jardin-de-rio/,,,NO_MATCH,0,,,,No stock row matches enough brand/product/variant detail
SHEA-COS-E7146D2174F5,GARRANSO MINO LOTION CREME MAIN,GARRANSO,100ML,GARRANSO MINO LOTION CREME MAIN 100ML,https://cosmeticstoredz.com/produit/garranso-mino-lotion-creme-main-100ml/,100ML,,NO_MATCH,0,,,,No stock row matches enough brand/product/variant detail
SHEA-COS-D2AFF8B26BE5,GARRANSOMINO BRUME PARFUME,GARRANSOMINO,HIPPIE,GARRANSOMINO BRUME PARFUME HIPPIE,https://cosmeticstoredz.com/produit/garransomino-brume-parfume-hippie/,,,NO_MATCH,0,,,,No stock row matches enough brand/product/variant detail
SHEA-COS-E6822F0B84CB,GARRANSOMINO BRUME PARFUME,GARRANSOMINO,RITUEL PLAISIR,GARRANSOMINO BRUME PARFUME RITUEL PLAISIR,https://cosmeticstoredz.com/produit/garransomino-brume-parfume-rituel-plaisir/,,,NO_MATCH,0,,,,No stock row matches enough brand/product/variant detail
SHEA-COS-ABEA6BB04172,GARRANSOMINO BRUME PARFUME,GARRANSOMINO,RITUEL SPA,GARRANSOMINO BRUME PARFUME RITUEL SPA,https://cosmeticstoredz.com/produit/garransomino-brume-parfume-rituel-spa/,,,NO_MATCH,0,,,,No stock row matches enough brand/product/variant detail
SHEA-COS-B0BBB2244D06,GILLETTE STICK GEL,GILLETTE,75ML SPORT TRIUMPH,GILLETTE STICK GEL 75ML SPORT TRIUMPH,https://cosmeticstoredz.com/produit/gillette-stick-gel-75ml-sport-triumph/,75ML,,NO_MATCH,0,,,,No stock row matches enough brand/product/variant detail
SHEA-COS-7D8DD5552CE0,HAIR FOOD MASQUE BANANE CHEVEUX SECS,HAIR,Default,HAIR FOOD MASQUE BANANE CHEVEUX SECS,https://cosmeticstoredz.com/produit/hair-food-msq-banane/,,,NO_MATCH,0,,,,No stock row matches enough brand/product/variant detail
SHEA-COS-C28E4DFA2B74,HAIR FORCE SHAMPOING,HAIR,BANANE,HAIR FORCE SHAMPOING BANANE,https://cosmeticstoredz.com/produit/hair-force-shampoing-banane/,,,NO_MATCH,0,,,,No stock row matches enough brand/product/variant detail
SHEA-COS-C1CE479B7957,HAIR FORCE SHAMPOING,HAIR,CAVIAR ET HUILE D’ARGAN,HAIR FORCE SHAMPOING CAVIAR ET HUILE D’ARGAN,https://cosmeticstoredz.com/produit/hair-force-shampoing-caviar-et-huile-dargan/,,,NO_MATCH,0,,,,No stock row matches enough brand/product/variant detail
SHEA-COS-D29671077665,HAIR FORCE SHAMPOING,HAIR,DETOX ANTI POLLUTION MENTH,HAIR FORCE SHAMPOING DETOX ANTI POLLUTION MENTH,https://cosmeticstoredz.com/produit/hair-force-shampoing-detox-anti-pollution-menth/,,,NO_MATCH,0,,,,No stock row matches enough brand/product/variant detail
SHEA-COS-793BE1581562,HAIR FORCE SHAMPOING,HAIR,KERATINE ET HUILE D’ARGAN,HAIR FORCE SHAMPOING KERATINE ET HUILE D’ARGAN,https://cosmeticstoredz.com/produit/hair-force-shampoing-keratine-et-huile-dargan/,,,NO_MATCH,0,,,,No stock row matches enough brand/product/variant detail
SHEA-COS-C555585F43A7,HAIR FORCE SHAMPOING,HAIR,A LA KERATINE ET EXTRAIT DE PASTEQUE ANTI CHUTE,HAIR FORCE SHAMPOING A LA KERATINE ET EXTRAIT DE PASTEQUE ANTI CHUTE,https://cosmeticstoredz.com/produit/hair-force-shp-a-la-keratine-et-extrait-de-pasteque-anti-chute/,,,NO_MATCH,0,,,,No stock row matches enough brand/product/variant detail
SHEA-COS-589115835ED5,HAIR FORCE SHAMPOING HUILE DE FIGUE DE BARBARIE,HAIR,Default,HAIR FORCE SHAMPOING HUILE DE FIGUE DE BARBARIE,https://cosmeticstoredz.com/produit/hair-force-shampoing-huile-de-figue-de-barbarie/,,,NO_MATCH,0,,,,No stock row matches enough brand/product/variant detail
SHEA-COS-9C4B6D0E3615,IL MAKIAGE ANTI CERNE,IL,2.5,IL MAKIAGE ANTI CERNE 2.5,https://cosmeticstoredz.com/produit/il-makiage-anti-cerne-2-5/,,,NO_MATCH,0,,,,No stock row matches enough brand/product/variant detail
SHEA-COS-179C7B0FF31E,IL MAKIAGE ANTI CERNE,IL,3.5,IL MAKIAGE ANTI CERNE 3.5,https://cosmeticstoredz.com/produit/il-makiage-anti-cerne-3-5/,,,NO_MATCH,0,,,,No stock row matches enough brand/product/variant detail
SHEA-COS-AD51F1E3C928,IL MAKIAGE EYELINER,IL,Default,IL MAKIAGE EYELINER,https://cosmeticstoredz.com/produit/il-makiage-eyeliner/,,,NO_MATCH,0,,,,No stock row matches enough brand/product/variant detail
SHEA-COS-B7F253D7492F,IL MAKIAGE PRIMER BASE,IL,Default,IL MAKIAGE PRIMER BASE,https://cosmeticstoredz.com/produit/il-makiage-primer-base/,,,NO_MATCH,0,,,,No stock row matches enough brand/product/variant detail
SHEA-COS-12B1250F497D,I’M FROM RICE TONER,I’M,150ML,I’M FROM RICE TONER 150ML,https://cosmeticstoredz.com/produit/im-from-rice-toner-150ml/,150ML,,NO_MATCH,0,,,,No stock row matches enough brand/product/variant detail
SHEA-COS-5A43D551C876,KARSEELL MASQUE ORIGINAL,KARSEELL,KARSEELL MASQUE 500ML ORIGINAL,KARSEELL MASQUE 500ML ORIGINAL,https://cosmeticstoredz.com/produit/karseell-masque-500ml-original/,500ML,,NO_MATCH,0,,,,No stock row matches enough brand/product/variant detail
SHEA-COS-BAECB8F0CD05,KERAGOLD SANS SULFATE SERUM,KERAGOLD,KERATINE & AIL,KERAGOLD SANS SULFATE SERUM KERATINE & AIL,https://cosmeticstoredz.com/produit/keragold-sans-sulfate-serum-keratine-ail-2/,,,NO_MATCH,0,,,,No stock row matches enough brand/product/variant detail
SHEA-COS-B9BB828D0577,KERAGOLD SANS SULFATE SERUM,KERAGOLD,KERATINE & AMLA,KERAGOLD SANS SULFATE SERUM KERATINE & AMLA,https://cosmeticstoredz.com/produit/keragold-sans-sulfate-serum-keratine-amla-2/,,,NO_MATCH,0,,,,No stock row matches enough brand/product/variant detail
SHEA-COS-42E08AAAFF4A,KERAGOLD SANS SULFATE SERUM,KERAGOLD,KERATINE & COCO,KERAGOLD SANS SULFATE SERUM KERATINE & COCO,https://cosmeticstoredz.com/produit/keragold-sans-sulfate-serum-keratine-coco-2/,,,NO_MATCH,0,,,,No stock row matches enough brand/product/variant detail
SHEA-COS-D43393E9E8DC,KERAGOLD SANS SULFATE SERUM,KERAGOLD,KERATINE & PROTEINE,KERAGOLD SANS SULFATE SERUM KERATINE & PROTEINE,https://cosmeticstoredz.com/produit/keragold-sans-sulfate-serum-keratine-proteine-2/,,,NO_MATCH,0,,,,No stock row matches enough brand/product/variant detail
SHEA-COS-FE717207E735,KERAGOLD SANS SULFATE SERUM,KERAGOLD,KERATINE COULEUR,KERAGOLD SANS SULFATE SERUM KERATINE COULEUR,https://cosmeticstoredz.com/produit/keragold-sans-sulfate-serum-keratine-couleur/,,,NO_MATCH,0,,,,No stock row matches enough brand/product/variant detail
SHEA-COS-1D82D81288DA,KIKO A HOLIDAY FABLE GEL HYDRATANT VISAGE,KIKO,45ML,KIKO A HOLIDAY FABLE GEL HYDRATANT VISAGE 45ML,https://cosmeticstoredz.com/produit/kiko-a-holiday-fable-gel-hydratant-visage-45ml/,45ML,,NO_MATCH,0,,,,No stock row matches enough brand/product/variant detail
SHEA-COS-9492D5004BEA,KIKO MILANO NOURISHING LIP OIL,KIKO,N02,KIKO MILANO NOURISHING LIP OIL N02,https://cosmeticstoredz.com/produit/kiko-milano-nourishing-lip-oil-n02/,,,NO_MATCH,0,,,,No stock row matches enough brand/product/variant detail
SHEA-COS-DB12F2D57FE8,KRISENS CREME CHVX,KRISENS,Default,KRISENS CREME CHVX,https://cosmeticstoredz.com/produit/krisens-creme-chvx/,,,NO_MATCH,0,,,,No stock row matches enough brand/product/variant detail
SHEA-COS-D4031E410D5D,L OREAL PARIS GLAM BRONZE,L,LA TERRA 01,L OREAL PARIS GLAM BRONZE LA TERRA 01,https://cosmeticstoredz.com/produit/l-oreal-paris-glam-bronze-la-terra-01/,,,NO_MATCH,0,,,,No stock row matches enough brand/product/variant detail
SHEA-COS-D51896863BEB,L OREAL PARIS INFAILLBLE,L,TOTAL COVER PALLETTE,L OREAL PARIS INFAILLBLE TOTAL COVER PALLETTE,https://cosmeticstoredz.com/produit/l-oreal-paris-infaillble-total-cover-pallette/,,,NO_MATCH,0,,,,No stock row matches enough brand/product/variant detail
SHEA-COS-551A6B37783E,L OREAL PARIS INFAILLBLE,L,BLUSH PAINT TANGERINE,L OREAL PARIS INFAILLBLE BLUSH PAINT TANGERINE,https://cosmeticstoredz.com/produit/l-oreal-paris-infaillible-blush-paint-tangerine/,,,NO_MATCH,0,,,,No stock row matches enough brand/product/variant detail
SHEA-COS-12A23D24DC1C,L OREAL PARIS INFAILLBLE,L,"LIP MATTE ,203 TANGIRINE",L OREAL PARIS INFAILLBLE LIP MATTE 203 TANGIRINE,https://cosmeticstoredz.com/produit/l-oreal-paris-infaillible-lip-matte-203-tangirine/,,,NO_MATCH,0,,,,No stock row matches enough brand/product/variant detail
SHEA-COS-0BCEF8D7E67F,L OREAL PARIS INFAILLBLE,L,"LIP MATTE, 207 WUTHERING",L OREAL PARIS INFAILLBLE LIP MATTE 207 WUTHERING,https://cosmeticstoredz.com/produit/l-oreal-paris-infaillible-lip-matte-207-wuthering/,,,NO_MATCH,0,,,,No stock row matches enough brand/product/variant detail
SHEA-COS-BA87454D9A1A,L OREAL PARIS LE GLOSS INFAILLIBLE CREAM,L,102,L OREAL PARIS LE GLOSS INFAILLIBLE CREAM 102,https://cosmeticstoredz.com/produit/l-oreal-paris-le-gloss-infaillible-cream-102/,,,NO_MATCH,0,,,,No stock row matches enough brand/product/variant detail
SHEA-COS-039AB3D304F0,L OREAL PARIS RAL LES LEVRE PARISIENNES,L,238,L OREAL PARIS RAL LES LEVRE PARISIENNES 238,https://cosmeticstoredz.com/produit/l-oreal-paris-ral-les-levre-parisiennes-238/,,,NO_MATCH,0,,,,No stock row matches enough brand/product/variant detail
SHEA-COS-6E51EB7353D9,L OREAL PARIS RAL SIGNATURE,L,114 I REPRESNET,L OREAL PARIS RAL SIGNATURE 114 I REPRESNET,https://cosmeticstoredz.com/produit/l-oreal-paris-ral-signature-114-i-represnet/,,,NO_MATCH,0,,,,No stock row matches enough brand/product/variant detail
SHEA-COS-7F60459AE7DC,L OREAL PARIS RAL SIGNATURE,L,115 I AM WORTH IT,L OREAL PARIS RAL SIGNATURE 115 I AM WORTH IT,https://cosmeticstoredz.com/produit/l-oreal-paris-ral-signature-115-i-am-worth-it/,,,NO_MATCH,0,,,,No stock row matches enough brand/product/variant detail
SHEA-COS-36F6DF16B54D,L OREAL REVITALIFT LASER,L,Default,L OREAL REVITALIFT LASER,https://cosmeticstoredz.com/produit/l-oreal-revitalift-laser/,,,NO_MATCH,0,,,,No stock row matches enough brand/product/variant detail
SHEA-COS-D6E388E2D4D3,L OREAL TOTAL COVER FONDATION,L,N°13,L OREAL TOTAL COVER FONDATION N°13,https://cosmeticstoredz.com/produit/l-oreal-total-cover-fondation-n13/,,,NO_MATCH,0,,,,No stock row matches enough brand/product/variant detail
SHEA-COS-771D64BFA484,L OREAL VOLUME MILLION FATALE,L,Default,L OREAL VOLUME MILLION FATALE,https://cosmeticstoredz.com/produit/l-oreal-volume-million-fatale/,,,NO_MATCH,0,,,,No stock row matches enough brand/product/variant detail
SHEA-COS-A2A161E21F3D,L'OREAL PARIS INFAILLIBLE BLUSH PAINT,L,TANGERINE,L'OREAL PARIS INFAILLIBLE BLUSH PAINT TANGERINE,https://cosmeticstoredz.com/produit/l-oreal-paris-infaillible-blush-paint-tangerine-2/,,,NO_MATCH,0,,,,No stock row matches enough brand/product/variant detail
SHEA-COS-3B7D637D5485,L'OREAL TELESCOPIC LIFT WTP,L,Default,L'OREAL TELESCOPIC LIFT WTP,https://cosmeticstoredz.com/produit/l-oreal-telescopic-lift-wtp/,,,NO_MATCH,0,,,,No stock row matches enough brand/product/variant detail
SHEA-COS-16CE12DD91C7,L'OREAL MASCARA,L?OREAL,DOUBLE EXTEND,L'OREAL MASCARA DOUBLE EXTEND,https://cosmeticstoredz.com/produit/loreal-mascara-double-extend/,,,NO_MATCH,0,,,,No stock row matches enough brand/product/variant detail
SHEA-COS-42DB177F4A4E,L'OREAL MASCARA,L?OREAL,TELESCOPIC LIFT,L'OREAL MASCARA TELESCOPIC LIFT,https://cosmeticstoredz.com/produit/loreal-mascara-telescopic-lift/,,,NO_MATCH,0,,,,No stock row matches enough brand/product/variant detail
SHEA-COS-A02E4C2B6200,L'OREAL MASCARA,L?OREAL,VOLUMINOUS SUPER STAR,L'OREAL MASCARA VOLUMINOUS SUPER STAR,https://cosmeticstoredz.com/produit/loreal-mascara-voluminous-super-star/,,,NO_MATCH,0,,,,No stock row matches enough brand/product/variant detail
SHEA-COS-A2CB7352EDFD,L'OREAL PARIS BOTANICALS,L?OREAL,ARGAN ET AZAFRAN CHEVEUX SEC,L'OREAL PARIS BOTANICALS ARGAN ET AZAFRAN CHEVEUX SEC,https://cosmeticstoredz.com/produit/loreal-paris-botanicals-argan-et-azafran-cheveux-sec/,,,NO_MATCH,0,,,,No stock row matches enough brand/product/variant detail
SHEA-COS-8D8123F347BD,LA ROCHE POSAY,LA,50+ ANTHELIOS UVMUNE 400 TEINTEE,LA ROCHE POSAY 50+ ANTHELIOS UVMUNE 400 TEINTEE,https://cosmeticstoredz.com/produit/la-roche-posay-50-anthelios-uvmune-400-teintee/,,,NO_MATCH,0,,,,No stock row matches enough brand/product/variant detail
SHEA-COS-86C314A5574F,LA ROCHE POSAY,LA,EFFACLAR GEL MOUSSANT PURIFIANT 400ML,LA ROCHE POSAY EFFACLAR GEL MOUSSANT PURIFIANT 400ML,https://cosmeticstoredz.com/produit/la-roche-posay-effaclar-gel-moussant-purifiant-400ml/,400ML,,NO_MATCH,0,,,,No stock row matches enough brand/product/variant detail
SHEA-COS-38535D381E6D,LA ROCHE POSAY ANTHELIOS UVMUNE 400 50+SPF FLUIDE OIL CONTROL PROTECTION UVA ULTRA LONGS,LA,Default,LA ROCHE POSAY ANTHELIOS UVMUNE 400 50+SPF FLUIDE OIL CONTROL PROTECTION UVA ULTRA LONGS,https://cosmeticstoredz.com/produit/la-roche-posay-anthelios-uvmune-400-50spf-fluide-oil-control-protection-uva-ultra-longs/,,,NO_MATCH,0,,,,No stock row matches enough brand/product/variant detail
SHEA-COS-25724011C7D6,LA ROCHE POSAY CICAPLAST MAINS CREME BARRIERE REPARATRICE,LA,Default,LA ROCHE POSAY CICAPLAST MAINS CREME BARRIERE REPARATRICE,https://cosmeticstoredz.com/produit/la-roche-posay-cicaplast-mains-creme-barriere-reparatrice/,,,NO_MATCH,0,,,,No stock row matches enough brand/product/variant detail
SHEA-COS-BDCE09E7834C,LA ROCHE POSAY CREME ANTI BRILANCE ECRAN,LA,Default,LA ROCHE POSAY CREME ANTI BRILANCE ECRAN,https://cosmeticstoredz.com/produit/la-roche-posay-creme-anti-brilance-ecran/,,,NO_MATCH,0,,,,No stock row matches enough brand/product/variant detail
SHEA-COS-B4B04B0D863D,LA ROCHE POSAY EFFACLAR DUO+,LA,Default,LA ROCHE POSAY EFFACLAR DUO+,https://cosmeticstoredz.com/produit/la-roche-posay-effaclar-duo/,,,NO_MATCH,0,,,,No stock row matches enough brand/product/variant detail
SHEA-COS-185EF6AF954A,LA ROCHE-POSAY CICAPLAST BAUME B5,LA,Default,LA ROCHE-POSAY CICAPLAST BAUME B5,https://cosmeticstoredz.com/produit/la-roche-posay-cicaplast-baume-b5/,,,NO_MATCH,0,,,,No stock row matches enough brand/product/variant detail
SHEA-COS-08B8D0B603EA,LABELLO PACK 2 ORIGINAL BEURRE DE KARITE ET HUILE NATURELLE,LABELLO,Default,LABELLO PACK 2 ORIGINAL BEURRE DE KARITE ET HUILE NATURELLE,https://cosmeticstoredz.com/produit/labello-pack-2-original-beurre-de-karite-et-huile-naturelle/,,,NO_MATCH,0,,,,No stock row matches enough brand/product/variant detail
SHEA-COS-98FF005C7175,LABELLO SOFT ROSE,LABELLO,Default,LABELLO SOFT ROSE,https://cosmeticstoredz.com/produit/labello-soft-rose/,,,NO_MATCH,0,,,,No stock row matches enough brand/product/variant detail
SHEA-COS-AF062BF184C0,LADYFRESH DEO INTIME,LADYFRESH,150ML BLEU,LADYFRESH DEO INTIME 150ML BLEU,https://cosmeticstoredz.com/produit/ladyfresh-deo-intime-150ml-bleu/,150ML,,NO_MATCH,0,,,,No stock row matches enough brand/product/variant detail
SHEA-COS-02F85D70515B,LADYFRESH DEO INTIME,LADYFRESH,150ML MAUVE,LADYFRESH DEO INTIME 150ML MAUVE,https://cosmeticstoredz.com/produit/ladyfresh-deo-intime-150ml-mauve/,150ML,,NO_MATCH,0,,,,No stock row matches enough brand/product/variant detail
SHEA-COS-0A3DAB7D7301,LADYFRESH DEO INTIME,LADYFRESH,150ML ROSE,LADYFRESH DEO INTIME 150ML ROSE,https://cosmeticstoredz.com/produit/ladyfresh-deo-intime-150ml-rose/,150ML,,NO_MATCH,0,,,,No stock row matches enough brand/product/variant detail
SHEA-COS-169D52DC6B1C,LADYFRESH DEO INTIME,LADYFRESH,150ML ROUGE,LADYFRESH DEO INTIME 150ML ROUGE,https://cosmeticstoredz.com/produit/ladyfresh-deo-intime-150ml-rouge/,150ML,,NO_MATCH,0,,,,No stock row matches enough brand/product/variant detail
SHEA-COS-CDE85DAD1610,LADYFRESH GEL LAVANT INTIME,LADYFRESH,250ML CONFIANT,LADYFRESH GEL LAVANT INTIME 250ML CONFIANT,https://cosmeticstoredz.com/produit/ladyfresh-gel-lavant-intime-250ml-confiant/,250ML,,NO_MATCH,0,,,,No stock row matches enough brand/product/variant detail
SHEA-COS-E649663F6CAC,LADYFRESH GEL LAVANT INTIME,LADYFRESH,250ML CONFORT,LADYFRESH GEL LAVANT INTIME 250ML CONFORT,https://cosmeticstoredz.com/produit/ladyfresh-gel-lavant-intime-250ml-confort/,250ML,,NO_MATCH,0,,,,No stock row matches enough brand/product/variant detail
SHEA-COS-050DA4B44CFD,LADYFRESH GEL LAVANT INTIME,LADYFRESH,250ML DOUCEUR,LADYFRESH GEL LAVANT INTIME 250ML DOUCEUR,https://cosmeticstoredz.com/produit/ladyfresh-gel-lavant-intime-250ml-douceur/,250ML,,NO_MATCH,0,,,,No stock row matches enough brand/product/variant detail
SHEA-COS-1F1A9F1F1301,LADYFRESH GEL LAVANT INTIME,LADYFRESH,250ML SENSUEL,LADYFRESH GEL LAVANT INTIME 250ML SENSUEL,https://cosmeticstoredz.com/produit/ladyfresh-gel-lavant-intime-250ml-sensuel/,250ML,,NO_MATCH,0,,,,No stock row matches enough brand/product/variant detail
SHEA-COS-CAD0B07BB372,LAIA BEAUTY NUDE PALETTE,LAIA,COCOA,LAIA BEAUTY NUDE PALETTE COCOA,https://cosmeticstoredz.com/produit/laia-beauty-nude-palette-cocoa/,,,NO_MATCH,0,,,,No stock row matches enough brand/product/variant detail
SHEA-COS-903FB1304DFE,LAIA BEAUTY NUDE PALETTE,LAIA,CREAM,LAIA BEAUTY NUDE PALETTE CREAM,https://cosmeticstoredz.com/produit/laia-beauty-nude-palette-cream/,,,NO_MATCH,0,,,,No stock row matches enough brand/product/variant detail
SHEA-COS-39F003993C34,LAIA BEAUTY NUDE PALETTE,LAIA,TAUPE,LAIA BEAUTY NUDE PALETTE TAUPE,https://cosmeticstoredz.com/produit/laia-beauty-nude-palette-taupe/,,,NO_MATCH,0,,,,No stock row matches enough brand/product/variant detail
SHEA-COS-32BD425F591A,LANCOME ABSOLU ROUGE RUBY CREAM LIP BAR,LANCOME,01 BAD BOOD RUBY,LANCOME ABSOLU ROUGE RUBY CREAM LIP BAR 01 BAD BOOD RUBY,https://cosmeticstoredz.com/produit/lancome-absolu-rouge-ruby-cream-lip-bar-01-bad-bood-ruby/,,,NO_MATCH,0,,,,No stock row matches enough brand/product/variant detail
SHEA-COS-5899B0E557A9,LANCOME ABSOLU ROUGE RUBY CREAM LIP BAR,LANCOME,02 RUBY QUEEN,LANCOME ABSOLU ROUGE RUBY CREAM LIP BAR 02 RUBY QUEEN,https://cosmeticstoredz.com/produit/lancome-absolu-rouge-ruby-cream-lip-bar-02-ruby-queen/,,,NO_MATCH,0,,,,No stock row matches enough brand/product/variant detail
SHEA-COS-36EC8D0967CD,LANCOME ABSOLU ROUGE RUBY CREAM LIP BAR,LANCOME,12 ROSE NUANCE CREAM,LANCOME ABSOLU ROUGE RUBY CREAM LIP BAR 12 ROSE NUANCE CREAM,https://cosmeticstoredz.com/produit/lancome-absolu-rouge-ruby-cream-lip-bar-12-rose-nuance-cream/,,,NO_MATCH,0,,,,No stock row matches enough brand/product/variant detail
SHEA-COS-5831299CB875,LANCOME ABSOLU ROUGE RUBY CREAM LIP BAR,LANCOME,133 SUNRISE RUBY,LANCOME ABSOLU ROUGE RUBY CREAM LIP BAR 133 SUNRISE RUBY,https://cosmeticstoredz.com/produit/lancome-absolu-rouge-ruby-cream-lip-bar-133-sunrise-ruby/,,,NO_MATCH,0,,,,No stock row matches enough brand/product/variant detail
SHEA-COS-DF5C6644213A,LANCOME ABSOLU ROUGE RUBY CREAM LIP BAR,LANCOME,138 RAGING RED,LANCOME ABSOLU ROUGE RUBY CREAM LIP BAR 138 RAGING RED,https://cosmeticstoredz.com/produit/lancome-absolu-rouge-ruby-cream-lip-bar-138-raging-red/,,,NO_MATCH,0,,,,No stock row matches enough brand/product/variant detail
SHEA-COS-CE273CBE5A13,LANCOME ABSOLU ROUGE RUBY CREAM LIP BAR,LANCOME,176 SOIR CREAM,LANCOME ABSOLU ROUGE RUBY CREAM LIP BAR 176 SOIR CREAM,https://cosmeticstoredz.com/produit/lancome-absolu-rouge-ruby-cream-lip-bar-176-soir-cream/,,,NO_MATCH,0,,,,No stock row matches enough brand/product/variant detail
SHEA-COS-4E7C759BC609,LANCOME ABSOLU ROUGE RUBY CREAM LIP BAR,LANCOME,197 ROUGE CHERIE MATTE,LANCOME ABSOLU ROUGE RUBY CREAM LIP BAR 197 ROUGE CHERIE MATTE,https://cosmeticstoredz.com/produit/lancome-absolu-rouge-ruby-cream-lip-bar-197-rouge-cherie-matte/,,,NO_MATCH,0,,,,No stock row matches enough brand/product/variant detail
SHEA-COS-6BDB6B35C8A8,LANCOME ABSOLU ROUGE RUBY CREAM LIP BAR,LANCOME,198 ROUGE FLAMBOYANT MATTE,LANCOME ABSOLU ROUGE RUBY CREAM LIP BAR 198 ROUGE FLAMBOYANT MATTE,https://cosmeticstoredz.com/produit/lancome-absolu-rouge-ruby-cream-lip-bar-198-rouge-flamboyant-matte/,,,NO_MATCH,0,,,,No stock row matches enough brand/product/variant detail
SHEA-COS-FD77FEE68D33,LANCOME ABSOLU ROUGE RUBY CREAM LIP BAR,LANCOME,356 BLACK PRINCE RUBY,LANCOME ABSOLU ROUGE RUBY CREAM LIP BAR 356 BLACK PRINCE RUBY,https://cosmeticstoredz.com/produit/lancome-absolu-rouge-ruby-cream-lip-bar-356-black-prince-ruby/,,,NO_MATCH,0,,,,No stock row matches enough brand/product/variant detail
SHEA-COS-DDE6D18D7C12,LANCOME ABSOLU ROUGE RUBY CREAM LIP BAR,LANCOME,382 PINK EXALTATION,LANCOME ABSOLU ROUGE RUBY CREAM LIP BAR 382 PINK EXALTATION,https://cosmeticstoredz.com/produit/lancome-absolu-rouge-ruby-cream-lip-bar-382-pink-exaltation/,,,NO_MATCH,0,,,,No stock row matches enough brand/product/variant detail
SHEA-COS-E95BA6173951,LANCOME ABSOLU ROUGE RUBY CREAM LIP BAR,LANCOME,473 RUBIEZ,LANCOME ABSOLU ROUGE RUBY CREAM LIP BAR 473 RUBIEZ,https://cosmeticstoredz.com/produit/lancome-absolu-rouge-ruby-cream-lip-bar-473-rubiez/,,,NO_MATCH,0,,,,No stock row matches enough brand/product/variant detail
SHEA-COS-D7FBDDE57D39,LANCOME ABSOLU ROUGE RUBY CREAM LIP BAR,LANCOME,525 SEXY CHERRY,LANCOME ABSOLU ROUGE RUBY CREAM LIP BAR 525 SEXY CHERRY,https://cosmeticstoredz.com/produit/lancome-absolu-rouge-ruby-cream-lip-bar-525-sexy-cherry/,,,NO_MATCH,0,,,,No stock row matches enough brand/product/variant detail
SHEA-COS-8E614C48BC39,LANCOME L’ABSOLU MADEMOISELLE,LANCOME,BALM BAUME POUR LES LEVRES 006 COSY CRANBERRY,LANCOME L’ABSOLU MADEMOISELLE BALM BAUME POUR LES LEVRES 006 COSY CRANBERRY,https://cosmeticstoredz.com/produit/lancome-labsolu-mademoiselle-balm-baume-pour-les-levres-006-cosy-cranberry/,,,NO_MATCH,0,,,,No stock row matches enough brand/product/variant detail
SHEA-COS-301ABE27258A,LANCOME L’ABSOLU MADEMOISELLE,LANCOME,SHINE ROUGE A LEVRES SENSATION BAUME 397 CALL ME SHINY,LANCOME L’ABSOLU MADEMOISELLE SHINE ROUGE A LEVRES SENSATION BAUME 397 CALL ME SHINY,https://cosmeticstoredz.com/produit/lancome-labsolu-mademoiselle-shine-rouge-a-levres-sensation-baume-397-call-me-shiny/,,,NO_MATCH,0,,,,No stock row matches enough brand/product/variant detail
SHEA-COS-5CE1845629D3,LANCOME L’ABSOLU MADEMOISELLE,LANCOME,SHINE ROUGE A LEVRES SENSATION BAUME 420 FRENCH APPEAL,LANCOME L’ABSOLU MADEMOISELLE SHINE ROUGE A LEVRES SENSATION BAUME 420 FRENCH APPEAL,https://cosmeticstoredz.com/produit/lancome-labsolu-mademoiselle-shine-rouge-a-levres-sensation-baume-420-french-appeal/,,,NO_MATCH,0,,,,No stock row matches enough brand/product/variant detail
SHEA-COS-00B20B38C3A4,LISAS A/SHP SANS SULFATE,LISAS,400ML HUILE D ARGAN,LISAS A/SHP SANS SULFATE 400ML HUILE D ARGAN,https://cosmeticstoredz.com/produit/lisas-a-shp-sans-sulfate-400ml-huile-d-argan/,400ML,,NO_MATCH,0,,,,No stock row matches enough brand/product/variant detail
SHEA-COS-9A454DDB04AB,LISAS A/SHP SANS SULFATE,LISAS,A LA KERATINE,LISAS A/SHP SANS SULFATE A LA KERATINE,https://cosmeticstoredz.com/produit/lisas-a-shp-sans-sulfate-a-la-keratine/,,,NO_MATCH,0,,,,No stock row matches enough brand/product/variant detail
SHEA-COS-5C633F2EFBF7,LISAS CREME HYDRATANTE VISAGE,LISAS,PEAUX GRASSE,LISAS CREME HYDRATANTE VISAGE PEAUX GRASSE,https://cosmeticstoredz.com/produit/lisas-creme-hydratante-visage-peaux-grasse/,,,NO_MATCH,0,,,,No stock row matches enough brand/product/variant detail
SHEA-COS-AD0DBE8B6C01,LISAS CREME HYDRATANTE VISAGE,LISAS,PEAUX SECHES A TRES SECHES,LISAS CREME HYDRATANTE VISAGE PEAUX SECHES A TRES SECHES,https://cosmeticstoredz.com/produit/lisas-creme-hydratante-visage-peaux-seches-a-tres-seches/,,,NO_MATCH,0,,,,No stock row matches enough brand/product/variant detail
SHEA-COS-344274C46185,LISAS EAU MICELLAIRE,LISAS,225ML,LISAS EAU MICELLAIRE 225ML,https://cosmeticstoredz.com/produit/lisas-eau-micellaire-225ml/,225ML,,NO_MATCH,0,,,,No stock row matches enough brand/product/variant detail
SHEA-COS-6CCE2ADA886F,LISAS ECRAN TOTAL INVISIBLE,LISAS,Default,LISAS ECRAN TOTAL INVISIBLE,https://cosmeticstoredz.com/produit/lisas-ecran-total/,,,NO_MATCH,0,,,,No stock row matches enough brand/product/variant detail
SHEA-COS-031D48D46605,LISAS MASQUE CAPILLAIRE,LISAS,A LA KERATINE,LISAS MASQUE CAPILLAIRE A LA KERATINE,https://cosmeticstoredz.com/produit/lisas-masque-capillaire-a-la-keratine/,,,NO_MATCH,0,,,,No stock row matches enough brand/product/variant detail
SHEA-COS-C83423DB3139,LISAS MASQUE CAPILLAIRE,LISAS,A LA PROTEINE,LISAS MASQUE CAPILLAIRE A LA PROTEINE,https://cosmeticstoredz.com/produit/lisas-masque-capillaire-a-la-proteine/,,,NO_MATCH,0,,,,No stock row matches enough brand/product/variant detail
SHEA-COS-BF1E5EBF0180,LISAS SHP,LISAS,EXPERT SANS SULFATE HUILE D ARGAN,LISAS SHP EXPERT SANS SULFATE HUILE D ARGAN,https://cosmeticstoredz.com/produit/lisas-shp-expert-sans-sulfate-huile-d-argan/,,,NO_MATCH,0,,,,No stock row matches enough brand/product/variant detail
SHEA-COS-9399F42D4D17,LISAS SHP,LISAS,SANS SULFATE A LA PROTEINE,LISAS SHP SANS SULFATE A LA PROTEINE,https://cosmeticstoredz.com/produit/lisas-shp-sans-sulfate-a-la-proteine/,,,NO_MATCH,0,,,,No stock row matches enough brand/product/variant detail
SHEA-COS-E60DEB68513F,LISAS SHP,LISAS,SANS SULFATE A LA KERATINE,LISAS SHP SANS SULFATE A LA KERATINE,https://cosmeticstoredz.com/produit/lisas-shp-sans-sulfate-a-la-keratine/,,,NO_MATCH,0,,,,No stock row matches enough brand/product/variant detail
SHEA-COS-CA42A7CF77BE,LISAS VASELINE EN CREME PIEDS 75ML REPAIR AND CARE,LISAS,Default,LISAS VASELINE EN CREME PIEDS 75ML REPAIR AND CARE,https://cosmeticstoredz.com/produit/lisas-vaseline-en-creme-pieds-75ml-repair-and-care/,75ML,,NO_MATCH,0,,,,No stock row matches enough brand/product/variant detail
SHEA-COS-25421291B04D,LISTERINE BAINE DE BOUCHE,LISTERINE,250ML MENTOL,LISTERINE BAINE DE BOUCHE 250ML MENTOL,https://cosmeticstoredz.com/produit/listerine-bain-de-bouche-250ml-mentop/,250ML,,NO_MATCH,0,,,,No stock row matches enough brand/product/variant detail
SHEA-COS-94DF9C12917A,LISTERINE BAINE DE BOUCHE,LISTERINE,250ML PROTECTION DES DENTS,LISTERINE BAINE DE BOUCHE 250ML PROTECTION DES DENTS,https://cosmeticstoredz.com/produit/listerine-bain-de-bouche-250ml-protection-des-dents/,250ML,,NO_MATCH,0,,,,No stock row matches enough brand/product/variant detail
SHEA-COS-8D3B62929D4B,LISTERINE BAINE DE BOUCHE,LISTERINE,COOL MINT 250ML,LISTERINE BAINE DE BOUCHE COOL MINT 250ML,https://cosmeticstoredz.com/produit/listerine-baine-de-bouge-cool-mint-250ml/,250ML,,NO_MATCH,0,,,,No stock row matches enough brand/product/variant detail
SHEA-COS-F3AE5A925E55,LOE BAUME A LEVRE 15G CITRON,LOE,Default,LOE BAUME A LEVRE 15G CITRON,https://cosmeticstoredz.com/produit/loe-baume-a-levre-15g-citron/,15G,,NO_MATCH,0,,,,No stock row matches enough brand/product/variant detail
SHEA-COS-1AEE9222D2EE,LOREAL AGE PERFECT GOLDEN ROSE,LOREAL,Default,LOREAL AGE PERFECT GOLDEN ROSE,https://cosmeticstoredz.com/produit/loreal-age-perfect-golden-rose/,,,NO_MATCH,0,,,,No stock row matches enough brand/product/variant detail
SHEA-COS-311D2F5FDA95,LOREAL FDT INFAILLIBLE,LOREAL,"MATT COVER ,300 AMBRE",LOREAL FDT INFAILLIBLE MATT COVER 300 AMBRE,https://cosmeticstoredz.com/produit/loreal-fdt-infaillible-matt-cover-300-ambre/,,,NO_MATCH,0,,,,No stock row matches enough brand/product/variant detail
SHEA-COS-ADA21BDF64D9,LOREAL FDT INFAILLIBLE,LOREAL,LOREAL FDT INFALLIBLE CAN,LOREAL FDT INFALLIBLE CAN,https://cosmeticstoredz.com/produit/loreal-fdt-infallible-can/,,,NO_MATCH,0,,,,No stock row matches enough brand/product/variant detail
SHEA-COS-7B34407D731C,LOREAL LASH PARADISE 204 WTP,LOREAL,Default,LOREAL LASH PARADISE 204 WTP,https://cosmeticstoredz.com/produit/loreal-lash-paradise-204-wtp/,,,NO_MATCH,0,,,,No stock row matches enough brand/product/variant detail
SHEA-COS-BEEC643CFAFA,LOREAL MASCARA LASH PARADISE 250 ROSE MILLENAIRE,LOREAL,Default,LOREAL MASCARA LASH PARADISE 250 ROSE MILLENAIRE,https://cosmeticstoredz.com/produit/loreal-mascara-lash-paradise-250-rose-millenaire/,,,NO_MATCH,0,,,,No stock row matches enough brand/product/variant detail
SHEA-COS-F02D7DDA1DA5,LOVINA A/SHP,LOVINA,A LA KERATINE,LOVINA A/SHP A LA KERATINE,https://cosmeticstoredz.com/produit/lovina-a-shp-a-la-keratine/,,,NO_MATCH,0,,,,No stock row matches enough brand/product/variant detail
SHEA-COS-455EB08AEACA,LOVINA A/SHP,LOVINA,SANS SULFATE,LOVINA A/SHP SANS SULFATE,https://cosmeticstoredz.com/produit/lovina-a-shp-sans-sulfate/,,,NO_MATCH,0,,,,No stock row matches enough brand/product/variant detail
SHEA-COS-6ADFA3714080,LOVINA BABY LOTION ROSE,LOVINA,Default,LOVINA BABY LOTION ROSE,https://cosmeticstoredz.com/produit/lovina-baby-lotion-rose/,,,NO_MATCH,0,,,,No stock row matches enough brand/product/variant detail
SHEA-COS-6940F9A8177F,LOVINA BAIN DE BOUCHE FRAICHEUR,LOVINA,Default,LOVINA BAIN DE BOUCHE FRAICHEUR,https://cosmeticstoredz.com/produit/lovina-bain-de-bouche-fraicheur/,,,NO_MATCH,0,,,,No stock row matches enough brand/product/variant detail
SHEA-COS-567AEB03EAF9,LOVINA CREME GLYCERINE,LOVINA,100ML,LOVINA CREME GLYCERINE 100ML,https://cosmeticstoredz.com/produit/lovina-creme-glycerine-100ml/,100ML,,NO_MATCH,0,,,,No stock row matches enough brand/product/variant detail
SHEA-COS-935635D18E4E,LOVINA DISSOLVANT,LOVINA,130ML,LOVINA DISSOLVANT 130ML,https://cosmeticstoredz.com/produit/lovina-dissolvant-130ml/,130ML,,NO_MATCH,0,,,,No stock row matches enough brand/product/variant detail
SHEA-COS-8C7069FAB97D,LOVINA GEL NETTOYANT VISAGE,LOVINA,Default,LOVINA GEL NETTOYANT VISAGE,https://cosmeticstoredz.com/produit/lovina-gel-nettoyant-visage/,,,NO_MATCH,0,,,,No stock row matches enough brand/product/variant detail
SHEA-COS-75B844219AFB,LOVINA GLYCERINE TUBE,LOVINA,75ML,LOVINA GLYCERINE TUBE 75ML,https://cosmeticstoredz.com/produit/lovina-glycerine-tube-75ml/,75ML,,NO_MATCH,0,,,,No stock row matches enough brand/product/variant detail
SHEA-COS-D627521FFC0A,LOVINA GLYCERINE VEGETALE,LOVINA,Default,LOVINA GLYCERINE VEGETALE,https://cosmeticstoredz.com/produit/lovina-glycerine-vegetale/,,,NO_MATCH,0,,,,No stock row matches enough brand/product/variant detail
SHEA-COS-004FB9C4F061,LOVINA MASQUE SANS SULFATE,LOVINA,Default,LOVINA MASQUE SANS SULFATE,https://cosmeticstoredz.com/produit/lovina-masque-sans-sulfate/,,,NO_MATCH,0,,,,No stock row matches enough brand/product/variant detail
SHEA-COS-C1B4FD62C0DE,LOVINA SHP,LOVINA,400ML,LOVINA SHP 400ML,https://cosmeticstoredz.com/produit/lovina-shp-400ml/,400ML,,NO_MATCH,0,,,,No stock row matches enough brand/product/variant detail
SHEA-COS-918460E10744,LOVINA SPAY KERATINE,LOVINA,250ML,LOVINA SPAY KERATINE 250ML,https://cosmeticstoredz.com/produit/lovina-spay-keratine-250ml/,250ML,,NO_MATCH,0,,,,No stock row matches enough brand/product/variant detail
SHEA-COS-1EC484DDAE45,LVL GEL DOUCHE,LVL,ROUGE,LVL GEL DOUCHE ROUGE,https://cosmeticstoredz.com/produit/lvl-gel-douche-rouge/,,,NO_MATCH,0,,,,No stock row matches enough brand/product/variant detail
SHEA-COS-41CA0B17EA22,LVL GEL DOUCHE,LVL,VERT,LVL GEL DOUCHE VERT,https://cosmeticstoredz.com/produit/lvl-gel-douche-vert/,,,NO_MATCH,0,,,,No stock row matches enough brand/product/variant detail
SHEA-COS-171757989322,LVL PLUS QUE MA VIE,LVL,Default,LVL PLUS QUE MA VIE,https://cosmeticstoredz.com/produit/lvl-plus-que-ma-vie/,,,NO_MATCH,0,,,,No stock row matches enough brand/product/variant detail
SHEA-COS-902151D3E24B,L’OREAL ACCORD PARFAIT FOND DE TEINT,L’OREAL,3R 3C COOL ROSE,L’OREAL ACCORD PARFAIT FOND DE TEINT 3R 3C COOL ROSE,https://cosmeticstoredz.com/produit/loreal-accord-parfait-fond-de-teint-3r-3c-cool-rose/,,,NO_MATCH,0,,,,No stock row matches enough brand/product/variant detail
SHEA-COS-3E91F3FACFF6,L’OREAL AGE EXPERTISE SOIN ANTI-RIDES,L’OREAL,INTENSIF JOUR 45+,L’OREAL AGE EXPERTISE SOIN ANTI-RIDES INTENSIF JOUR 45+,https://cosmeticstoredz.com/produit/loreal-age-expertise-soin-anti-rides-intensif-jour-45/,,,NO_MATCH,0,,,,No stock row matches enough brand/product/variant detail
SHEA-COS-E9C432BEFF3B,L’OREAL AGE EXPERTISE SOIN ANTI-RIDES,L’OREAL,REDENSIFIANT 55+,L’OREAL AGE EXPERTISE SOIN ANTI-RIDES REDENSIFIANT 55+,https://cosmeticstoredz.com/produit/loreal-age-expertise-soin-anti-rides-redensifiant-55/,,,NO_MATCH,0,,,,No stock row matches enough brand/product/variant detail
SHEA-COS-2410CC3A3EF9,L’OREAL BRIGHT REVEAL NIACINAMIDE SERUM,L’OREAL,ANTI-TACHE,L’OREAL BRIGHT REVEAL NIACINAMIDE SERUM ANTI-TACHE,https://cosmeticstoredz.com/produit/loreal-bright-reveal-niacinamide-serum-anti-tache/,,,NO_MATCH,0,,,,No stock row matches enough brand/product/variant detail
SHEA-COS-BF8A51D90591,L’OREAL ELVIVE MASQUE CHVX,L’OREAL,300ML DREAM LONG,L’OREAL ELVIVE MASQUE CHVX 300ML DREAM LONG,https://cosmeticstoredz.com/produit/loreal-elvive-masque-chvx-300ml-dream-long/,300ML,,NO_MATCH,0,,,,No stock row matches enough brand/product/variant detail
SHEA-COS-050B52AB14D5,L’OREAL ELVIVE MSQ HUILE EXTRAORDINAIRE,L’OREAL,AMLA,L’OREAL ELVIVE MSQ HUILE EXTRAORDINAIRE AMLA,https://cosmeticstoredz.com/produit/loreal-elvive-msq-huile-extraordinaire-amla/,,,NO_MATCH,0,,,,No stock row matches enough brand/product/variant detail
SHEA-COS-5799169538EA,L’OREAL ELVIVE MSQ HUILE EXTRAORDINAIRE,L’OREAL,COCO,L’OREAL ELVIVE MSQ HUILE EXTRAORDINAIRE COCO,https://cosmeticstoredz.com/produit/loreal-elvive-msq-huile-extraordinaire-coco/,,,NO_MATCH,0,,,,No stock row matches enough brand/product/variant detail
SHEA-COS-0F42706AED99,L’OREAL ELVIVE MSQ TOTAL REPAIR,L’OREAL,5,L’OREAL ELVIVE MSQ TOTAL REPAIR 5,https://cosmeticstoredz.com/produit/loreal-elvive-msq-total-repair-5/,,,NO_MATCH,0,,,,No stock row matches enough brand/product/variant detail
SHEA-COS-AF723AE953C1,L’OREAL INFALLIBLE SEXY BALM LIP BALM,L’OREAL,202 ADVENTURE,L’OREAL INFALLIBLE SEXY BALM LIP BALM 202 ADVENTURE,https://cosmeticstoredz.com/produit/loreal-infallible-sexy-balm-lip-balm-202-adventure/,,,NO_MATCH,0,,,,No stock row matches enough brand/product/variant detail
SHEA-COS-2CDF2AF8CEA9,L’OREAL MASCARA VOLUMINOUS ORIGINAL 360,L’OREAL,BLACK,L’OREAL MASCARA VOLUMINOUS ORIGINAL 360 BLACK,https://cosmeticstoredz.com/produit/loreal-mascara-voluminous-original-360-black/,,,NO_MATCH,0,,,,No stock row matches enough brand/product/variant detail
SHEA-COS-8A36A404131B,L’OREAL MEN EXPERT STICK GEL 48H,L’OREAL,FRESH EXTREME,L’OREAL MEN EXPERT STICK GEL 48H FRESH EXTREME,https://cosmeticstoredz.com/produit/loreal-men-expert-stick-gel-48h-fresh-extreme/,,,NO_MATCH,0,,,,No stock row matches enough brand/product/variant detail
SHEA-COS-FBFFF8A3B723,L’OREAL PARIS INFALLIBLE 24H MORE THAN CONCEALER,L’OREAL,323,L’OREAL PARIS INFALLIBLE 24H MORE THAN CONCEALER 323,https://cosmeticstoredz.com/produit/loreal-paris-infallible-24h-more-than-concealer-323/,,,NO_MATCH,0,,,,No stock row matches enough brand/product/variant detail
SHEA-COS-C9FFACF89186,L’OREAL PARIS INFALLIBLE 24H MORE THAN CONCEALER,L’OREAL,324,L’OREAL PARIS INFALLIBLE 24H MORE THAN CONCEALER 324,https://cosmeticstoredz.com/produit/loreal-paris-infallible-24h-more-than-concealer-324/,,,NO_MATCH,0,,,,No stock row matches enough brand/product/variant detail
SHEA-COS-3ED39AFF99B6,L’OREAL PARIS INFALLIBLE 24H MORE THAN CONCEALER,L’OREAL,322,L’OREAL PARIS INFALLIBLE 24H MORE THAN CONCEALER 322,https://cosmeticstoredz.com/produit/l-oreal-infallible-concealer-322/,,,NO_MATCH,0,,,,No stock row matches enough brand/product/variant detail
SHEA-COS-A6CDF6043D62,L’OREAL PARIS INFALLIBLE 24HR FRESH WEAR LIQUID FOUNDATION,L’OREAL,015 NAUTRAL NEUTRE,L’OREAL PARIS INFALLIBLE 24HR FRESH WEAR LIQUID FOUNDATION 015 NAUTRAL NEUTRE,https://cosmeticstoredz.com/produit/loreal-paris-infallible-24hr-fresh-wear-liquid-foundation-015-nautral-neutre/,,,NO_MATCH,0,,,,No stock row matches enough brand/product/variant detail
SHEA-COS-8EE8608AFE91,L’OREAL PARIS INFALLIBLE 24HR FRESH WEAR LIQUID FOUNDATION,L’OREAL,020 NEUTRE,L’OREAL PARIS INFALLIBLE 24HR FRESH WEAR LIQUID FOUNDATION 020 NEUTRE,https://cosmeticstoredz.com/produit/loreal-paris-infallible-24hr-fresh-wear-liquid-foundation-020-neutre/,,,NO_MATCH,0,,,,No stock row matches enough brand/product/variant detail
SHEA-COS-958E4921D10D,L’OREAL PARIS INFALLIBLE 24HR FRESH WEAR LIQUID FOUNDATION,L’OREAL,110 COOL ROSE,L’OREAL PARIS INFALLIBLE 24HR FRESH WEAR LIQUID FOUNDATION 110 COOL ROSE,https://cosmeticstoredz.com/produit/loreal-paris-infallible-24hr-fresh-wear-liquid-foundation-110-cool-rose/,,,NO_MATCH,0,,,,No stock row matches enough brand/product/variant detail
SHEA-COS-BC6E8213D29E,L’OREAL PARIS INFALLIBLE 24HR FRESH WEAR LIQUID FOUNDATION,L’OREAL,120 WARM DORE,L’OREAL PARIS INFALLIBLE 24HR FRESH WEAR LIQUID FOUNDATION 120 WARM DORE,https://cosmeticstoredz.com/produit/loreal-paris-infallible-24hr-fresh-wear-liquid-foundation-120-warm-dore/,,,NO_MATCH,0,,,,No stock row matches enough brand/product/variant detail
SHEA-COS-56020C3001A6,L’OREAL PARIS INFALLIBLE 24HR FRESH WEAR LIQUID FOUNDATION,L’OREAL,145,L’OREAL PARIS INFALLIBLE 24HR FRESH WEAR LIQUID FOUNDATION 145,https://cosmeticstoredz.com/produit/loreal-paris-infallible-24hr-fresh-wear-liquid-foundation-145/,,,NO_MATCH,0,,,,No stock row matches enough brand/product/variant detail
SHEA-COS-79FD872E610F,L’OREAL PARIS INFALLIBLE GEL EYELINER,L’OREAL,002 GREY,L’OREAL PARIS INFALLIBLE GEL EYELINER 002 GREY,https://cosmeticstoredz.com/produit/loreal-paris-infallible-gel-eyeliner-002-grey/,,,NO_MATCH,0,,,,No stock row matches enough brand/product/variant detail
SHEA-COS-87C7A4401BD9,L’OREAL PARIS INFALLIBLE GEL EYELINER,L’OREAL,005 COOPER,L’OREAL PARIS INFALLIBLE GEL EYELINER 005 COOPER,https://cosmeticstoredz.com/produit/loreal-paris-infallible-gel-eyeliner-005-cooper/,,,NO_MATCH,0,,,,No stock row matches enough brand/product/variant detail
SHEA-COS-4D0BF7F69959,L’OREAL PARIS INFALLIBLE GEL EYELINER,L’OREAL,010 BLUE,L’OREAL PARIS INFALLIBLE GEL EYELINER 010 BLUE,https://cosmeticstoredz.com/produit/loreal-paris-infallible-gel-eyeliner-010-blue/,,,NO_MATCH,0,,,,No stock row matches enough brand/product/variant detail
SHEA-COS-B3604598A796,L’OREAL PARIS INFALLIBLE GEL EYELINER,L’OREAL,04 TAUPE,L’OREAL PARIS INFALLIBLE GEL EYELINER 04 TAUPE,https://cosmeticstoredz.com/produit/loreal-paris-infallible-gel-eyeliner-04-taupe/,,,NO_MATCH,0,,,,No stock row matches enough brand/product/variant detail
SHEA-COS-2DAA40FAEE4F,L’OREAL PARIS INFALLIBLE MATTE RESISTANCE,L’OREAL,100 FAIRYTALE ENDING,L’OREAL PARIS INFALLIBLE MATTE RESISTANCE 100 FAIRYTALE ENDING,https://cosmeticstoredz.com/produit/loreal-paris-infallible-matte-resistance-100-fairytale-ending/,,,NO_MATCH,0,,,,No stock row matches enough brand/product/variant detail
SHEA-COS-44A38BFD91D2,L’OREAL PARIS INFALLIBLE MATTE RESISTANCE,L’OREAL,150 LAZY SUNDAY,L’OREAL PARIS INFALLIBLE MATTE RESISTANCE 150 LAZY SUNDAY,https://cosmeticstoredz.com/produit/loreal-paris-infallible-matte-resistance-150-lazy-sunday/,,,NO_MATCH,0,,,,No stock row matches enough brand/product/variant detail
SHEA-COS-272C29F53F6A,L’OREAL PARIS INFALLIBLE MATTE RESISTANCE,L’OREAL,230 SHOPPING SPREE,L’OREAL PARIS INFALLIBLE MATTE RESISTANCE 230 SHOPPING SPREE,https://cosmeticstoredz.com/produit/loreal-paris-infallible-matte-resistance-230-shopping-spree/,,,NO_MATCH,0,,,,No stock row matches enough brand/product/variant detail
SHEA-COS-AF634877E8C5,L’OREAL PARIS INFALLIBLE MATTE RESISTANCE,L’OREAL,500 WIN NOT,L’OREAL PARIS INFALLIBLE MATTE RESISTANCE 500 WIN NOT,https://cosmeticstoredz.com/produit/loreal-paris-infallible-matte-resistance-500-win-not/,,,NO_MATCH,0,,,,No stock row matches enough brand/product/variant detail
SHEA-COS-E1AC79F94A06,L’OREAL PARIS INFALLIBLE MATTE RESISTANCE,L’OREAL,601 WORTH IT,L’OREAL PARIS INFALLIBLE MATTE RESISTANCE 601 WORTH IT,https://cosmeticstoredz.com/produit/loreal-paris-infallible-matte-resistance-601-worth-it/,,,NO_MATCH,0,,,,No stock row matches enough brand/product/variant detail
SHEA-COS-065005A85905,L’OREAL PARIS INFALLIBLE MATTE RESISTANCE,L’OREAL,625 SUMMER FLING,L’OREAL PARIS INFALLIBLE MATTE RESISTANCE 625 SUMMER FLING,https://cosmeticstoredz.com/produit/loreal-paris-infallible-matte-resistance-625-summer-fling/,,,NO_MATCH,0,,,,No stock row matches enough brand/product/variant detail
SHEA-COS-241B9CAAF450,L’OREAL PARIS INFALLIBLE MATTE RESISTANCE,L’OREAL,630 ROSE HEAT,L’OREAL PARIS INFALLIBLE MATTE RESISTANCE 630 ROSE HEAT,https://cosmeticstoredz.com/produit/loreal-paris-infallible-matte-resistance-630-rose-heat/,,,NO_MATCH,0,,,,No stock row matches enough brand/product/variant detail
SHEA-COS-A35250347958,L’OREAL PARIS MAGIC RETOUCH SPRAY INSTANTANE CORRECTEUR DE RACINES & CHEVEUX CHATAIN ACAJOU,L’OREAL,Default,L’OREAL PARIS MAGIC RETOUCH SPRAY INSTANTANE CORRECTEUR DE RACINES & CHEVEUX CHATAIN ACAJOU,https://cosmeticstoredz.com/produit/loreal-paris-magic-retouch-spray-instantane-correcteur-de-racines-cheveux-chatain-acajou/,,,NO_MATCH,0,,,,No stock row matches enough brand/product/variant detail
SHEA-COS-CF0A4FE3D2E6,L’OREAL PARIS REVITALIFT RETINOL,L’OREAL,30ML,L’OREAL PARIS REVITALIFT RETINOL 30ML,https://cosmeticstoredz.com/produit/loreal-paris-revitalift-retinol-30ml/,30ML,,NO_MATCH,0,,,,No stock row matches enough brand/product/variant detail
SHEA-COS-7D1E7ABA6B10,L’OREAL REVITALIFT SOIN HYDRATANT JOUR,L’OREAL,ANTI-RIDES EXTRA FERMETE,L’OREAL REVITALIFT SOIN HYDRATANT JOUR ANTI-RIDES EXTRA FERMETE,https://cosmeticstoredz.com/produit/loreal-revitalift-creme-jour-pot/,,,NO_MATCH,0,,,,No stock row matches enough brand/product/variant detail
SHEA-COS-E7679145A8DF,L’OREAL SOIN ANTI RIDES HYDRATANT JOIR,L’OREAL,+35,L’OREAL SOIN ANTI RIDES HYDRATANT JOIR +35,https://cosmeticstoredz.com/produit/loreal-soin-anti-rides-hydratant-joir-35/,,,NO_MATCH,0,,,,No stock row matches enough brand/product/variant detail
SHEA-COS-1EEB7883627A,L’OREAL STICK ROLL ON INVINCIBLE SPORT,L’OREAL,Default,L’OREAL STICK ROLL ON INVINCIBLE SPORT,https://cosmeticstoredz.com/produit/loreal-stick-roll-on-invincible-sport/,,,NO_MATCH,0,,,,No stock row matches enough brand/product/variant detail
SHEA-COS-E3B85EE820E6,L’OREAL SUGAR SCRUBS ANTI-FATIGUE,L’OREAL,Default,L’OREAL SUGAR SCRUBS ANTI-FATIGUE,https://cosmeticstoredz.com/produit/loreal-sugar-scrubs-anti-fatigue/,,,NO_MATCH,0,,,,No stock row matches enough brand/product/variant detail
SHEA-COS-98DFF4DA4394,L’OREAL VOLUMINOUS PRIMER BASE,L’OREAL,300,L’OREAL VOLUMINOUS PRIMER BASE 300,https://cosmeticstoredz.com/produit/loreal-voluminous-primer-base-300/,,,NO_MATCH,0,,,,No stock row matches enough brand/product/variant detail
SHEA-COS-F87822529EC2,MAGIC DREAM EAU MICILLAIR,MAGIC,Default,MAGIC DREAM EAU MICILLAIR,https://cosmeticstoredz.com/produit/magic-dream-eau-micillair/,,,NO_MATCH,0,,,,No stock row matches enough brand/product/variant detail
SHEA-COS-3278CF04606F,MAGIC DREAM FOND DE TEINT,MAGIC,N 01,MAGIC DREAM FOND DE TEINT N 01,https://cosmeticstoredz.com/produit/magic-dream-fond-de-teint-n-01/,,,NO_MATCH,0,,,,No stock row matches enough brand/product/variant detail
SHEA-COS-3FBC0AF4492E,MAGIC DREAM FOND DE TEINT,MAGIC,N 02,MAGIC DREAM FOND DE TEINT N 02,https://cosmeticstoredz.com/produit/magic-dream-fond-de-teint-n-02/,,,NO_MATCH,0,,,,No stock row matches enough brand/product/variant detail
SHEA-COS-D62960E59354,MAGIC DREAM FOND DE TEINT,MAGIC,N 03,MAGIC DREAM FOND DE TEINT N 03,https://cosmeticstoredz.com/produit/magic-dream-fond-de-teint-n-03/,,,NO_MATCH,0,,,,No stock row matches enough brand/product/variant detail
SHEA-COS-E26C0F401B72,MAGIC DREAM GEL NETTOYANT PURE BOOST,MAGIC,Default,MAGIC DREAM GEL NETTOYANT PURE BOOST,https://cosmeticstoredz.com/produit/magic-dream-gel-nettoyant-pure-boost/,,,NO_MATCH,0,,,,No stock row matches enough brand/product/variant detail
SHEA-COS-04C24C16D1C4,MAGIC DREAM GEL NETTOYANT PURE BOOST CYRAMIDES,MAGIC,Default,MAGIC DREAM GEL NETTOYANT PURE BOOST CYRAMIDES,https://cosmeticstoredz.com/produit/magic-dream-gel-nettoyant-pure-boost-cyramides/,,,NO_MATCH,0,,,,No stock row matches enough brand/product/variant detail
SHEA-COS-11EB9D5E247D,MAGIC DREAM GOMMAGE,MAGIC,CAFE,MAGIC DREAM GOMMAGE CAFE,https://cosmeticstoredz.com/produit/magic-dream-gommage-cafe/,,,NO_MATCH,0,,,,No stock row matches enough brand/product/variant detail
SHEA-COS-B89E37911674,MAGIC DREAM HAIREXPERT,MAGIC,"HUILE REM ,MACADAMIA",MAGIC DREAM HAIREXPERT HUILE REM MACADAMIA,https://cosmeticstoredz.com/produit/magic-dream-hairexpert-huile-rem-macadamia/,,,NO_MATCH,0,,,,No stock row matches enough brand/product/variant detail
SHEA-COS-A8BC3A55CB61,MAGIC DREAM HAIREXPERT,MAGIC,"HUILE REM ,AVOCAT",MAGIC DREAM HAIREXPERT HUILE REM AVOCAT,https://cosmeticstoredz.com/produit/magic-dream-hearexpert-huile-rem-avocat/,,,NO_MATCH,0,,,,No stock row matches enough brand/product/variant detail
SHEA-COS-DB28FA3A2B60,MAGIC DREAM HUILE NETTOYANT PURE BOOST A7 175ML,MAGIC,Default,MAGIC DREAM HUILE NETTOYANT PURE BOOST A7 175ML,https://cosmeticstoredz.com/produit/magic-dream-huile-nettoyant-pure-boost-a7-175ml/,175ML,,NO_MATCH,0,,,,No stock row matches enough brand/product/variant detail
SHEA-COS-A2A8C80CBFF7,MAGIC DREAM LOTION,MAGIC,Default,MAGIC DREAM LOTION,https://cosmeticstoredz.com/produit/magic-dream-lotion/,,,NO_MATCH,0,,,,No stock row matches enough brand/product/variant detail
SHEA-COS-C6D618E6CC61,MAGIC DREAM MASQUE,MAGIC,LIFT,MAGIC DREAM MASQUE LIFT,https://cosmeticstoredz.com/produit/magic-dream-masque-lift/,,,NO_MATCH,0,,,,No stock row matches enough brand/product/variant detail
SHEA-COS-813D4C31EDDE,MAGIC DREAM MASQUE,MAGIC,SOIN NOIR,MAGIC DREAM MASQUE SOIN NOIR,https://cosmeticstoredz.com/produit/magic-dream-masque-soin-noir/,,,NO_MATCH,0,,,,No stock row matches enough brand/product/variant detail
SHEA-COS-BE194AB12526,MAISON SERAI BRUME INTIME,MAISON,100ML FEMININE GLOW,MAISON SERAI BRUME INTIME 100ML FEMININE GLOW,https://cosmeticstoredz.com/produit/maison-serai-brume-intime-100ml-feminine-glow/,100ML,,NO_MATCH,0,,,,No stock row matches enough brand/product/variant detail
SHEA-COS-52702730F15B,MAISON SERAI BRUME INTIME,MAISON,100ML POWDER KISS,MAISON SERAI BRUME INTIME 100ML POWDER KISS,https://cosmeticstoredz.com/produit/maison-serai-brume-intime-100ml-powder-kiss/,100ML,,NO_MATCH,0,,,,No stock row matches enough brand/product/variant detail
SHEA-COS-BB9E6E1C286C,MAISON SERAI BRUME INTIME,MAISON,100ML SILK INNOCENCE,MAISON SERAI BRUME INTIME 100ML SILK INNOCENCE,https://cosmeticstoredz.com/produit/maison-serai-brume-intime-100ml-silk-innocence/,100ML,,NO_MATCH,0,,,,No stock row matches enough brand/product/variant detail
SHEA-COS-4688605E797D,MAKE EAU RAFRAICHISSANTE PROTECTRICE SPRAY SPRAY SOLAIRE ANTI UV 50SPF,MAKE,Default,MAKE EAU RAFRAICHISSANTE PROTECTRICE SPRAY SPRAY SOLAIRE ANTI UV 50SPF,https://cosmeticstoredz.com/produit/make-eau-rafraichissante-protectrice-spray-spray-solaire-anti-uv-50spf/,,,NO_MATCH,0,,,,No stock row matches enough brand/product/variant detail
SHEA-COS-2DF5E965D1D2,MAKE ECRAN TOTAL 50ML,MAKE,Default,MAKE ECRAN TOTAL 50ML,https://cosmeticstoredz.com/produit/make-ecran-total-50ml/,50ML,,NO_MATCH,0,,,,No stock row matches enough brand/product/variant detail
SHEA-COS-97EEEA5F1F6E,MAKE FOOT CREAM,MAKE,75G PIEDS SECS ARUGUEUX NIACINAMIDE,MAKE FOOT CREAM 75G PIEDS SECS ARUGUEUX NIACINAMIDE,https://cosmeticstoredz.com/produit/make-foot-cream-75g-pieds-secs-arugueux-niacinamide/,75G,,NO_MATCH,0,,,,No stock row matches enough brand/product/variant detail
SHEA-COS-4296ADF1C6C5,MAKE FOOT CREAM,MAKE,75G PIEDS TRES SECS ABIMES ET RUGUEUX,MAKE FOOT CREAM 75G PIEDS TRES SECS ABIMES ET RUGUEUX,https://cosmeticstoredz.com/produit/make-foot-cream-75g-pieds-tres-secs-abimes-et-rugueux/,75G,,NO_MATCH,0,,,,No stock row matches enough brand/product/variant detail
SHEA-COS-F6FA89D5B721,MAKE FOOT CREAM,MAKE,75G TALONS FENDILLES AU BEURRE DE KARITE ET PARAFFINE,MAKE FOOT CREAM 75G TALONS FENDILLES AU BEURRE DE KARITE ET PARAFFINE,https://cosmeticstoredz.com/produit/make-foot-cream-75g-talons-fendilles-au-beurre-de-karite-et-paraffine/,75G,,NO_MATCH,0,,,,No stock row matches enough brand/product/variant detail
SHEA-COS-E8C1F316BDD6,MAKE GOMMAGE MOUSSANT CORPS 300G DREAM HONGHONG,MAKE,Default,MAKE GOMMAGE MOUSSANT CORPS 300G DREAM HONGHONG,https://cosmeticstoredz.com/produit/make-gommage-moussant-corps-300g-dream-honghong/,300G,,NO_MATCH,0,,,,No stock row matches enough brand/product/variant detail
SHEA-COS-D92833652A18,MAKE GOMMAGE VISAGE EXFOLIANT 150ML RIZ ET EXTRAIT NATUREL,MAKE,Default,MAKE GOMMAGE VISAGE EXFOLIANT 150ML RIZ ET EXTRAIT NATUREL,https://cosmeticstoredz.com/produit/make-gommage-visage-exfoliant-150ml-riz-et-extrait-naturel/,150ML,,NO_MATCH,0,,,,No stock row matches enough brand/product/variant detail
SHEA-COS-E0E689FCD045,MAKE HAND CREAM,MAKE,75G ALOE VERA ET GLYCERINE ANTI DESSECHEMENT,MAKE HAND CREAM 75G ALOE VERA ET GLYCERINE ANTI DESSECHEMENT,https://cosmeticstoredz.com/produit/make-hand-cream-75g-aloe-vera-et-glycerine-anti-dessechement/,75G,,NO_MATCH,0,,,,No stock row matches enough brand/product/variant detail
SHEA-COS-AFB33A74965D,MAKE HAND CREAM,MAKE,75G BEURRE DE KARITE ET HUILE D’ARGAN MAIN TRES SECHES,MAKE HAND CREAM 75G BEURRE DE KARITE ET HUILE D’ARGAN MAIN TRES SECHES,https://cosmeticstoredz.com/produit/make-hand-cream-75g-beurre-de-karite-et-huile-dargan-main-tres-seches/,75G,,NO_MATCH,0,,,,No stock row matches enough brand/product/variant detail
SHEA-COS-A0481D071E4E,MAKE HAND CREAM,MAKE,75G MAINS ET ONGLES ABIMES A LANOINE,MAKE HAND CREAM 75G MAINS ET ONGLES ABIMES A LANOINE,https://cosmeticstoredz.com/produit/make-hand-cream-75g-mains-et-ongles-abimes-a-lanoine/,75G,,NO_MATCH,0,,,,No stock row matches enough brand/product/variant detail
SHEA-COS-73D5F438C6C5,MAKE HUILLE SECHE BRONZAGE DORE,MAKE,150ML,MAKE HUILLE SECHE BRONZAGE DORE 150ML,https://cosmeticstoredz.com/produit/make-huille-seche-bronzage-dore-150ml/,150ML,,NO_MATCH,0,,,,No stock row matches enough brand/product/variant detail
SHEA-COS-9CBAAB3F4ACE,MAKE MASQUE 3 EN 1 MASQUE GOMMANT,MAKE,150ML,MAKE MASQUE 3 EN 1 MASQUE GOMMANT 150ML,https://cosmeticstoredz.com/produit/make-masque-3-en-1-125ml-masque-gommant/,150ML,,NO_MATCH,0,,,,No stock row matches enough brand/product/variant detail
SHEA-COS-CC8C04DE38D0,MAKE MASQUE VISAGE,MAKE,A BASE DE CHARBON,MAKE MASQUE VISAGE A BASE DE CHARBON,https://cosmeticstoredz.com/produit/make-masque-visage-a-base-de-charbon/,,,NO_MATCH,0,,,,No stock row matches enough brand/product/variant detail
SHEA-COS-3D8184605E50,MAKE MASQUE VISAGE,MAKE,ARGILE ROSE,MAKE MASQUE VISAGE ARGILE ROSE,https://cosmeticstoredz.com/produit/make-masque-visage-argile-rose/,,,NO_MATCH,0,,,,No stock row matches enough brand/product/variant detail
SHEA-COS-8B441B5DD86A,MAKE MEKHMARIA + BRUME,MAKE,FATAL WOMAN,MAKE MEKHMARIA + BRUME FATAL WOMAN,https://cosmeticstoredz.com/produit/make-mekhmaria-brume-fatal-woman/,,,NO_MATCH,0,,,,No stock row matches enough brand/product/variant detail
SHEA-COS-884117F245BE,MAKE MEKHMARIA + BRUME,MAKE,QUEEN,MAKE MEKHMARIA + BRUME QUEEN,https://cosmeticstoredz.com/produit/make-mekhmaria-brume-queen/,,,NO_MATCH,0,,,,No stock row matches enough brand/product/variant detail
SHEA-COS-A98392EA09DC,MAKE MEKHMARIA + BRUME,MAKE,SEDUCTION,MAKE MEKHMARIA + BRUME SEDUCTION,https://cosmeticstoredz.com/produit/make-mekhmaria-brume-seduction/,,,NO_MATCH,0,,,,No stock row matches enough brand/product/variant detail
SHEA-COS-2C80DE6E8E0F,MALIZIA EDT BONBONS,MALIZIA,"50ML ,CHERRY KISS",MALIZIA EDT BONBONS 50ML CHERRY KISS,https://cosmeticstoredz.com/produit/malizia-edt-bon-bon-50ml-cherry-kiss/,50ML,,NO_MATCH,0,,,,No stock row matches enough brand/product/variant detail
SHEA-COS-E8EE42C9FE6A,MALIZIA EDT BONBONS,MALIZIA,LUCKY U,MALIZIA EDT BONBONS LUCKY U,https://cosmeticstoredz.com/produit/malizia-edt-bonbons-lucky-u/,,,NO_MATCH,0,,,,No stock row matches enough brand/product/variant detail
SHEA-COS-E7594F2F59CF,MALIZIA EDT BONBONS,MALIZIA,MILK CAKE,MALIZIA EDT BONBONS MILK CAKE,https://cosmeticstoredz.com/produit/malizia-edt-bonbons-milk-cake/,,,NO_MATCH,0,,,,No stock row matches enough brand/product/variant detail
SHEA-COS-30A0DE9C4E34,MALIZIA GEL DOUCHE,MALIZIA,"1L, ARGAN ET VANILLE",MALIZIA GEL DOUCHE 1L ARGAN ET VANILLE,https://cosmeticstoredz.com/produit/malizia-gel-douche-1l-argan-et-vanille/,1000ML,,NO_MATCH,0,,,,No stock row matches enough brand/product/variant detail
SHEA-COS-8027A14270DF,MALIZIA GEL DOUCHE 1L,MALIZIA,MUSC BLANC,MALIZIA GEL DOUCHE 1L MUSC BLANC,https://cosmeticstoredz.com/produit/malizia-gel-douche-1l-musc-blanc/,1000ML,,NO_MATCH,0,,,,No stock row matches enough brand/product/variant detail
SHEA-COS-CA0C246FB96E,MALIZIA GEL DOUCHE 1L,MALIZIA,TALC,MALIZIA GEL DOUCHE 1L TALC,https://cosmeticstoredz.com/produit/malizia-gel-douche-1l-talc/,1000ML,,NO_MATCH,0,,,,No stock row matches enough brand/product/variant detail
SHEA-COS-8AA8CDF4A306,MARI COLORATION,MARI,"1.1, NOIR BLEUTE",MARI COLORATION 1.1 NOIR BLEUTE,https://cosmeticstoredz.com/produit/mari-coloration-1-1-noir-bleute/,,,NO_MATCH,0,,,,No stock row matches enough brand/product/variant detail
SHEA-COS-4BB0AEC18E6F,MARI COLORATION,MARI,"11.3 ,SUPER BLOND DORE",MARI COLORATION 11.3 SUPER BLOND DORE,https://cosmeticstoredz.com/produit/mari-coloration-11-3-super-blond-dore/,,,NO_MATCH,0,,,,No stock row matches enough brand/product/variant detail
SHEA-COS-71392766B544,MARI COLORATION,MARI,"6.7, BLOND FONCE VIOLET",MARI COLORATION 6.7 BLOND FONCE VIOLET,https://cosmeticstoredz.com/produit/mari-coloration-6-7-blond-fonce-violet/,,,NO_MATCH,0,,,,No stock row matches enough brand/product/variant detail
SHEA-COS-0B1169962679,MARI COLORATION,MARI,"7.3, BLOND DORE",MARI COLORATION 7.3 BLOND DORE,https://cosmeticstoredz.com/produit/mari-coloration-7-3-blond-dore/,,,NO_MATCH,0,,,,No stock row matches enough brand/product/variant detail
SHEA-COS-EF94C00B96EF,MARI COLORATION,MARI,"800 ,BLOND CLAIR NATUREL",MARI COLORATION 800 BLOND CLAIR NATUREL,https://cosmeticstoredz.com/produit/mari-coloration-800-blond-clair-naturel/,,,NO_MATCH,0,,,,No stock row matches enough brand/product/variant detail
SHEA-COS-0AC4E46BB8A6,MARIA BEAUTY ELEGANCE PERFECT FOUNDATION,MARIA,N°2,MARIA BEAUTY ELEGANCE PERFECT FOUNDATION N°2,https://cosmeticstoredz.com/produit/maria-beauty-elegance-perfect-foundation-n2/,,,NO_MATCH,0,,,,No stock row matches enough brand/product/variant detail
SHEA-COS-386C6495E5DA,MARIA BEAUTY ELEGANCE PERFECT FOUNDATION,MARIA,N°3,MARIA BEAUTY ELEGANCE PERFECT FOUNDATION N°3,https://cosmeticstoredz.com/produit/maria-beauty-elegance-perfect-foundation-n3/,,,NO_MATCH,0,,,,No stock row matches enough brand/product/variant detail
SHEA-COS-D3EED408A51D,MARIGOLD LAC DE CHEVEUX,MARIGOLD,BRILLANT,MARIGOLD LAC DE CHEVEUX BRILLANT,https://cosmeticstoredz.com/produit/marigold-lac-de-cheveux-brillant/,,,NO_MATCH,0,,,,No stock row matches enough brand/product/variant detail
SHEA-COS-6BA0B179F2DE,MARIGOLD LAC DE CHEVEUX,MARIGOLD,STRONG HOLD,MARIGOLD LAC DE CHEVEUX STRONG HOLD,https://cosmeticstoredz.com/produit/marigold-lac-de-cheveux-strong-hold/,,,NO_MATCH,0,,,,No stock row matches enough brand/product/variant detail
SHEA-COS-4F671BBB2BCC,MAYBELLINE BABY SKIN PRIMER,MAYBELLINE,20ML,MAYBELLINE BABY SKIN PRIMER 20ML,https://cosmeticstoredz.com/produit/maybelline-baby-skin-primer-20ml/,20ML,3600530941278,SOURCED,0,,,,Existing source-verified code; preserve it and confirm against the physical pack
SHEA-COS-9A7BD0A33EDB,MAYBELLINE BROW DRAMA MASCARA,MAYBELLINE,02 MEDIUM BROWN,MAYBELLINE BROW DRAMA MASCARA 02 MEDIUM BROWN,https://cosmeticstoredz.com/produit/maybelline-brow-drama-mascara-02-medium-brown/,,,NO_MATCH,0,,,,No stock row matches enough brand/product/variant detail
SHEA-COS-2C7414BFC66B,MAYBELLINE BROW SATIN DUO,MAYBELLINE,NU 04 DARK BROWN,MAYBELLINE BROW SATIN DUO NU 04 DARK BROWN,https://cosmeticstoredz.com/produit/maybelline-brow-satin-duo-nu-04-dark-brown/,,,NO_MATCH,0,,,,No stock row matches enough brand/product/variant detail
SHEA-COS-04C4BA3440B7,MAYBELLINE COLOR SENSATIONAL VIVID MATTE LIQUID LIPSTICK,MAYBELLINE,8ML 15 ELECTRIC PINK,MAYBELLINE COLOR SENSATIONAL VIVID MATTE LIQUID LIPSTICK 8ML 15 ELECTRIC PINK,https://cosmeticstoredz.com/produit/maybelline-color-sensational-vivid-matte-liquid-lipstick-8ml-15-electric-pink/,8ML,,NO_MATCH,0,,,,No stock row matches enough brand/product/variant detail
SHEA-COS-5F4B6AFBACD7,MAYBELLINE COLOR SENSATIONAL VIVID MATTE LIQUID LIPSTICK,MAYBELLINE,8ML 20 CORAL COURAGE,MAYBELLINE COLOR SENSATIONAL VIVID MATTE LIQUID LIPSTICK 8ML 20 CORAL COURAGE,https://cosmeticstoredz.com/produit/maybelline-color-sensational-vivid-matte-liquid-lipstick-8ml-20-coral-courage/,8ML,,NO_MATCH,0,,,,No stock row matches enough brand/product/variant detail
SHEA-COS-C5AAE9CFB923,MAYBELLINE COLOR SENSATIONAL VIVID MATTE LIQUID LIPSTICK,MAYBELLINE,8ML 40 BERRY BOOST,MAYBELLINE COLOR SENSATIONAL VIVID MATTE LIQUID LIPSTICK 8ML 40 BERRY BOOST,https://cosmeticstoredz.com/produit/maybelline-color-sensational-vivid-matte-liquid-lipstick-8ml-40-berry-boost/,8ML,,NO_MATCH,0,,,,No stock row matches enough brand/product/variant detail
SHEA-COS-3003357D55FC,MAYBELLINE COLOR SENSATIONAL VIVID MATTE LIQUID LIPSTICK,MAYBELLINE,8ML 45 POSSESSED PLUM,MAYBELLINE COLOR SENSATIONAL VIVID MATTE LIQUID LIPSTICK 8ML 45 POSSESSED PLUM,https://cosmeticstoredz.com/produit/maybelline-color-sensational-vivid-matte-liquid-lipstick-8ml-45-possessed-plum/,8ML,,NO_MATCH,0,,,,No stock row matches enough brand/product/variant detail
SHEA-COS-099A2BE99B8B,MAYBELLINE CRAYON COLLOSSAL KAJAL TURQUOI,MAYBELLINE,Default,MAYBELLINE CRAYON COLLOSSAL KAJAL TURQUOI,https://cosmeticstoredz.com/produit/maybelline-crayon-collossal-kajal-turquoi/,,,NO_MATCH,0,,,,No stock row matches enough brand/product/variant detail
SHEA-COS-35F50043A990,MAYBELLINE EYELINER HYPEREASY,MAYBELLINE,Default,MAYBELLINE EYELINER HYPEREASY,https://cosmeticstoredz.com/produit/maybelline-eyeliner-hypereasy/,,,NO_MATCH,0,,,,No stock row matches enough brand/product/variant detail
SHEA-COS-C3C38DDD77AC,MAYBELLINE EYESTUDIO MASCARA,MAYBELLINE,BROWN DRAMA,MAYBELLINE EYESTUDIO MASCARA BROWN DRAMA,https://cosmeticstoredz.com/produit/maybelline-eyestudio-mascara-brown-drama/,,,NO_MATCH,0,,,,No stock row matches enough brand/product/variant detail
SHEA-COS-40A14F8F9049,MAYBELLINE FACE STUDIO PRIMER,MAYBELLINE,Default,MAYBELLINE FACE STUDIO PRIMER,https://cosmeticstoredz.com/produit/maybelline-face-studio-primer/,,,NO_MATCH,0,,,,No stock row matches enough brand/product/variant detail
SHEA-COS-9656850B12F4,MAYBELLINE FIT ME MATTE & PORELESS,MAYBELLINE,FDT 250,MAYBELLINE FIT ME MATTE & PORELESS FDT 250,https://cosmeticstoredz.com/produit/maybelline-fit-me-matte-poreless-fdt-250/,,,NO_MATCH,0,,,,No stock row matches enough brand/product/variant detail
SHEA-COS-C5D7E1C1819C,MAYBELLINE FIT ME MATTE & PORELESS,MAYBELLINE,FDT 312,MAYBELLINE FIT ME MATTE & PORELESS FDT 312,https://cosmeticstoredz.com/produit/maybelline-fit-me-matte-poreless-fdt-312/,,,NO_MATCH,0,,,,No stock row matches enough brand/product/variant detail
SHEA-COS-4969D959A063,MAYBELLINE FIT ME MATTE & PORELESS,MAYBELLINE,FDT 332 GOLDEN,MAYBELLINE FIT ME MATTE & PORELESS FDT 332 GOLDEN,https://cosmeticstoredz.com/produit/maybelline-fit-me-matte-poreless-fdt-332-golden/,,,NO_MATCH,0,,,,No stock row matches enough brand/product/variant detail
SHEA-COS-659F18950987,MAYBELLINE FIT ME MATTE & PORELESS,MAYBELLINE,FDT 334,MAYBELLINE FIT ME MATTE & PORELESS FDT 334,https://cosmeticstoredz.com/produit/maybelline-fit-me-matte-poreless-fdt-334/,,,NO_MATCH,0,,,,No stock row matches enough brand/product/variant detail
SHEA-COS-AD6FE01052E3,MAYBELLINE FOND DE TEINT DREAM URBAN COVER,MAYBELLINE,130,MAYBELLINE FOND DE TEINT DREAM URBAN COVER 130,https://cosmeticstoredz.com/produit/maybelline-fond-de-teint-dream-urban-cover-130/,,,NO_MATCH,0,,,,No stock row matches enough brand/product/variant detail
SHEA-COS-DFF562BC1F80,MAYBELLINE FOND DE TEINT DREAM URBAN COVER,MAYBELLINE,235,MAYBELLINE FOND DE TEINT DREAM URBAN COVER 235,https://cosmeticstoredz.com/produit/maybelline-fond-de-teint-dream-urban-cover-235/,,,NO_MATCH,0,,,,No stock row matches enough brand/product/variant detail
SHEA-COS-03E68D7CB524,MAYBELLINE HIGHLIGHTER MASTER CHROME N°150 BRONZE,MAYBELLINE,Default,MAYBELLINE HIGHLIGHTER MASTER CHROME N°150 BRONZE,https://cosmeticstoredz.com/produit/maybelline-highlighter-master-chrome-n150-bronze/,,,NO_MATCH,0,,,,No stock row matches enough brand/product/variant detail
SHEA-COS-F73C876D831A,MAYBELLINE LASH SENSATIONAL SKY HIGH MASCARA 799,MAYBELLINE,Default,MAYBELLINE LASH SENSATIONAL SKY HIGH MASCARA 799,https://cosmeticstoredz.com/produit/maybelline-lash-sensational-sky-high-mascara-799/,,,NO_MATCH,0,,,,No stock row matches enough brand/product/variant detail
SHEA-COS-F8526DDDC15B,MAYBELLINE MASCARA CURL BOUNCE,MAYBELLINE,Default,MAYBELLINE MASCARA CURL BOUNCE,https://cosmeticstoredz.com/produit/maybelline-mascara-curl-bounce/,,30145436,SOURCED,0,,,,Existing source-verified code; preserve it and confirm against the physical pack
SHEA-COS-84ADE538DFB0,MAYBELLINE MASCARA GREAT FALSIE,MAYBELLINE,111 NOIR INTENSE,MAYBELLINE MASCARA GREAT FALSIE 111 NOIR INTENSE,https://cosmeticstoredz.com/produit/maybelline-mascara-great-falsie-111-noir-intense/,,,NO_MATCH,0,,,,No stock row matches enough brand/product/variant detail
SHEA-COS-292215CF5F2F,MAYBELLINE RAL COLOR SENSTATION MAT,MAYBELLINE,338,MAYBELLINE RAL COLOR SENSTATION MAT 338,https://cosmeticstoredz.com/produit/maybelline-ral-color-senstation-mat-338/,,,NO_MATCH,0,,,,No stock row matches enough brand/product/variant detail
SHEA-COS-91F9DA4C9CE1,MAYBELLINE RAL COLOR SENSTATION MAT,MAYBELLINE,465,MAYBELLINE RAL COLOR SENSTATION MAT 465,https://cosmeticstoredz.com/produit/maybelline-ral-color-senstation-mat-465/,,,NO_MATCH,0,,,,No stock row matches enough brand/product/variant detail
SHEA-COS-7BD586AF7357,MAYBELLINE RAL COLOR SENSTATION MAT,MAYBELLINE,527,MAYBELLINE RAL COLOR SENSTATION MAT 527,https://cosmeticstoredz.com/produit/maybelline-ral-color-senstation-mat-527/,,,NO_MATCH,0,,,,No stock row matches enough brand/product/variant detail
SHEA-COS-35A76064A187,MAYBELLINE RAL COLOR SENSTATION MAT,MAYBELLINE,904,MAYBELLINE RAL COLOR SENSTATION MAT 904,https://cosmeticstoredz.com/produit/maybelline-ral-color-senstation-mat-904/,,,NO_MATCH,0,,,,No stock row matches enough brand/product/variant detail
SHEA-COS-7D62F36FAFE4,MAYBELLINE RAL COLOR SENSTATION MAT,MAYBELLINE,950,MAYBELLINE RAL COLOR SENSTATION MAT 950,https://cosmeticstoredz.com/produit/maybelline-ral-color-senstation-mat-950/,,,NO_MATCH,0,,,,No stock row matches enough brand/product/variant detail
SHEA-COS-C00A60E6D305,MAYBELLINE RAL COLOR SENSTATION MAT,MAYBELLINE,960,MAYBELLINE RAL COLOR SENSTATION MAT 960,https://cosmeticstoredz.com/produit/maybelline-ral-color-senstation-mat-960/,,,NO_MATCH,0,,,,No stock row matches enough brand/product/variant detail
SHEA-COS-EEF4C424240C,MAYBELLINE SUPER STAY VINYL INK LIQUID LIPSTICK,MAYBELLINE,10,MAYBELLINE SUPER STAY VINYL INK LIQUID LIPSTICK 10,https://cosmeticstoredz.com/produit/maybelline-super-stay-vinyl-ink-liquid-lipstick-10/,,,NO_MATCH,0,,,,No stock row matches enough brand/product/variant detail
SHEA-COS-F8E33FAC424D,MAYBELLINE SUPER STAY VINYL INK LIQUID LIPSTICK,MAYBELLINE,15,MAYBELLINE SUPER STAY VINYL INK LIQUID LIPSTICK 15,https://cosmeticstoredz.com/produit/maybelline-super-stay-vinyl-ink-liquid-lipstick-15/,,,NO_MATCH,0,,,,No stock row matches enough brand/product/variant detail
SHEA-COS-53187B376259,MAYBELLINE SUPER STAY VINYL INK LIQUID LIPSTICK,MAYBELLINE,40,MAYBELLINE SUPER STAY VINYL INK LIQUID LIPSTICK 40,https://cosmeticstoredz.com/produit/maybelline-super-stay-vinyl-ink-liquid-lipstick-40/,,,NO_MATCH,0,,,,No stock row matches enough brand/product/variant detail
SHEA-COS-1057AF053E1C,MAYBELLINE SUPERSTAY,MAYBELLINE,ACTIVE WEAR 30H 26 BUFF NUDE,MAYBELLINE SUPERSTAY ACTIVE WEAR 30H 26 BUFF NUDE,https://cosmeticstoredz.com/produit/maybelline-superstay-active-wear-30h-26-buff-nude/,,,NO_MATCH,0,,,,No stock row matches enough brand/product/variant detail
SHEA-COS-21751BF8B52C,MAYBELLINE SUPERSTAY,MAYBELLINE,CONCEALER 30H 10ML 05,MAYBELLINE SUPERSTAY CONCEALER 30H 10ML 05,https://cosmeticstoredz.com/produit/maybelline-superstay-concealer-30h-10ml-05/,10ML,,NO_MATCH,0,,,,No stock row matches enough brand/product/variant detail
SHEA-COS-20C75527F3C5,MAYBELLINE SUPERSTAY INK CRAYON,MAYBELLINE,15 LEAD THE WAY,MAYBELLINE SUPERSTAY INK CRAYON 15 LEAD THE WAY,https://cosmeticstoredz.com/produit/maybelline-superstay-ink-crayon-15-lead-the-way/,,,NO_MATCH,0,,,,No stock row matches enough brand/product/variant detail
SHEA-COS-1A6403F0BA52,MAYBELLINE SUPERSTAY INK CRAYON,MAYBELLINE,35 TREAT YOURSELF,MAYBELLINE SUPERSTAY INK CRAYON 35 TREAT YOURSELF,https://cosmeticstoredz.com/produit/maybelline-superstay-ink-crayon-35-treat-yourself/,,,NO_MATCH,0,,,,No stock row matches enough brand/product/variant detail
SHEA-COS-3D70B595258F,MAYBELLINE SUPERSTAY INK CRAYON,MAYBELLINE,50 OWN YOUR EMPIRE,MAYBELLINE SUPERSTAY INK CRAYON 50 OWN YOUR EMPIRE,https://cosmeticstoredz.com/produit/maybelline-superstay-ink-crayon-50-own-your-empire/,,,NO_MATCH,0,,,,No stock row matches enough brand/product/variant detail
SHEA-COS-D08219835133,MAYBELLINE SUPERSTAY INK CRAYON,MAYBELLINE,55 MAKE IT HAPPEN,MAYBELLINE SUPERSTAY INK CRAYON 55 MAKE IT HAPPEN,https://cosmeticstoredz.com/produit/maybelline-superstay-ink-crayon-55make-it-happen/,,,NO_MATCH,0,,,,No stock row matches enough brand/product/variant detail
SHEA-COS-C8A91B9D26E8,MAYBELLINE TATOO LINER GEL PENCIL,MAYBELLINE,900 DEEP,MAYBELLINE TATOO LINER GEL PENCIL 900 DEEP,https://cosmeticstoredz.com/produit/maybelline-tatoo-liner-gel-pencil-900-deep/,,,NO_MATCH,0,,,,No stock row matches enough brand/product/variant detail
SHEA-COS-119F0B6DBBFE,MAYBELLINE TATOO LINER GEL PENCIL,MAYBELLINE,910 BLOD BROWN,MAYBELLINE TATOO LINER GEL PENCIL 910 BLOD BROWN,https://cosmeticstoredz.com/produit/maybelline-tatoo-liner-gel-pencil-910-blod-brown/,,,NO_MATCH,0,,,,No stock row matches enough brand/product/variant detail
SHEA-COS-03F526E7FC3D,MAYBELLINE TATOO LINER GEL PENCIL,MAYBELLINE,960 ROSE GOLD,MAYBELLINE TATOO LINER GEL PENCIL 960 ROSE GOLD,https://cosmeticstoredz.com/produit/maybelline-tatoo-liner-gel-pencil-960-rose-gold/,,,NO_MATCH,0,,,,No stock row matches enough brand/product/variant detail
SHEA-COS-D0572E8A4DE8,MAYBELLINE THE COLOSSAL,MAYBELLINE,BIG SHOT,MAYBELLINE THE COLOSSAL BIG SHOT,https://cosmeticstoredz.com/produit/maybelline-the-colossal-big-shot/,,,NO_MATCH,0,,,,No stock row matches enough brand/product/variant detail
SHEA-COS-C2D77709E101,MAYBELLINE THE COLOSSAL,MAYBELLINE,KAJAL 12H SMOKY EYES,MAYBELLINE THE COLOSSAL KAJAL 12H SMOKY EYES,https://cosmeticstoredz.com/produit/maybelline-the-colossal-kajal-12h-smoky-eyes/,,,NO_MATCH,0,,,,No stock row matches enough brand/product/variant detail
SHEA-COS-7DD61D010BA2,MAYBELLINE THE COLOSSAL BIG SHOT MASCARA,MAYBELLINE,223,MAYBELLINE THE COLOSSAL BIG SHOT MASCARA 223,https://cosmeticstoredz.com/produit/maybelline-the-colossal-big-shot-mascara-223/,,,NO_MATCH,0,,,,No stock row matches enough brand/product/variant detail
SHEA-COS-310E39F1F5D7,MAYBELLINE THE FALSIES MASCARA,MAYBELLINE,281 NOIR INTENSE,MAYBELLINE THE FALSIES MASCARA 281 NOIR INTENSE,https://cosmeticstoredz.com/produit/maybelline-the-falsies-mascara-281-noir-intense/,,,NO_MATCH,0,,,,No stock row matches enough brand/product/variant detail
SHEA-COS-4273E960932E,MAYLA HUILLE EPILATION,MAYLA,Default,MAYLA HUILLE EPILATION,https://cosmeticstoredz.com/produit/mayla-huille-epilation/,,,NO_MATCH,0,,,,No stock row matches enough brand/product/variant detail
SHEA-COS-AEF86A1173F7,MEDICUBE MOISTURIZING CREAM,MEDICUBE,50ML,MEDICUBE MOISTURIZING CREAM 50ML,https://cosmeticstoredz.com/produit/medicube-moisturizing-cream-50ml/,50ML,,NO_MATCH,0,,,,No stock row matches enough brand/product/variant detail
SHEA-COS-97EB02C5EE86,MEDICUBE RED FOAM CLEANSER,MEDICUBE,Default,MEDICUBE RED FOAM CLEANSER,https://cosmeticstoredz.com/produit/medicube-red-foam-cleanser/,,,NO_MATCH,0,,,,No stock row matches enough brand/product/variant detail
SHEA-COS-9FBA7E8AC3AB,MEDICUBE ZERO PORE CREAM 2.0,MEDICUBE,Default,MEDICUBE ZERO PORE CREAM 2.0,https://cosmeticstoredz.com/produit/medicube-zero-pore-cream-2-0/,,,NO_MATCH,0,,,,No stock row matches enough brand/product/variant detail
SHEA-COS-39BF09FF26EE,MERE NATURE FACE SERUM,MERE,ACIDE SALICYLIQUE 02%,MERE NATURE FACE SERUM ACIDE SALICYLIQUE 02%,https://cosmeticstoredz.com/produit/mere-nature-face-serum-acide-salicylique-02/,,,NO_MATCH,0,,,,No stock row matches enough brand/product/variant detail
SHEA-COS-0C0EEB1642EF,MERE NATURE FACE SERUM,MERE,VISAGE NIACINAMIDE 10% + ZINC 01%,MERE NATURE FACE SERUM VISAGE NIACINAMIDE 10% + ZINC 01%,https://cosmeticstoredz.com/produit/mere-nature-face-serum-visage-niacinamide-10-zinc-01/,,,NO_MATCH,0,,,,No stock row matches enough brand/product/variant detail
SHEA-COS-DB1E90D3F758,MERE NATURE FACE SERUM,MERE,VITAMINE E+B5,MERE NATURE FACE SERUM VITAMINE E+B5,https://cosmeticstoredz.com/produit/mere-nature-face-serum-vitamine-eb5/,,,NO_MATCH,0,,,,No stock row matches enough brand/product/variant detail
SHEA-COS-1F794ABBDAD4,MERE NATURE HUILE VIERGE,MERE,COCO,MERE NATURE HUILE VIERGE COCO,https://cosmeticstoredz.com/produit/mere-nature-huile-vierge-coco/,,,NO_MATCH,0,,,,No stock row matches enough brand/product/variant detail
SHEA-COS-C1228FFCA1EB,MERE NATURE SERUM VISAGE COLLAGENE,MERE,Default,MERE NATURE SERUM VISAGE COLLAGENE,https://cosmeticstoredz.com/produit/mere-nature-serum-visage-collagene/,,,NO_MATCH,0,,,,No stock row matches enough brand/product/variant detail
SHEA-COS-473966C8E4F0,MERE NATURE SOIN DE LA PEAU SERUM VISAGE,MERE,ANTI-AGE ACIDE HYALURONIQUE,MERE NATURE SOIN DE LA PEAU SERUM VISAGE ANTI-AGE ACIDE HYALURONIQUE,https://cosmeticstoredz.com/produit/mere-nature-soin-de-la-peau-serum-visage-anti-age-acide-hyaluronique/,,,NO_MATCH,0,,,,No stock row matches enough brand/product/variant detail
SHEA-COS-4DE736DFDE44,MERE NATURE SOIN DE LA PEAU SERUM VISAGE,MERE,CIBLAGE TACHES ALPHA ARBUTINE,MERE NATURE SOIN DE LA PEAU SERUM VISAGE CIBLAGE TACHES ALPHA ARBUTINE,https://cosmeticstoredz.com/produit/mere-nature-soin-de-la-peau-serum-visage-ciblage-taches-alpha-arbutine/,,,NO_MATCH,0,,,,No stock row matches enough brand/product/variant detail
SHEA-COS-0AF2F47574B2,MESKLUX & NATURE DROP HUILE DE FOURMIS,MESKLUX,50ML,MESKLUX & NATURE DROP HUILE DE FOURMIS 50ML,https://cosmeticstoredz.com/produit/mesklux-nature-drop-huile-de-fourmis-50ml/,50ML,,NO_MATCH,0,,,,No stock row matches enough brand/product/variant detail
SHEA-COS-774ABCB9D836,MESKLUX EAU DE ROSE,MESKLUX,250ML,MESKLUX EAU DE ROSE 250ML,https://cosmeticstoredz.com/produit/mesklux-eau-de-rose-250ml/,250ML,,NO_MATCH,0,,,,No stock row matches enough brand/product/variant detail
SHEA-COS-FB4E1B080A04,MESKLUX HUILE,MESKLUX,"150ML ,AIL",MESKLUX HUILE 150ML AIL,https://cosmeticstoredz.com/produit/mesklux-huile-150ml-ail/,150ML,,NO_MATCH,0,,,,No stock row matches enough brand/product/variant detail
SHEA-COS-31C502DFE196,MESKLUX HUILE,MESKLUX,"150ML, AMANDER DOUCE",MESKLUX HUILE 150ML AMANDER DOUCE,https://cosmeticstoredz.com/produit/mesklux-huile-150ml-amander-douce/,150ML,,NO_MATCH,0,,,,No stock row matches enough brand/product/variant detail
SHEA-COS-DEE796C34724,MESKLUX HUILE,MESKLUX,"150ML ,ARGAN",MESKLUX HUILE 150ML ARGAN,https://cosmeticstoredz.com/produit/mesklux-huile-150ml-argan/,150ML,,NO_MATCH,0,,,,No stock row matches enough brand/product/variant detail
SHEA-COS-8AEC54BB9D60,MESKLUX HUILE,MESKLUX,"150ML ,AVOCAT",MESKLUX HUILE 150ML AVOCAT,https://cosmeticstoredz.com/produit/mesklux-huile-150ml-avocat/,150ML,,NO_MATCH,0,,,,No stock row matches enough brand/product/variant detail
SHEA-COS-34D2CA8B0BD1,MESKLUX HUILE,MESKLUX,"150ML, BLACK GALRIC AIL NOIR",MESKLUX HUILE 150ML BLACK GALRIC AIL NOIR,https://cosmeticstoredz.com/produit/mesklux-huile-150ml-black-galric-ail-noir/,150ML,,NO_MATCH,0,,,,No stock row matches enough brand/product/variant detail
SHEA-COS-DEB79BC0FD65,MESKLUX HUILE,MESKLUX,"150ML, BLACKSEED",MESKLUX HUILE 150ML BLACKSEED,https://cosmeticstoredz.com/produit/mesklux-huile-150ml-blackseed/,150ML,,NO_MATCH,0,,,,No stock row matches enough brand/product/variant detail
SHEA-COS-74C2477F5268,MESKLUX HUILE,MESKLUX,"150ML ,CACTUS",MESKLUX HUILE 150ML CACTUS,https://cosmeticstoredz.com/produit/mesklux-huile-150ml-cactus/,150ML,,NO_MATCH,0,,,,No stock row matches enough brand/product/variant detail
SHEA-COS-E7FB1C99BA55,MESKLUX HUILE,MESKLUX,"150ML, FIGUE DE BARBARIE",MESKLUX HUILE 150ML FIGUE DE BARBARIE,https://cosmeticstoredz.com/produit/mesklux-huile-150ml-figue-de-barbarie/,150ML,,NO_MATCH,0,,,,No stock row matches enough brand/product/variant detail
SHEA-COS-A6C5C653FA07,MESKLUX HUILE,MESKLUX,"150ML ,HORSE TAIL",MESKLUX HUILE 150ML HORSE TAIL,https://cosmeticstoredz.com/produit/mesklux-huile-150ml-horse-tail/,150ML,,NO_MATCH,0,,,,No stock row matches enough brand/product/variant detail
SHEA-COS-5A618FC9FFE4,MESKLUX HUILE,MESKLUX,"150ML, KERATINE",MESKLUX HUILE 150ML KERATINE,https://cosmeticstoredz.com/produit/mesklux-huile-150ml-keratine/,150ML,,NO_MATCH,0,,,,No stock row matches enough brand/product/variant detail
SHEA-COS-D802AA5B4C52,MESKLUX HUILE,MESKLUX,"150ML, RECIN",MESKLUX HUILE 150ML RECIN,https://cosmeticstoredz.com/produit/mesklux-huile-150ml-recin/,150ML,,NO_MATCH,0,,,,No stock row matches enough brand/product/variant detail
SHEA-COS-D7BB609587DA,MESKLUX HUILE,MESKLUX,"ANTO POUX ,50ML",MESKLUX HUILE ANTO POUX 50ML,https://cosmeticstoredz.com/produit/mesklux-huile-anto-poux-50ml/,50ML,,NO_MATCH,0,,,,No stock row matches enough brand/product/variant detail
SHEA-COS-4AEE5682B15B,MESKLUX HUILE,MESKLUX,"D AIL MAL ,50ML",MESKLUX HUILE D AIL MAL 50ML,https://cosmeticstoredz.com/produit/mesklux-huile-d-ail-mal-50ml/,50ML,,NO_MATCH,0,,,,No stock row matches enough brand/product/variant detail
SHEA-COS-3D54E5BFAAFA,MESKLUX HUILE,MESKLUX,"DE CUMIN NOIR ,30ML",MESKLUX HUILE DE CUMIN NOIR 30ML,https://cosmeticstoredz.com/produit/mesklux-huile-de-cumin-noir-30ml/,30ML,,NO_MATCH,0,,,,No stock row matches enough brand/product/variant detail
SHEA-COS-619747EB0FCE,MESKLUX HUILE,MESKLUX,"DE CUMIN NOIR, 60ML",MESKLUX HUILE DE CUMIN NOIR 60ML,https://cosmeticstoredz.com/produit/mesklux-huile-de-cumin-noir-60ml/,60ML,,NO_MATCH,0,,,,No stock row matches enough brand/product/variant detail
SHEA-COS-4E54DCD069F2,MESKLUX HUILE,MESKLUX,"DE LENTIQUE ,30ML",MESKLUX HUILE DE LENTIQUE 30ML,https://cosmeticstoredz.com/produit/mesklux-huile-de-lentique-30ml/,30ML,,NO_MATCH,0,,,,No stock row matches enough brand/product/variant detail
SHEA-COS-5B21E8B7614E,MESKLUX HUILE,MESKLUX,"DE LENTISQUE ,60ML",MESKLUX HUILE DE LENTISQUE 60ML,https://cosmeticstoredz.com/produit/mesklux-huile-de-lentisque-60ml/,60ML,,NO_MATCH,0,,,,No stock row matches enough brand/product/variant detail
SHEA-COS-44139E88311D,MESKLUX VASELINE,MESKLUX,200ML,MESKLUX VASELINE 200ML,https://cosmeticstoredz.com/produit/mesklux-vaseline-200ml/,200ML,,NO_MATCH,0,,,,No stock row matches enough brand/product/variant detail
SHEA-COS-ADAA02135474,MIELLE MASQUE,MIELLE,Default,MIELLE MASQUE,https://cosmeticstoredz.com/produit/mielle-masque/,,,NO_MATCH,0,,,,No stock row matches enough brand/product/variant detail
SHEA-COS-C2038D67A2C8,MIELLE SERUM,MIELLE,Default,MIELLE SERUM,https://cosmeticstoredz.com/produit/mielle-serum/,,,NO_MATCH,0,,,,No stock row matches enough brand/product/variant detail
SHEA-COS-4D39F2DB518A,MINAS ECRAN TOTAL,MINAS,Default,MINAS ECRAN TOTAL,https://cosmeticstoredz.com/produit/minas-ecran-total/,,,NO_MATCH,0,,,,No stock row matches enough brand/product/variant detail
SHEA-COS-68F670F4D1DB,MINAYS SAVON NATUREL,MINAYS,A L’HUILE D’ORANGE ET CURCUMA,MINAYS SAVON NATUREL A L’HUILE D’ORANGE ET CURCUMA,https://cosmeticstoredz.com/produit/minays-savon-naturel-a-lhuile-dorange-et-curcuma/,,,NO_MATCH,0,,,,No stock row matches enough brand/product/variant detail
SHEA-COS-588DB3A4F0FC,MINYAS BRUME PARFUMEE CORPS ET CHEVEUX,MINYAS,HIBA,MINYAS BRUME PARFUMEE CORPS ET CHEVEUX HIBA,https://cosmeticstoredz.com/produit/minyas-brume-parfumee-corps-et-cheveux-hiba/,,,NO_MATCH,0,,,,No stock row matches enough brand/product/variant detail
SHEA-COS-E0E74B249046,MINYAS BRUME PARFUMEE CORPS ET CHEVEUX,MINYAS,JE SUIS UNE REINE,MINYAS BRUME PARFUMEE CORPS ET CHEVEUX JE SUIS UNE REINE,https://cosmeticstoredz.com/produit/minyas-brume-parfumee-corps-et-cheveux-je-suis-une-reine/,,,NO_MATCH,0,,,,No stock row matches enough brand/product/variant detail
SHEA-COS-35F39650ADCF,MINYAS BRUME PARFUMEE CORPS ET CHEVEUX,MINYAS,MOI LA PRICESSE,MINYAS BRUME PARFUMEE CORPS ET CHEVEUX MOI LA PRICESSE,https://cosmeticstoredz.com/produit/minyas-brume-parfumee-corps-et-cheveux-moi-la-pricesse/,,,NO_MATCH,0,,,,No stock row matches enough brand/product/variant detail
SHEA-COS-C87D1B715AE5,MINYAS BRUME PARFUMEE CORPS ET CHEVEUX,MINYAS,SUR MON ILS PRIVEE,MINYAS BRUME PARFUMEE CORPS ET CHEVEUX SUR MON ILS PRIVEE,https://cosmeticstoredz.com/produit/minyas-brume-parfumee-corps-et-cheveux-sur-mon-ils-privee/,,,NO_MATCH,0,,,,No stock row matches enough brand/product/variant detail
SHEA-COS-F55CB6C8967A,MINYAS BRUME PARFUMEE CORPS ET CHEVEUX,MINYAS,UNE NUIT BLANCHE,MINYAS BRUME PARFUMEE CORPS ET CHEVEUX UNE NUIT BLANCHE,https://cosmeticstoredz.com/produit/minyas-brume-parfumee-corps-et-cheveux-une-nuit-blanche/,,,NO_MATCH,0,,,,No stock row matches enough brand/product/variant detail
SHEA-COS-070062A24AB2,MINYAS CREME HYDRATANTE,MINYAS,A BASE D’EXTRAI DE CERISE,MINYAS CREME HYDRATANTE A BASE D’EXTRAI DE CERISE,https://cosmeticstoredz.com/produit/minyas-creme-hydratante-a-base-dextrai-de-cerise/,,,NO_MATCH,0,,,,No stock row matches enough brand/product/variant detail
SHEA-COS-E270979834AE,MINYAS CREME HYDRATANTE,MINYAS,A BASE DE MIEL,MINYAS CREME HYDRATANTE A BASE DE MIEL,https://cosmeticstoredz.com/produit/minyas-creme-hydratante-a-base-de-miel/,,,NO_MATCH,0,,,,No stock row matches enough brand/product/variant detail
SHEA-COS-880AC3EB1E49,MINYAS CREME PRODIGIEUSE VITAMINE C,MINYAS,AU COEUR DE LA NATURE,MINYAS CREME PRODIGIEUSE VITAMINE C AU COEUR DE LA NATURE,https://cosmeticstoredz.com/produit/minyas-creme-prodigieuse-vitamine-c-au-coeur-de-la-nature/,,,NO_MATCH,0,,,,No stock row matches enough brand/product/variant detail
SHEA-COS-3F63B1215A36,MINYAS HUILE,MINYAS,ANTI-REPOUSSE 10ML,MINYAS HUILE ANTI-REPOUSSE 10ML,https://cosmeticstoredz.com/produit/minyas-huile-anti-repousse-10ml/,10ML,,NO_MATCH,0,,,,No stock row matches enough brand/product/variant detail
SHEA-COS-BE3790055C71,MINYAS HUILE,MINYAS,DE PEPINS DE FIGUE DE BARBARIE 10ML,MINYAS HUILE DE PEPINS DE FIGUE DE BARBARIE 10ML,https://cosmeticstoredz.com/produit/minyas-huile-de-pepins-de-figue-de-barbarie-10ml/,10ML,,NO_MATCH,0,,,,No stock row matches enough brand/product/variant detail
SHEA-COS-F57A206BD977,MINYAS HUILE,MINYAS,NOYAUX D’ABRICOT ANTI RIDES,MINYAS HUILE NOYAUX D’ABRICOT ANTI RIDES,https://cosmeticstoredz.com/produit/minyas-huile-noyaux-dabricot-anti-rides/,,,NO_MATCH,0,,,,No stock row matches enough brand/product/variant detail
SHEA-COS-382FA15107A5,MINYAS HUILE,MINYAS,REPOUSSE CILS ET SOURCILS,MINYAS HUILE REPOUSSE CILS ET SOURCILS,https://cosmeticstoredz.com/produit/minyas-huile-repousse-cils-et-sourcils/,,,NO_MATCH,0,,,,No stock row matches enough brand/product/variant detail
SHEA-COS-F64B794B34BB,MINYAS MUSK,MINYAS,BLANC,MINYAS MUSK BLANC,https://cosmeticstoredz.com/produit/minyas-musk-blanc/,,,NO_MATCH,0,,,,No stock row matches enough brand/product/variant detail
SHEA-COS-1C53E932B398,MINYAS MUSK,MINYAS,NOBLE,MINYAS MUSK NOBLE,https://cosmeticstoredz.com/produit/minyas-musk-noble/,,,NO_MATCH,0,,,,No stock row matches enough brand/product/variant detail
SHEA-COS-6327A6306F99,MINYAS SAVON NATUREL,MINYAS,L AU LAIT D’AVOIRE,MINYAS SAVON NATUREL AU LAIT D’AVOIRE,https://cosmeticstoredz.com/produit/minyas-naturel-au-lait-davoire/,,,NO_MATCH,0,,,,No stock row matches enough brand/product/variant detail
SHEA-COS-1CDAA8AADF5F,MINYAS SAVON NATUREL,MINYAS,L A L’HUILE D’ARBRE A THE,MINYAS SAVON NATUREL A L’HUILE D’ARBRE A THE,https://cosmeticstoredz.com/produit/minyas-savon-naturel-a-lhuile-darbre-a-the/,,,NO_MATCH,0,,,,No stock row matches enough brand/product/variant detail
SHEA-COS-71F992125CC7,MINYAS SAVON NATUREL,MINYAS,AU CHARBON DE MENTH,MINYAS SAVON NATUREL AU CHARBON DE MENTH,https://cosmeticstoredz.com/produit/minyas-savon-natutel-au-charbon-de-menth/,,,NO_MATCH,0,,,,No stock row matches enough brand/product/variant detail
SHEA-COS-8AF98BA65061,MINYAS SOFT MUSK,MINYAS,Default,MINYAS SOFT MUSK,https://cosmeticstoredz.com/produit/minyas-soft-musk/,,,NO_MATCH,0,,,,No stock row matches enough brand/product/variant detail
SHEA-COS-A9F810CD8753,MISS CLAIRE POUDRE DECOLORANTE,MISS,PLATINIUM,MISS CLAIRE POUDRE DECOLORANTE PLATINIUM,https://cosmeticstoredz.com/produit/miss-claire-poudre-decoloranteplatinium/,,,NO_MATCH,0,,,,No stock row matches enough brand/product/variant detail
SHEA-COS-3DB65FC0F7A9,MISS CLAIRE POUDRE DECOLORANTE,MISS,PRO KERATINE,MISS CLAIRE POUDRE DECOLORANTE PRO KERATINE,https://cosmeticstoredz.com/produit/miss-claire-poudre-decolorante-pro-keratine/,,,NO_MATCH,0,,,,No stock row matches enough brand/product/variant detail
SHEA-COS-84A2FF08135E,MISS CLAIRE PROTECT DE CHALEUR,MISS,Default,MISS CLAIRE PROTECT DE CHALEUR,https://cosmeticstoredz.com/produit/miss-clair-protect-de-chaleur/,,,NO_MATCH,0,,,,No stock row matches enough brand/product/variant detail
SHEA-COS-91B803343C1E,MISS EDEN CREME CREME NUIT,MISS,Default,MISS EDEN CREME CREME NUIT,https://cosmeticstoredz.com/produit/miss-eden-creme-creme-nuit/,,,NO_MATCH,0,,,,No stock row matches enough brand/product/variant detail
SHEA-COS-930AB09299DC,MISS EDEN LAIT DE CORPS,MISS,Default,MISS EDEN LAIT DE CORPS,https://cosmeticstoredz.com/produit/miss-eden-lait-de-corps/,,,NO_MATCH,0,,,,No stock row matches enough brand/product/variant detail
SHEA-COS-C73EE853ABE7,MISWAK,MISWAK,120+50,MISWAK 120+50,https://cosmeticstoredz.com/produit/miswak-12050/,,,NO_MATCH,0,,,,No stock row matches enough brand/product/variant detail
SHEA-COS-F7F52416055B,MISWAK,MISWAK,30+15,MISWAK 30+15,https://cosmeticstoredz.com/produit/miswak-3015/,,,NO_MATCH,0,,,,No stock row matches enough brand/product/variant detail
SHEA-COS-3CD372A74C4D,MISWAK,MISWAK,"DENT GEL ,60G",MISWAK DENT GEL 60G,https://cosmeticstoredz.com/produit/miswak-dent-gel-60g/,60G,,REVIEW_NO_SIZE,1,6291069700916 | CSV line 11721 | DENT MISWAK GEL GM | score 90 | name 1.00 variant 1.00,,,Catalog or stock designation lacks a matching size; physical pack required
SHEA-COS-14F1DA396727,MISWAK,MISWAK,"HERBAL, TOOTHPASTE, 75+25G",MISWAK HERBAL TOOTHPASTE 75+25G,https://cosmeticstoredz.com/produit/miswak-herbal-toothpaste-7525g/,25G,,NO_MATCH,0,,,,No stock row matches enough brand/product/variant detail
SHEA-COS-8F4CEC656028,MISWAK,MISWAK,"TOOTHPASTE ,FRESH ,GEL 90+45G",MISWAK TOOTHPASTE FRESH GEL 90+45G,https://cosmeticstoredz.com/produit/miswak-toothpaste-fresh-gel-9045g/,45G,,NO_MATCH,0,,,,No stock row matches enough brand/product/variant detail
SHEA-COS-16CBD185E4F0,MIXA CREME MAIN,MIXA,"100ML ,ANTI DESSECHEMENT",MIXA CREME MAIN 100ML ANTI DESSECHEMENT,https://cosmeticstoredz.com/produit/mixa-creme-main-100ml-anti-dessechement/,100ML,,NO_MATCH,0,,,,No stock row matches enough brand/product/variant detail
SHEA-COS-90018B89291D,MIXA CREME MAIN,MIXA,"100ML, MAINS ABIMEE",MIXA CREME MAIN 100ML MAINS ABIMEE,https://cosmeticstoredz.com/produit/mixa-creme-main-100ml-mains-abimee/,100ML,,NO_MATCH,0,,,,No stock row matches enough brand/product/variant detail
SHEA-COS-00DF288120DF,MIXA CREME MAIN & ONGLES,MIXA,Default,MIXA CREME MAIN & ONGLES,https://cosmeticstoredz.com/produit/mixa-creme-main-ongles-2/,,,REVIEW_MULTIPLE,3,3058320002034 | CSV line 10541 | CREME  MAIN MIXA | score 73 | name 0.75 variant 1.00,3058320002041 | CSV line 10789 | CREME MIXA MAIN | score 73 | name 0.75 variant 1.00,8411300036866 | CSV line 10790 | CREME MIXA MAIN | score 73 | name 0.75 variant 1.00,Multiple plausible stock codes; physical pack or authoritative source required
SHEA-COS-ED1D3F53416C,MIXA SOIN MAIN SURGRAS,MIXA,100ML,MIXA SOIN MAIN SURGRAS 100ML,https://cosmeticstoredz.com/produit/mixa-soin-main-surgras-100ml/,100ML,,NO_MATCH,0,,,,No stock row matches enough brand/product/variant detail
SHEA-COS-674ECB31746E,MONDEO DEO,MONDEO,NARCISSO FLEUR MUSC,MONDEO DEO NARCISSO FLEUR MUSC,https://cosmeticstoredz.com/produit/mondeo-deo-narcisso-fleur-musc/,,,NO_MATCH,0,,,,No stock row matches enough brand/product/variant detail
SHEA-COS-520F271EAE11,MONDEO DEO,MONDEO,L INTERDIT,MONDEO DEO L INTERDIT,https://cosmeticstoredz.com/produit/mondeo-deo-l-interdit/,,,NO_MATCH,0,,,,No stock row matches enough brand/product/variant detail
SHEA-COS-81087C67E9D7,MONDEO DEO,MONDEO,NARCISSO ROUGE,MONDEO DEO NARCISSO ROUGE,https://cosmeticstoredz.com/produit/mondeo-deo-narcisso-rouge/,,,NO_MATCH,0,,,,No stock row matches enough brand/product/variant detail
SHEA-COS-74B2B9954092,MONDEO DEO,MONDEO,XS PURE,MONDEO DEO XS PURE,https://cosmeticstoredz.com/produit/mondeo-deo-xs-pure/,,,NO_MATCH,0,,,,No stock row matches enough brand/product/variant detail
SHEA-COS-46E9FA32FDFB,MONDEO DEO,MONDEO,YES I AM,MONDEO DEO YES I AM,https://cosmeticstoredz.com/produit/mondeo-deo-yes-i-am/,,,NO_MATCH,0,,,,No stock row matches enough brand/product/variant detail
SHEA-COS-C22135E4BEF3,MONSAVON DEODORANT,MONSAVON,"150ML ,FLEURS SAUVAGE",MONSAVON DEODORANT 150ML FLEURS SAUVAGE,https://cosmeticstoredz.com/produit/monsavon-deodorant-150ml-fleurs-sauvage/,150ML,,NO_MATCH,0,,,,No stock row matches enough brand/product/variant detail
SHEA-COS-B8576D4868C0,MONSAVON DEODORANT,MONSAVON,"150ML, FRUIT ROUGE",MONSAVON DEODORANT 150ML FRUIT ROUGE,https://cosmeticstoredz.com/produit/monsavon-deodorant-150ml-fruit-rouge/,150ML,,NO_MATCH,0,,,,No stock row matches enough brand/product/variant detail
SHEA-COS-490BAEC90714,MONSAVON DEODORANT,MONSAVON,"150ML ,LISAS POUDREE",MONSAVON DEODORANT 150ML LISAS POUDREE,https://cosmeticstoredz.com/produit/monsavon-deodorant-150ml-lisas-poudree/,150ML,,NO_MATCH,0,,,,No stock row matches enough brand/product/variant detail
SHEA-COS-9B9DA6C8608C,MP3 GEL CHEVEUX,MP3,"200ML, REBEL",MP3 GEL CHEVEUX 200ML REBEL,https://cosmeticstoredz.com/produit/mp3-gel-cheveux-200ml-rebel/,200ML,,REVIEW_NO_SIZE,1,3760070491517 | CSV line 19697 | GEL MP3 REBEL ATTITU | score 73 | name 0.75 variant 1.00,,,Catalog or stock designation lacks a matching size; physical pack required
SHEA-COS-C416850D003A,MP3 GEL CHEVEUX,MP3,"200ML, ROCK ATTITUDE",MP3 GEL CHEVEUX 200ML ROCK ATTITUDE,https://cosmeticstoredz.com/produit/mp3-gel-cheveux-200ml-rock-attitude/,200ML,,NO_MATCH,0,,,,No stock row matches enough brand/product/variant detail
SHEA-COS-0D3A5C6652A6,MYBELLINE SUPERSTAY 24 HOUR FOUNDATION,MYBELLINE,"30ML, 10 IVORY",MYBELLINE SUPERSTAY 24 HOUR FOUNDATION 30ML 10 IVORY,https://cosmeticstoredz.com/produit/mybelline-superstay-24-hour-foundation-30ml-10-ivory/,30ML,,NO_MATCH,0,,,,No stock row matches enough brand/product/variant detail
SHEA-COS-B7A902921B6C,MYLA BANDE DE CIRE CORPS ET JAMBE,MYLA,LAIT D’AMANDES,MYLA BANDE DE CIRE CORPS ET JAMBE LAIT D’AMANDES,https://cosmeticstoredz.com/produit/myla-bande-de-cire-corps-et-jambe-lait-damandes/,,,NO_MATCH,0,,,,No stock row matches enough brand/product/variant detail
SHEA-COS-E432574DA199,MYLA BANDE DE CIRE VISAGE,MYLA,CERISE NOURRISSANTE,MYLA BANDE DE CIRE VISAGE CERISE NOURRISSANTE,https://cosmeticstoredz.com/produit/myla-bande-de-cire-visage-cerise-nourrissante/,,,NO_MATCH,0,,,,No stock row matches enough brand/product/variant detail
SHEA-COS-01E1B002C2B0,MYLA BANDE DE CIRE VISAGE,MYLA,CREME DE RIZ,MYLA BANDE DE CIRE VISAGE CREME DE RIZ,https://cosmeticstoredz.com/produit/myla-bande-de-cire-visage-creme-de-riz/,,,NO_MATCH,0,,,,No stock row matches enough brand/product/variant detail
SHEA-COS-D6295F436B80,MYLA BANDE DE CIRE VISAGE,MYLA,HUILE PRECIEUSE,MYLA BANDE DE CIRE VISAGE HUILE PRECIEUSE,https://cosmeticstoredz.com/produit/myla-bande-de-cire-visage-huile-precieuse/,,,NO_MATCH,0,,,,No stock row matches enough brand/product/variant detail
SHEA-COS-8B2DF999F0F5,MYLA BANDE DE CIRE VISAGE,MYLA,LAIT D’AMANDES,MYLA BANDE DE CIRE VISAGE LAIT D’AMANDES,https://cosmeticstoredz.com/produit/myla-bande-de-cire-visage-lait-damandes/,,,NO_MATCH,0,,,,No stock row matches enough brand/product/variant detail
SHEA-COS-EDE2B9990AA2,MYLA BANDE DE CIRE VISAGE,MYLA,LAIT DE COCO,MYLA BANDE DE CIRE VISAGE LAIT DE COCO,https://cosmeticstoredz.com/produit/myla-bande-de-cire-visage-lait-de-coco/,,,NO_MATCH,0,,,,No stock row matches enough brand/product/variant detail
SHEA-COS-7D1EF95B6E3F,MYLA BANDE DE CIRE VISAGE,MYLA,MOJITO,MYLA BANDE DE CIRE VISAGE MOJITO,https://cosmeticstoredz.com/produit/myla-bande-de-cire-visage-mojito/,,,NO_MATCH,0,,,,No stock row matches enough brand/product/variant detail
SHEA-COS-541122C42E13,MYLA BANDS DE CIRE FROIDE,MYLA,CERISE NOURRISSANTE,MYLA BANDS DE CIRE FROIDE CERISE NOURRISSANTE,https://cosmeticstoredz.com/produit/myla-bands-de-cire-froide-cerise-nourrissante/,,,NO_MATCH,0,,,,No stock row matches enough brand/product/variant detail
SHEA-COS-601BA6778B98,MYLA BANDS DE CIRE FROIDE,MYLA,CREME DE RIZ,MYLA BANDS DE CIRE FROIDE CREME DE RIZ,https://cosmeticstoredz.com/produit/myla-bands-de-cire-froide-creme-de-riz/,,,NO_MATCH,0,,,,No stock row matches enough brand/product/variant detail
SHEA-COS-8D4796553B90,MYLA CIRE SALON EXPERT,MYLA,"800ML ,CACHMIRE",MYLA CIRE SALON EXPERT 800ML CACHMIRE,https://cosmeticstoredz.com/produit/myla-cire-salon-expert-800ml-cachmire/,800ML,,NO_MATCH,0,,,,No stock row matches enough brand/product/variant detail
SHEA-COS-ADE923D7B017,MYLA CIRE SALON EXPERT,MYLA,"800ML ,MIEL",MYLA CIRE SALON EXPERT 800ML MIEL,https://cosmeticstoredz.com/produit/myla-cire-salon-expert-800ml-miel/,800ML,,NO_MATCH,0,,,,No stock row matches enough brand/product/variant detail
SHEA-COS-23BC20FE4C67,MYLA CIRE SALON EXPERT,MYLA,"800ML ,MONOI",MYLA CIRE SALON EXPERT 800ML MONOI,https://cosmeticstoredz.com/produit/myla-cire-salon-expert-800ml-monoi/,800ML,,NO_MATCH,0,,,,No stock row matches enough brand/product/variant detail
SHEA-COS-490125F842D5,MYLA CIRE SALON EXPERT,MYLA,"800ML ,ROSE",MYLA CIRE SALON EXPERT 800ML ROSE,https://cosmeticstoredz.com/produit/myla-cire-salon-expert-800ml-rose/,800ML,,NO_MATCH,0,,,,No stock row matches enough brand/product/variant detail
SHEA-COS-352EDC16234B,MYLA EPIL SOIN 100ML LOTION AVANT EPILATION AUX ACIDES DE FRUITS EXFOLIANTS,MYLA,Default,MYLA EPIL SOIN 100ML LOTION AVANT EPILATION AUX ACIDES DE FRUITS EXFOLIANTS,https://cosmeticstoredz.com/produit/myla-epil-soin-100ml-lotion-avant-epilation/,100ML,,NO_MATCH,0,,,,No stock row matches enough brand/product/variant detail
SHEA-COS-B4004DA5E555,MYLA GRAIN CIRE,MYLA,"350GR, AZULENE",MYLA GRAIN CIRE 350GR AZULENE,https://cosmeticstoredz.com/produit/myla-grain-cire-350gr-azulene/,350G,,NO_MATCH,0,,,,No stock row matches enough brand/product/variant detail
SHEA-COS-1BECE0C591EA,MYLA KIT EPILATION APPAREIL+CARTOUCHE RECHARGE+ BANDELETTE,MYLA,Default,MYLA KIT EPILATION APPAREIL+CARTOUCHE RECHARGE+ BANDELETTE,https://cosmeticstoredz.com/produit/myla-kit-epilation-appareilcartouche-recharge-bandelette/,,,NO_MATCH,0,,,,No stock row matches enough brand/product/variant detail
SHEA-COS-733A56A80407,MYLA PATCH NEZ,MYLA,Default,MYLA PATCH NEZ,https://cosmeticstoredz.com/produit/myla-patch-nez/,,,NO_MATCH,0,,,,No stock row matches enough brand/product/variant detail
SHEA-COS-0A7D031E893D,MYLA RECHARGE CIRE,MYLA,"100ML ,ALOE VERA",MYLA RECHARGE CIRE 100ML ALOE VERA,https://cosmeticstoredz.com/produit/myla-recharge-cire-100ml-aloe-vera/,100ML,,NO_MATCH,0,,,,No stock row matches enough brand/product/variant detail
SHEA-COS-E10C467101BE,MYLA RECHARGE CIRE,MYLA,"100ML,GOLD",MYLA RECHARGE CIRE 100ML GOLD,https://cosmeticstoredz.com/produit/myla-recharge-cire-100ml-gold/,100ML,,NO_MATCH,0,,,,No stock row matches enough brand/product/variant detail
SHEA-COS-70F0C1DE859E,MYLA RECHARGE CIRE,MYLA,"100ML ,PREMIUM MONOI",MYLA RECHARGE CIRE 100ML PREMIUM MONOI,https://cosmeticstoredz.com/produit/myla-recharge-cire-100ml-premium-monoi/,100ML,,NO_MATCH,0,,,,No stock row matches enough brand/product/variant detail
SHEA-COS-0086073DD980,MYLA RECHARGE CIRE,MYLA,"100ML ,TOPLINE CORAL",MYLA RECHARGE CIRE 100ML TOPLINE CORAL,https://cosmeticstoredz.com/produit/myla-recharge-cire-100ml-topline-coral/,100ML,,NO_MATCH,0,,,,No stock row matches enough brand/product/variant detail
SHEA-COS-EE6907E2036C,NARTA DEO BILLE,NARTA,"50ML ,INVISIBLE PEAUX EPILEES",NARTA DEO BILLE 50ML INVISIBLE PEAUX EPILEES,https://cosmeticstoredz.com/produit/narta-deo-bille-50ml-invisible-peaux-epilees/,50ML,,NO_MATCH,0,,,,No stock row matches enough brand/product/variant detail
SHEA-COS-A73E76D6A14B,NARTA DEO BILLE,NARTA,"50ML ,PROTECTION 5",NARTA DEO BILLE 50ML PROTECTION 5,https://cosmeticstoredz.com/produit/narta-deo-bille-50ml-protection-5/,50ML,,NO_MATCH,0,,,,No stock row matches enough brand/product/variant detail
SHEA-COS-D7E2C2B7C9B7,NARTA DEODORANT FEMME,NARTA,COLOGNE,NARTA DEODORANT FEMME COLOGNE,https://cosmeticstoredz.com/produit/narta-deodorant-femme-cologne/,,,NO_MATCH,0,,,,No stock row matches enough brand/product/variant detail
SHEA-COS-6D720EA172B2,NARTA DEODORANT FEMME,NARTA,PROTECTION 5,NARTA DEODORANT FEMME PROTECTION 5,https://cosmeticstoredz.com/produit/narta-deodorant-femme-protection-5/,,,NO_MATCH,0,,,,No stock row matches enough brand/product/variant detail
SHEA-COS-EA7B43D80E3A,NARTA DEODORANT ROLL-ON INVISIBLE,NARTA,Default,NARTA DEODORANT ROLL-ON INVISIBLE,https://cosmeticstoredz.com/produit/narta-deodorant-roll-on-invisible/,,,NO_MATCH,0,,,,No stock row matches enough brand/product/variant detail
SHEA-COS-41E891AB3ABE,NATURA PRO ECRAN TOTAL,NATURA,Default,NATURA PRO ECRAN TOTAL,https://cosmeticstoredz.com/produit/natura-pro-ecran-total/,,,NO_MATCH,0,,,,No stock row matches enough brand/product/variant detail
SHEA-COS-11340BCE55BC,NATURA PRO PEUX PARFAITE,NATURA,HUILE DE FIGUE DE BARBARIE,NATURA PRO PEUX PARFAITE HUILE DE FIGUE DE BARBARIE,https://cosmeticstoredz.com/produit/natura-pro-peux-parfaite-huile-de-figue-de-barbarie/,,,NO_MATCH,0,,,,No stock row matches enough brand/product/variant detail
SHEA-COS-D2C61971D879,NATURE DROP HUILE,NATURE,AVOCAT,NATURE DROP HUILE AVOCAT,https://cosmeticstoredz.com/produit/nature-drop-huile-avocat/,,,NO_MATCH,0,,,,No stock row matches enough brand/product/variant detail
SHEA-COS-917F64177240,NATURE DROP HUILE,NATURE,CUMIN,NATURE DROP HUILE CUMIN,https://cosmeticstoredz.com/produit/nature-drop-huile-cumin/,,,NO_MATCH,0,,,,No stock row matches enough brand/product/variant detail
SHEA-COS-FD1FABE03591,NATURE DROP HUILE,NATURE,"DE NIGELLE ORIGINAL ,30ML",NATURE DROP HUILE DE NIGELLE ORIGINAL 30ML,https://cosmeticstoredz.com/produit/nature-drop-huile-de-nigelle-original-30ml/,30ML,,NO_MATCH,0,,,,No stock row matches enough brand/product/variant detail
SHEA-COS-6CCDF7FBFC12,NATURE DROP HUILE,NATURE,JASMIN,NATURE DROP HUILE JASMIN,https://cosmeticstoredz.com/produit/nature-drop-huile-jasmin/,,,NO_MATCH,0,,,,No stock row matches enough brand/product/variant detail
SHEA-COS-63142BC815BD,NATURE DROP HUILE,NATURE,LENTISQUE,NATURE DROP HUILE LENTISQUE,https://cosmeticstoredz.com/produit/nature-drop-huile-lentisque/,,,NO_MATCH,0,,,,No stock row matches enough brand/product/variant detail
SHEA-COS-19044629CB72,NATURE DROP HUILE,NATURE,NOYAU D ABRICOT,NATURE DROP HUILE NOYAU D ABRICOT,https://cosmeticstoredz.com/produit/nature-drop-huile-noyau-d-abricot/,,,NO_MATCH,0,,,,No stock row matches enough brand/product/variant detail
SHEA-COS-5115A835E158,NATURE DROP HUILE,NATURE,NOYAU DE DATE,NATURE DROP HUILE NOYAU DE DATE,https://cosmeticstoredz.com/produit/nature-drop-huile-noyau-de-date/,,,NO_MATCH,0,,,,No stock row matches enough brand/product/variant detail
SHEA-COS-B2989CAD03C2,NATURE DROP HUILE,NATURE,PIGNON DE PIN,NATURE DROP HUILE PIGNON DE PIN,https://cosmeticstoredz.com/produit/nature-drop-huile-pignon-de-pin/,,,NO_MATCH,0,,,,No stock row matches enough brand/product/variant detail
SHEA-COS-7CAD9186FF30,NATURE DROP HUILE,NATURE,SOJA,NATURE DROP HUILE SOJA,https://cosmeticstoredz.com/produit/nature-drop-huile-soja/,,,NO_MATCH,0,,,,No stock row matches enough brand/product/variant detail
SHEA-COS-E3D483A6A9E3,NATURE DROP HUILE,NATURE,TAR,NATURE DROP HUILE TAR,https://cosmeticstoredz.com/produit/nature-drop-huile-tar/,,,NO_MATCH,0,,,,No stock row matches enough brand/product/variant detail
SHEA-COS-5FF742D6632B,NATURE DROP HUILE,NATURE,VASELINE,NATURE DROP HUILE VASELINE,https://cosmeticstoredz.com/produit/nature-drop-huile-vaseline/,,,NO_MATCH,0,,,,No stock row matches enough brand/product/variant detail
SHEA-COS-E6AC97764662,NEUTROGENA BRUME APAISANTE CALME CURCUMA PEAUX A IMPERFECTION,NEUTROGENA,Default,NEUTROGENA BRUME APAISANTE CALME CURCUMA PEAUX A IMPERFECTION,https://cosmeticstoredz.com/produit/neutrogena-bruma-apaisante/,,,NO_MATCH,0,,,,No stock row matches enough brand/product/variant detail
SHEA-COS-1119FF63D321,NEUTROGENA CREME PIEDS NUTRITION INTENSE PIEDS SECS ET ABIMES,NEUTROGENA,150ML,NEUTROGENA CREME PIEDS NUTRITION INTENSE PIEDS SECS ET ABIMES 150ML,https://cosmeticstoredz.com/produit/neutrogena-creme-pieds-nutrition-intense-pieds-secs-et-abimes-150ml/,150ML,,NO_MATCH,0,,,,No stock row matches enough brand/product/variant detail
SHEA-COS-64D3385DF262,NEUTROGENA GEL NETTIYANT BOUTEILLE ANTI BRILLANCE,NEUTROGENA,Default,NEUTROGENA GEL NETTIYANT BOUTEILLE ANTI BRILLANCE,https://cosmeticstoredz.com/produit/neutrogena-gel-nettiyant-bouteille-anti-brillance/,,,NO_MATCH,0,,,,No stock row matches enough brand/product/variant detail
SHEA-COS-9F61398688BD,NEUTROGENA GEL NETTOYANT,NEUTROGENA,BOUTEILLE PURETE PAMPLEMO,NEUTROGENA GEL NETTOYANT BOUTEILLE PURETE PAMPLEMO,https://cosmeticstoredz.com/produit/neutrogena-gel-nettiyant-bouteille-purete-pamplemo/,,,NO_MATCH,0,,,,No stock row matches enough brand/product/variant detail
SHEA-COS-209E0B1A76E0,NEUTROGENA GEL NETTOYANT,NEUTROGENA,"150ML ,ANTI BOUTONS",NEUTROGENA GEL NETTOYANT 150ML ANTI BOUTONS,https://cosmeticstoredz.com/produit/neutrogena-gel-nettoyant-150ml-anti-boutons/,150ML,,NO_MATCH,0,,,,No stock row matches enough brand/product/variant detail
SHEA-COS-833C868C57FA,NEUTROGENA GEL NETTOYANT,NEUTROGENA,"150ML, ANTI BRILLANCE CITRON",NEUTROGENA GEL NETTOYANT 150ML ANTI BRILLANCE CITRON,https://cosmeticstoredz.com/produit/neutrogena-gel-nettoyant-150ml-anti-brillance-citr/,150ML,,NO_MATCH,0,,,,No stock row matches enough brand/product/variant detail
SHEA-COS-25FCE5CEFE88,NEUTROGENA GEL NETTOYANT,NEUTROGENA,"150ML ,ANTI POINTS NOIR",NEUTROGENA GEL NETTOYANT 150ML ANTI POINTS NOIR,https://cosmeticstoredz.com/produit/neutrogena-gel-nettoyant-150ml-anti-points-noir/,150ML,,NO_MATCH,0,,,,No stock row matches enough brand/product/variant detail
SHEA-COS-74634F25730D,NEUTROGENA GEL NETTOYANT,NEUTROGENA,"150ML ,OIL BALANCING",NEUTROGENA GEL NETTOYANT 150ML OIL BALANCING,https://cosmeticstoredz.com/produit/neutrogena-gel-nettoyant-150ml-oil-balancing/,150ML,,NO_MATCH,0,,,,No stock row matches enough brand/product/variant detail
SHEA-COS-F5062B91AD7B,NEUTROGENA GEL NETTOYANT,NEUTROGENA,"150ML, VISIBLY CLEAR",NEUTROGENA GEL NETTOYANT 150ML VISIBLY CLEAR,https://cosmeticstoredz.com/produit/neutrogena-gel-nettoyant-150ml-visibly-clear/,150ML,,NO_MATCH,0,,,,No stock row matches enough brand/product/variant detail
SHEA-COS-A5B6876C83DA,NEUTROGENA HYDRO BOOST AQUA-GEL NETTOYANT VISAGE,NEUTROGENA,200ML,NEUTROGENA HYDRO BOOST AQUA-GEL NETTOYANT VISAGE 200ML,https://cosmeticstoredz.com/produit/neutrogena-hydro-boost-aqua-gel-nettoyant-visage-200ml/,200ML,,NO_MATCH,0,,,,No stock row matches enough brand/product/variant detail
SHEA-COS-2D5D9DE6D5DD,NIALL BBFACE JOUR ET NUIT 3EN1,NIALL,PEAUX SECHES,NIALL BBFACE JOUR ET NUIT 3EN1 PEAUX SECHES,https://cosmeticstoredz.com/produit/niall-bbface-jour-et-nuit-3en1-peaux-seches/,,,NO_MATCH,0,,,,No stock row matches enough brand/product/variant detail
SHEA-COS-E2E5FE4B832E,NIALL GEL NETT,NIALL,CURCUMA,NIALL GEL NETT CURCUMA,https://cosmeticstoredz.com/produit/niall-gel-nett-curcuma/,,,NO_MATCH,0,,,,No stock row matches enough brand/product/variant detail
SHEA-COS-C19D881E2563,NIALL MASQUE VISAGE,NIALL,"100ML, AVOCADO",NIALL MASQUE VISAGE 100ML AVOCADO,https://cosmeticstoredz.com/produit/niall-masque-visage-100ml-avocado/,100ML,,NO_MATCH,0,,,,No stock row matches enough brand/product/variant detail
SHEA-COS-9CBE8EFA06EA,NIALL MASQUE VISAGE,NIALL,"100ML, GREEN TEA",NIALL MASQUE VISAGE 100ML GREEN TEA,https://cosmeticstoredz.com/produit/niall-masque-visage-100ml-green-tea/,100ML,,NO_MATCH,0,,,,No stock row matches enough brand/product/variant detail
SHEA-COS-FDABC52954CC,NIALL MASQUE VISAGE,NIALL,"100ML, MILKY",NIALL MASQUE VISAGE 100ML MILKY,https://cosmeticstoredz.com/produit/niall-masque-visage-100ml-milky/,100ML,,NO_MATCH,0,,,,No stock row matches enough brand/product/variant detail
SHEA-COS-365EE3649253,NIVEA BB CREME 5EN 1 HYDRATANT 24H,NIVEA,Default,NIVEA BB CREME 5EN 1 HYDRATANT 24H,https://cosmeticstoredz.com/produit/nivea-bb-creme-5en-1-hydratant-24h/,,,NO_MATCH,0,,,,No stock row matches enough brand/product/variant detail
SHEA-COS-3FD0E383EA1A,NIVEA CREME,NIVEA,"100ML ,GREEN PINK EDITION LIMITEE",NIVEA CREME 100ML GREEN PINK EDITION LIMITEE,https://cosmeticstoredz.com/produit/nivea-creme-100ml-green-pink-edition-limitee/,100ML,,NO_MATCH,0,,,,No stock row matches enough brand/product/variant detail
SHEA-COS-9707CB6D177F,NIVEA CREME POT,NIVEA,"150ML ,ORIGINAL",NIVEA CREME POT 150ML ORIGINAL,https://cosmeticstoredz.com/produit/nivea-creme-pot-150ml-original/,150ML,,NO_MATCH,0,,,,No stock row matches enough brand/product/variant detail
SHEA-COS-C9D3AE8B4E0B,NIVEA DEO,NIVEA,"200ML, BLACK AND WHITE CLEAR",NIVEA DEO 200ML BLACK AND WHITE CLEAR,https://cosmeticstoredz.com/produit/nivea-deo-200ml-black-and-white-original/,200ML,,NO_MATCH,0,,,,No stock row matches enough brand/product/variant detail
SHEA-COS-8A7B48AF2647,NIVEA DEODORANT,NIVEA,"200ML ,FRESH NATURAL",NIVEA DEODORANT 200ML FRESH NATURAL,https://cosmeticstoredz.com/produit/nivea-deo-200ml-fresh-natural/,200ML,,NO_MATCH,0,,,,No stock row matches enough brand/product/variant detail
SHEA-COS-E680187D5842,NIVEA DEODORANT,NIVEA,"200ML, PROTECT AND CARE ,, INGREDIENTS , NIVEA CREME",NIVEA DEODORANT 200ML PROTECT AND CARE WITH INGREDIENTS OF NIVEA CREME,https://cosmeticstoredz.com/produit/nivea-deo-200ml-protect-and-care-with-ingredients-of-nivea-creme/,200ML,,NO_MATCH,0,,,,No stock row matches enough brand/product/variant detail
SHEA-COS-56CCCE4F517E,NIVEA GEL DOUCHE,NIVEA,"250ML ,WINTER WONNE",NIVEA GEL DOUCHE 250ML WINTER WONNE,https://cosmeticstoredz.com/produit/nivea-gel-douche-250ml-winter-wonne/,250ML,,NO_MATCH,0,,,,No stock row matches enough brand/product/variant detail
SHEA-COS-48636AB7A4DE,NIVEA MEN STICK,NIVEA,"50ML ,PEARL AND BEAUTY",NIVEA MEN STICK 50ML PEARL AND BEAUTY,https://cosmeticstoredz.com/produit/nivea-men-stick-50ml-pearl-and-beauty/,50ML,,NO_MATCH,0,,,,No stock row matches enough brand/product/variant detail
SHEA-COS-C35B27CC0B93,NIVEA MEN STICK,NIVEA,"50ML,DRY COMFORT",NIVEA MEN STICK 50ML DRY COMFORT,https://cosmeticstoredz.com/produit/nivea-stick-dry-comfort/,50ML,,NO_MATCH,0,,,,No stock row matches enough brand/product/variant detail
SHEA-COS-FD3A896BB6FE,NIVEA MICELLAIR DEMAQ O2,NIVEA,125ML,NIVEA MICELLAIR DEMAQ O2 125ML,https://cosmeticstoredz.com/produit/nivea-micellair-demaq-o2-125ml/,125ML,,NO_MATCH,0,,,,No stock row matches enough brand/product/variant detail
SHEA-COS-CDF1453CDB93,NIVEA Q10 SOIN DE NUIT DEFATIGANT TUBE,NIVEA,Default,NIVEA Q10 SOIN DE NUIT DEFATIGANT TUBE,https://cosmeticstoredz.com/produit/nivea-q10-soin-de-nuit-defatigant-tube/,,,NO_MATCH,0,,,,No stock row matches enough brand/product/variant detail
SHEA-COS-3042B8091883,NIVEA SHP FEMME,NIVEA,2EN1 EXPRESS,NIVEA SHP FEMME 2EN1 EXPRESS,https://cosmeticstoredz.com/produit/nivea-shp-femme-2en1-express/,,,NO_MATCH,0,,,,No stock row matches enough brand/product/variant detail
SHEA-COS-974E9E2B7934,NIVEA SHP FEMME,NIVEA,VOLUME & SRENGTH,NIVEA SHP FEMME VOLUME & SRENGTH,https://cosmeticstoredz.com/produit/nivea-shp-femme-volume-srength/,,,NO_MATCH,0,,,,No stock row matches enough brand/product/variant detail
SHEA-COS-B9732DBC359A,NIVEA SUN PROTECT & HYDRATE,NIVEA,Default,NIVEA SUN PROTECT & HYDRATE,https://cosmeticstoredz.com/produit/nivea-sun-protect-hydrate/,,,NO_MATCH,0,,,,No stock row matches enough brand/product/variant detail
SHEA-COS-71CCDED41310,NIVEA VITAL SOJA ANTI AGE,NIVEA,Default,NIVEA VITAL SOJA ANTI AGE,https://cosmeticstoredz.com/produit/nivea-vital-soja-anti-age/,,,NO_MATCH,0,,,,No stock row matches enough brand/product/variant detail
SHEA-COS-E63BA93AC097,NOTE FDT LIQUIDE MATTIFIANT,NOTE,N°1 BEIGE,NOTE FDT LIQUIDE MATTIFIANT N°1 BEIGE,https://cosmeticstoredz.com/produit/note-fdt-liquide-mattifiant-n1-beige/,,,NO_MATCH,0,,,,No stock row matches enough brand/product/variant detail
SHEA-COS-505E56C3A7FC,NOTE NEW ERA SKIN PROTECTING FOUNDATION,NOTE,"SPF 50 ,110 ,SOFT IVORY",NOTE NEW ERA SKIN PROTECTING FOUNDATION SPF 50 110 SOFT IVORY,https://cosmeticstoredz.com/produit/note-new-era-skin-protecting-foundation-spf-50-110-soft-ivory/,,,NO_MATCH,0,,,,No stock row matches enough brand/product/variant detail
SHEA-COS-04632D0B0E3C,NOTE NEW ERA SKIN PROTECTING FOUNDATION,NOTE,"SPF 50 ,120 ,NATURAL BEIGE",NOTE NEW ERA SKIN PROTECTING FOUNDATION SPF 50 120 NATURAL BEIGE,https://cosmeticstoredz.com/produit/note-new-era-skin-protecting-foundation-spf-50-120-natural-beige/,,,NO_MATCH,0,,,,No stock row matches enough brand/product/variant detail
SHEA-COS-6B0BF35F4FA5,NOTE NEW ERA SKIN PROTECTING FOUNDATION,NOTE,"SPF 50 ,130 ,BEIGE",NOTE NEW ERA SKIN PROTECTING FOUNDATION SPF 50 130 BEIGE,https://cosmeticstoredz.com/produit/note-new-era-skin-protecting-foundation-spf-50-130-beige/,,,NO_MATCH,0,,,,No stock row matches enough brand/product/variant detail
SHEA-COS-EA24233F2047,NOVEX BODY LOTION,NOVEX,"250ML ,PASSION FRUITY",NOVEX BODY LOTION 250ML PASSION FRUITY,https://cosmeticstoredz.com/produit/novex-body-lotion-250ml-passion-fruity/,250ML,,NO_MATCH,0,,,,No stock row matches enough brand/product/variant detail
SHEA-COS-3A5152FDA8CD,NOVEX BODY LOTION,NOVEX,"250ML ,SUNSHINE MANGO",NOVEX BODY LOTION 250ML SUNSHINE MANGO,https://cosmeticstoredz.com/produit/novex-body-lotion-250ml-sunshine-mango/,250ML,,NO_MATCH,0,,,,No stock row matches enough brand/product/variant detail
SHEA-COS-0B46CB9ED1D4,NOVEX BODY LOTION,NOVEX,"250ML ,TROPIC FRUITY",NOVEX BODY LOTION 250ML TROPIC FRUITY,https://cosmeticstoredz.com/produit/novex-body-lotion-250ml-tropic-fruity/,250ML,,NO_MATCH,0,,,,No stock row matches enough brand/product/variant detail
SHEA-COS-7680A06B4894,NOVEX BODY SCRUB / GOMMAGE CORPS,NOVEX,"300ML ,COCO ET COFFEE",NOVEX BODY SCRUB / GOMMAGE CORPS 300ML COCO ET COFFEE,https://cosmeticstoredz.com/produit/novex-body-scrub-gommage-corps-300ml-coco-et-coffee/,300ML,,NO_MATCH,0,,,,No stock row matches enough brand/product/variant detail
SHEA-COS-EE703DF4A7CB,NOVEX BODY SCRUB / GOMMAGE CORPS,NOVEX,"300ML ,BUBBLE GUM",NOVEX BODY SCRUB / GOMMAGE CORPS 300ML BUBBLE GUM,https://cosmeticstoredz.com/produit/novex-body-scrub-gommage-corps-300ml-bubble-gum/,300ML,,NO_MATCH,0,,,,No stock row matches enough brand/product/variant detail
SHEA-COS-37D7F4F0BBBC,NOVEX BODY SCRUB / GOMMAGE CORPS,NOVEX,"300ML ,EXOTIC PASSION",NOVEX BODY SCRUB / GOMMAGE CORPS 300ML EXOTIC PASSION,https://cosmeticstoredz.com/produit/novex-body-scrub-gommage-corps-300ml-exotic-passion/,300ML,,NO_MATCH,0,,,,No stock row matches enough brand/product/variant detail
SHEA-COS-69999B9D6F3D,NOVEX BODY SCRUB / GOMMAGE CORPS,NOVEX,"300ML ,SWEET DREAM",NOVEX BODY SCRUB / GOMMAGE CORPS 300ML SWEET DREAM,https://cosmeticstoredz.com/produit/novex-body-scrub-gommage-corps-300ml-sweet-dream/,300ML,,NO_MATCH,0,,,,No stock row matches enough brand/product/variant detail
SHEA-COS-5989E86540CE,NOVEX BODY SCRUB / GOMMAGE CORPS,NOVEX,"300ML ,TROPICAL VIBES",NOVEX BODY SCRUB / GOMMAGE CORPS 300ML TROPICAL VIBES,https://cosmeticstoredz.com/produit/novex-body-scrub-gommage-corps-300ml-tropical-vibes/,300ML,,NO_MATCH,0,,,,No stock row matches enough brand/product/variant detail
SHEA-COS-F6AFF3C0CD43,NOVEX GEL DOUCHE,NOVEX,"400ML ,BERRY SANTAL CASSIS",NOVEX GEL DOUCHE 400ML BERRY SANTAL CASSIS,https://cosmeticstoredz.com/produit/novex-gel-douche-400ml-berry-santal-cassis/,400ML,,NO_MATCH,0,,,,No stock row matches enough brand/product/variant detail
SHEA-COS-3F7111D79D29,NOVEX GEL DOUCHE,NOVEX,"400ML ,BUBBLE GUM",NOVEX GEL DOUCHE 400ML BUBBLE GUM,https://cosmeticstoredz.com/produit/novex-gel-douche-400ml-bubble-gum/,400ML,,NO_MATCH,0,,,,No stock row matches enough brand/product/variant detail
SHEA-COS-0830EBDB25AD,NOVEX GEL DOUCHE,NOVEX,"400ML ,CHERRY BLOSSOM",NOVEX GEL DOUCHE 400ML CHERRY BLOSSOM,https://cosmeticstoredz.com/produit/novex-gel-douche-400ml-cherry-blossom/,400ML,,NO_MATCH,0,,,,No stock row matches enough brand/product/variant detail
SHEA-COS-2AF1118E029C,NOVEX GEL DOUCHE,NOVEX,400ML COCONUT PASSION,NOVEX GEL DOUCHE 400ML COCONUT PASSION,https://cosmeticstoredz.com/produit/novex-gel-douche-400ml-coconut-passion/,400ML,,NO_MATCH,0,,,,No stock row matches enough brand/product/variant detail
SHEA-COS-1E832D25736E,NOVEX GEL DOUCHE,NOVEX,"400ML ,MANGO FLAVOR",NOVEX GEL DOUCHE 400ML MANGO FLAVOR,https://cosmeticstoredz.com/produit/novex-gel-douche-400ml-mango-flavor/,400ML,,NO_MATCH,0,,,,No stock row matches enough brand/product/variant detail
SHEA-COS-2C37160F5698,NOVEX GEL DOUCHE,NOVEX,"400ML ,PASSION FRUIT",NOVEX GEL DOUCHE 400ML PASSION FRUIT,https://cosmeticstoredz.com/produit/novex-gel-douche-400ml-passion-fruit/,400ML,,NO_MATCH,0,,,,No stock row matches enough brand/product/variant detail
SHEA-COS-EF8A4AE831B5,NOVEX GEL DOUCHE,NOVEX,"400ML ,RUBYROSE FRAMBOISE",NOVEX GEL DOUCHE 400ML RUBYROSE FRAMBOISE,https://cosmeticstoredz.com/produit/novex-gel-douche-400ml-rubyrose-framboise/,400ML,,NO_MATCH,0,,,,No stock row matches enough brand/product/variant detail
SHEA-COS-F5D8E17B4149,NOVEX SHAMPOING,NOVEX,"400ML, HYDRATANT, ALOE VERA",NOVEX SHAMPOING 400ML HYDRATANT ALOE VERA,https://cosmeticstoredz.com/produit/novex-shampoing-400ml-hydratant-aloe-vera/,400ML,,NO_MATCH,0,,,,No stock row matches enough brand/product/variant detail
SHEA-COS-AD2AB7D44FF5,NOVEX SHAMPOING,NOVEX,"400ML ,HYDRATE , REPAIR AMANDE , RICIN",NOVEX SHAMPOING 400ML HYDRATE ET REPAIR AMANDE ET RICIN,https://cosmeticstoredz.com/produit/novex-shampoing-400ml-hydrate-et-repair-amande-et-ricin/,400ML,,NO_MATCH,0,,,,No stock row matches enough brand/product/variant detail
SHEA-COS-DE3A8EC7C409,NOVEX SHAMPOING,NOVEX,"400ML ,NOURRISSANT GARLIC",NOVEX SHAMPOING 400ML NOURRISSANT GARLIC,https://cosmeticstoredz.com/produit/novex-shampoing-400ml-nourrissant-garlic/,400ML,,NO_MATCH,0,,,,No stock row matches enough brand/product/variant detail
SHEA-COS-1F17824AE269,NOVEX SHAMPOING,NOVEX,"400ML ,REPAIR AVOCADO",NOVEX SHAMPOING 400ML REPAIR AVOCADO,https://cosmeticstoredz.com/produit/novex-shampoing-400ml-repair-avocado/,400ML,,NO_MATCH,0,,,,No stock row matches enough brand/product/variant detail
SHEA-COS-57541444EB9E,NOVEX SHAMPOING,NOVEX,"400ML ,REVITALISANT KERATINE",NOVEX SHAMPOING 400ML REVITALISANT KERATINE,https://cosmeticstoredz.com/produit/novex-shampoing-400ml-revitalisant-keratine/,400ML,,NO_MATCH,0,,,,No stock row matches enough brand/product/variant detail
SHEA-COS-F0ADEDFECE26,NUMBUZ VITAMIN BOOSTING ESSENTIAL TONER,NUMBUZ,Default,NUMBUZ VITAMIN BOOSTING ESSENTIAL TONER,https://cosmeticstoredz.com/produit/numbuz-vitamin-boosting-essential-toner/,,,NO_MATCH,0,,,,No stock row matches enough brand/product/variant detail
SHEA-COS-F8F6B5323200,NUMBUZ VITAMIN CONCENTRATED SERUM 5+,NUMBUZ,Default,NUMBUZ VITAMIN CONCENTRATED SERUM 5+,https://cosmeticstoredz.com/produit/numbuz-vitamin-concentrated-serum-5/,,,NO_MATCH,0,,,,No stock row matches enough brand/product/variant detail
SHEA-COS-1C2F7F889699,NUMBUZIN NAD+BIO LIFTING SIL ESSENCE 9+,NUMBUZIN,Default,NUMBUZIN NAD+BIO LIFTING SIL ESSENCE 9+,https://cosmeticstoredz.com/produit/numbuzin-nadbio-lifting-sil-essence-9/,,,NO_MATCH,0,,,,No stock row matches enough brand/product/variant detail
SHEA-COS-14A09076E29B,OE DEO INTIME,OE,"150ML ,ODEUR PROTECT",OE DEO INTIME 150ML ODEUR PROTECT,https://cosmeticstoredz.com/produit/oe-deo-intime-150ml-odeur-protect/,150ML,,NO_MATCH,0,,,,No stock row matches enough brand/product/variant detail
SHEA-COS-BD57D50A764F,OE DEO SPRAY,OE,"200ML ,SWEET CHARM",OE DEO SPRAY 200ML SWEET CHARM,https://cosmeticstoredz.com/produit/oe-deo-spray-200ml-sweet-charm/,200ML,3760070491425,SOURCED,1,3760070491425 | CSV line 12843 | DEO OE SWEET CHARM | score 73 | name 0.75 variant 1.00,,,Existing source-verified code; preserve it and confirm against the physical pack
SHEA-COS-91AB753328B2,OE DEO SPRAY,OE,"200ML, ABSOLUTE FRESH",OE DEO SPRAY 200ML ABSOLUTE FRESH,https://cosmeticstoredz.com/produit/oe-deo-spray-200ml-absolute-fresh/,200ML,3760070491272,SOURCED,0,,,,Existing source-verified code; preserve it and confirm against the physical pack
SHEA-COS-9D34316B921B,OE DEO SPRAY,OE,"200ML ,FLOWER OPUS",OE DEO SPRAY 200ML FLOWER OPUS,https://cosmeticstoredz.com/produit/oe-deo-spray-200ml-flower-opus/,200ML,3760070491296,SOURCED,0,,,,Existing source-verified code; preserve it and confirm against the physical pack
SHEA-COS-A3B8DBF46A05,OE DEO SPRAY,OE,"200ML, ISLA VANILLA",OE DEO SPRAY 200ML ISLA VANILLA,https://cosmeticstoredz.com/produit/oe-deo-spray-200ml-isla-vanilla/,200ML,3760070491401,SOURCED,0,,,,Existing source-verified code; preserve it and confirm against the physical pack
SHEA-COS-5C9144354C7C,OE DEO SPRAY,OE,"200ML ,JUST DELICIOUS",OE DEO SPRAY 200ML JUST DELICIOUS,https://cosmeticstoredz.com/produit/oe-deo-spray-200ml-just-delicious/,200ML,3760070491302,SOURCED,1,3760070491302 | CSV line 12828 | DEO OE JUST DELICIOUS | score 73 | name 0.75 variant 1.00,,,Existing source-verified code; preserve it and confirm against the physical pack
SHEA-COS-F87EA4F1D203,OE DEO SPRAY,OE,"200ML, PURPLE DREAM",OE DEO SPRAY 200ML PURPLE DREAM,https://cosmeticstoredz.com/produit/oe-deo-spray-200ml-purple-dream/,200ML,3760070491418,SOURCED,0,,,,Existing source-verified code; preserve it and confirm against the physical pack
SHEA-COS-F3AA1FF1E45C,OE GEL DOUCHE HOMMES,OE,"250ML, MINERAL",OE GEL DOUCHE HOMMES 250ML MINERAL,https://cosmeticstoredz.com/produit/oe-gel-douche-hommes-250ml-mineral/,250ML,,NO_MATCH,0,,,,No stock row matches enough brand/product/variant detail
SHEA-COS-FF47B81023BE,OE GEL DOUCHE PLAISIR,OE,"250ML,CITRON",OE GEL DOUCHE PLAISIR 250ML CITRON,https://cosmeticstoredz.com/produit/oe-gel-douche-plaisir-250ml-citron/,250ML,,NO_MATCH,0,,,,No stock row matches enough brand/product/variant detail
SHEA-COS-064F30060AAC,OE GEL DOUCHE PLAISIR,OE,"250ML, FLEUR D’ORANGE",OE GEL DOUCHE PLAISIR 250ML FLEUR D’ORANGE,https://cosmeticstoredz.com/produit/oe-gel-douche-plaisir-250ml-fleur-dorange/,250ML,,NO_MATCH,0,,,,No stock row matches enough brand/product/variant detail
SHEA-COS-05812B93B86B,OE GEL DOUCHE PLAISIR,OE,"250ML ,MONOI",OE GEL DOUCHE PLAISIR 250ML MONOI,https://cosmeticstoredz.com/produit/oe-gel-douche-plaisir-250ml-monoi/,250ML,,NO_MATCH,0,,,,No stock row matches enough brand/product/variant detail
SHEA-COS-F0E3DC721808,OE GEL DOUCHE PLAISIR,OE,"250ML ,VANILLE",OE GEL DOUCHE PLAISIR 250ML VANILLE,https://cosmeticstoredz.com/produit/oe-gel-douche-plaisir-250ml-vanille/,250ML,,NO_MATCH,0,,,,No stock row matches enough brand/product/variant detail
SHEA-COS-D6927DA5DE3B,OE GEL POUR TOILETTE INTIME,OE,"200ML, VOILE DOUCEUR",OE GEL POUR TOILETTE INTIME 200ML VOILE DOUCEUR,https://cosmeticstoredz.com/produit/oe-gel-pour-toilette-intime-200ml-voile-douceur/,200ML,,NO_MATCH,0,,,,No stock row matches enough brand/product/variant detail
SHEA-COS-37B7510FCA20,OE SOIN INTIME,OE,"150ML, ODEUR PROTECT",OE SOIN INTIME 150ML ODEUR PROTECT,https://cosmeticstoredz.com/produit/oe-soin-intime-150ml-odeur-protect/,150ML,,NO_MATCH,0,,,,No stock row matches enough brand/product/variant detail
SHEA-COS-6E2F47C1993B,OE SOIN INTIME,OE,"150ML ,VOILE DOUCEUR",OE SOIN INTIME 150ML VOILE DOUCEUR,https://cosmeticstoredz.com/produit/oe-soin-intime-150ml-voile-douceur/,150ML,,NO_MATCH,0,,,,No stock row matches enough brand/product/variant detail
SHEA-COS-6D0AF4AAECB1,OE SOIN TOILETTE INTIME,OE,"150ML, HAMAMELIS",OE SOIN TOILETTE INTIME 150ML HAMAMELIS,https://cosmeticstoredz.com/produit/oe-soin-toilette-intime-150ml-hamamelis/,150ML,,NO_MATCH,0,,,,No stock row matches enough brand/product/variant detail
SHEA-COS-D375212A9238,OE SOIN TOILETTE INTIME,OE,"200ML ,HAMAMELIS ,PEAUX NORMALES",OE SOIN TOILETTE INTIME 200ML HAMAMELIS PEAUX NORMALES,https://cosmeticstoredz.com/produit/oe-soin-toilette-intime-200ml-hamamelis-peaux-normales/,200ML,,NO_MATCH,0,,,,No stock row matches enough brand/product/variant detail
SHEA-COS-A2B89633C040,OLYMIEL HAIR CONDITIONER FAMILY CARE,OLYMIEL,300ML,OLYMIEL HAIR CONDITIONER FAMILY CARE 300ML,https://cosmeticstoredz.com/produit/olymiel-hair-conditioner-family-care-300ml/,300ML,,NO_MATCH,0,,,,No stock row matches enough brand/product/variant detail
SHEA-COS-DD398342EC82,OLYMIEL HAIR SERUM FAMILY STYLE,OLYMIEL,100ML,OLYMIEL HAIR SERUM FAMILY STYLE 100ML,https://cosmeticstoredz.com/produit/olymiel-hair-serum-family-style-100ml/,100ML,,NO_MATCH,0,,,,No stock row matches enough brand/product/variant detail
SHEA-COS-BBECC5E6D50A,OLYMIEL HAIR SHAMPOO FAMILY CARE,OLYMIEL,300ML,OLYMIEL HAIR SHAMPOO FAMILY CARE 300ML,https://cosmeticstoredz.com/produit/olymiel-hair-shampoo-family-care-300ml/,300ML,,NO_MATCH,0,,,,No stock row matches enough brand/product/variant detail
SHEA-COS-D7F6B6BFCBE6,ORYAGE A/SHP,ORYAGE,"230ML ,AVOCADO OIL",ORYAGE A/SHP 230ML AVOCADO OIL,https://cosmeticstoredz.com/produit/oryage-a-shp-230ml-avocado-oil/,230ML,,NO_MATCH,0,,,,No stock row matches enough brand/product/variant detail
SHEA-COS-CBB2F8532382,ORYAGE A/SHP,ORYAGE,"230ML ,REGULATOR KERATINE",ORYAGE A/SHP 230ML REGULATOR KERATINE,https://cosmeticstoredz.com/produit/oryage-a-shp-230ml-regulator-keratine/,230ML,,NO_MATCH,0,,,,No stock row matches enough brand/product/variant detail
SHEA-COS-BDEF852444F1,ORYAGE A/SHP,ORYAGE,PROTEIN AIL BOOSTER,ORYAGE A/SHP PROTEIN AIL BOOSTER,https://cosmeticstoredz.com/produit/oryage-a-shp-protein-ail-booster/,,,NO_MATCH,0,,,,No stock row matches enough brand/product/variant detail
SHEA-COS-66635F6A96EA,ORYAGE A/SHP,ORYAGE,"CHVX, COLORES",ORYAGE A/SHP CHVX COLORES,https://cosmeticstoredz.com/produit/oryage-a-shp-chvx-colores/,,,NO_MATCH,0,,,,No stock row matches enough brand/product/variant detail
SHEA-COS-3AA9E9979FAC,ORYAGE A/SHP,ORYAGE,"CHVX ,SECS",ORYAGE A/SHP CHVX SECS,https://cosmeticstoredz.com/produit/oryage-a-shp-chvx-secs/,,,NO_MATCH,0,,,,No stock row matches enough brand/product/variant detail
SHEA-COS-FA718A291E46,ORYAGE MASQUE,ORYAGE,A LA KERATINE,ORYAGE MASQUE A LA KERATINE,https://cosmeticstoredz.com/produit/oryage-masque-a-la-keratine/,,,NO_MATCH,0,,,,No stock row matches enough brand/product/variant detail
SHEA-COS-ED236EF5AB3B,ORYAGE MASQUE,ORYAGE,CHVX AVOCADO OIL,ORYAGE MASQUE CHVX AVOCADO OIL,https://cosmeticstoredz.com/produit/oryage-masque-chvx-avocado-oil/,,,NO_MATCH,0,,,,No stock row matches enough brand/product/variant detail
SHEA-COS-E3FDA8255FDA,ORYAGE PROTEIN HAIR SERUM,ORYAGE,"COCONUT OIL ,BOOSTER",ORYAGE PROTEIN HAIR SERUM COCONUT OIL BOOSTER,https://cosmeticstoredz.com/produit/oryage-protein-hair-serum-coconut-oil-booster/,,,NO_MATCH,0,,,,No stock row matches enough brand/product/variant detail
SHEA-COS-BC503E429EDA,ORYAGE SERUM,ORYAGE,"CHVX ABIME ,HUILE DE MACADAMIA",ORYAGE SERUM CHVX ABIME HUILE DE MACADAMIA,https://cosmeticstoredz.com/produit/oryage-serum-chvx-abime-huile-de-macadamia/,,,NO_MATCH,0,,,,No stock row matches enough brand/product/variant detail
SHEA-COS-957EB48577EA,ORYAGE SERUM,ORYAGE,"CHVX SECS ,HUILE D ARGAN",ORYAGE SERUM CHVX SECS HUILE D ARGAN,https://cosmeticstoredz.com/produit/oryage-serum-chvx-secs-huile-d-argan/,,,NO_MATCH,0,,,,No stock row matches enough brand/product/variant detail
SHEA-COS-3423C86D7814,ORYAGE SHP,ORYAGE,"300ML, PROTEIN COCONUT ,OIL HONEY ,NORMAL HAIR",ORYAGE SHP 300ML PROTEIN COCONUT OIL HONEY NORMAL HAIR,https://cosmeticstoredz.com/produit/oryage-shp-300ml-protein-coconut-oil-honey-normal-hair/,300ML,,NO_MATCH,0,,,,No stock row matches enough brand/product/variant detail
SHEA-COS-A3971D0D496B,ORYAGE SHP,ORYAGE,"300ML ,REGULATOR KERATINE",ORYAGE SHP 300ML REGULATOR KERATINE,https://cosmeticstoredz.com/produit/oryage-shp-300ml-regulator-keratine/,300ML,,NO_MATCH,0,,,,No stock row matches enough brand/product/variant detail
SHEA-COS-39D12037AE94,ORYAGE SHP,ORYAGE,"PROTEIN AVOCADO ,BOOSTER",ORYAGE SHP PROTEIN AVOCADO BOOSTER,https://cosmeticstoredz.com/produit/oryage-shp-protein-avocado-booster/,,,NO_MATCH,0,,,,No stock row matches enough brand/product/variant detail
SHEA-COS-6C88210B8E56,ORYAGE SHP,ORYAGE,"300ML ,CHVX COLORES",ORYAGE SHP 300ML CHVX COLORES,https://cosmeticstoredz.com/produit/oryage-shp-300ml-chvx-colores/,300ML,,NO_MATCH,0,,,,No stock row matches enough brand/product/variant detail
SHEA-COS-B3FD2E728078,ORYAGE SHP,ORYAGE,"300ML ,CHVX SECS",ORYAGE SHP 300ML CHVX SECS,https://cosmeticstoredz.com/produit/oryage-shp-300ml-chvx-secs/,300ML,,NO_MATCH,0,,,,No stock row matches enough brand/product/variant detail
SHEA-COS-57DF1C943385,ORYAM CONDITIONNEUR PRO,ORYAM,"CROISSANCE SANS SULFATE ,300ML",ORYAM CONDITIONNEUR PRO CROISSANCE SANS SULFATE 300ML,https://cosmeticstoredz.com/produit/oryam-conditionneur-pro-croissance-sans-sulfate-300ml/,300ML,,NO_MATCH,0,,,,No stock row matches enough brand/product/variant detail
SHEA-COS-647912D66F0B,ORYAM CONDITIONNEUR PRO,ORYAM,"HYDRATATION SANS SULFATE ,300ML",ORYAM CONDITIONNEUR PRO HYDRATATION SANS SULFATE 300ML,https://cosmeticstoredz.com/produit/oryam-conditionneur-pro-hydratation-sans-sulfate-300ml/,300ML,,NO_MATCH,0,,,,No stock row matches enough brand/product/variant detail
SHEA-COS-6EA51AEB142D,ORYAM SHAMPOOING PRO,ORYAM,"CROISSANCE SANS SULFATE ,300ML",ORYAM SHAMPOOING PRO CROISSANCE SANS SULFATE 300ML,https://cosmeticstoredz.com/produit/oryam-shampooing-pro-croissance-sans-sulfate-300ml/,300ML,,NO_MATCH,0,,,,No stock row matches enough brand/product/variant detail
SHEA-COS-5FD855A35DE1,ORYAM SHAMPOOING PRO,ORYAM,"HYDRATATION SANS SULFATE, 300ML",ORYAM SHAMPOOING PRO HYDRATATION SANS SULFATE 300ML,https://cosmeticstoredz.com/produit/oryam-shampooing-pro-hydratation-sans-sulfate-300ml/,300ML,,NO_MATCH,0,,,,No stock row matches enough brand/product/variant detail
SHEA-COS-DD3695631E1D,OSTWINT A/SHP,OSTWINT,"600ML ,MIRACLE",OSTWINT A/SHP 600ML MIRACLE,https://cosmeticstoredz.com/produit/ostwint-a-shp-600ml-miracle/,600ML,,NO_MATCH,0,,,,No stock row matches enough brand/product/variant detail
SHEA-COS-68C8B603704B,OSTWINT OXYDANT,OSTWINT,"1000ML, V40",OSTWINT OXYDANT 1000ML V40,https://cosmeticstoredz.com/produit/ostwint-oxydant-1000ml-v40/,1000ML,,NO_MATCH,0,,,,No stock row matches enough brand/product/variant detail
SHEA-COS-0830C6DF6DB4,OSTWINT OXYDANT,OSTWINT,"100ML, V30",OSTWINT OXYDANT 100ML V30,https://cosmeticstoredz.com/produit/ostwint-oxydant-100ml-v30/,100ML,,NO_MATCH,0,,,,No stock row matches enough brand/product/variant detail
SHEA-COS-6F6A97823FA5,OSTWINT OXYDANT,OSTWINT,"100ML ,V40",OSTWINT OXYDANT 100ML V40,https://cosmeticstoredz.com/produit/ostwint-oxydant-100ml-v40/,100ML,,NO_MATCH,0,,,,No stock row matches enough brand/product/variant detail
SHEA-COS-1874A6F67913,OSTWINT POUDRE BLONDORE,OSTWINT,"GM ,500G",OSTWINT POUDRE BLONDORE GM 500G,https://cosmeticstoredz.com/produit/ostwint-poudre-blondore-gm-500g/,500G,,NO_MATCH,0,,,,No stock row matches enough brand/product/variant detail
SHEA-COS-0647D777D9FB,OSTWINT POUDRE BLONDORE,OSTWINT,"PM ,30GM",OSTWINT POUDRE BLONDORE PM 30GM,https://cosmeticstoredz.com/produit/ostwint-poudre-blondore-pm-30gm/,,,NO_MATCH,0,,,,No stock row matches enough brand/product/variant detail
SHEA-COS-73622406D8D7,OSTWINT SHP,OSTWINT,"600ML ,BLACK GARLIC",OSTWINT SHP 600ML BLACK GARLIC,https://cosmeticstoredz.com/produit/ostwint-shp-600ml-black-garlic/,600ML,,NO_MATCH,0,,,,No stock row matches enough brand/product/variant detail
SHEA-COS-B68A33B60E86,OSTWINT SHP,OSTWINT,"600ML ,CERAMIDE",OSTWINT SHP 600ML CERAMIDE,https://cosmeticstoredz.com/produit/ostwint-shp-600ml-ceramide/,600ML,,NO_MATCH,0,,,,No stock row matches enough brand/product/variant detail
SHEA-COS-5A446FD2B250,OSTWINT SHP,OSTWINT,"600ML ,COLLAGEN",OSTWINT SHP 600ML COLLAGEN,https://cosmeticstoredz.com/produit/ostwint-shp-600ml-collagen/,600ML,,NO_MATCH,0,,,,No stock row matches enough brand/product/variant detail
SHEA-COS-E5D78F717A1E,OSTWINT SHP,OSTWINT,"600ML ,HYALURONIG ACID",OSTWINT SHP 600ML HYALURONIG ACID,https://cosmeticstoredz.com/produit/ostwint-shp-600ml-hyaluronig-acid/,600ML,,NO_MATCH,0,,,,No stock row matches enough brand/product/variant detail
SHEA-COS-86295A56B6F1,OSTWINT SHP,OSTWINT,"600ML ,MAN",OSTWINT SHP 600ML MAN,https://cosmeticstoredz.com/produit/ostwint-shp-600ml-man/,600ML,,NO_MATCH,0,,,,No stock row matches enough brand/product/variant detail
SHEA-COS-BF6AFE6F9225,OSTWINT SHP,OSTWINT,"600ML, NUTRITIOUS MILK",OSTWINT SHP 600ML NUTRITIOUS MILK,https://cosmeticstoredz.com/produit/ostwint-shp-600ml-nutritious-milk/,600ML,,NO_MATCH,0,,,,No stock row matches enough brand/product/variant detail
SHEA-COS-A0D2CE921A13,PANOXYLE ACNE,PANOXYL,FOAMING WASH,PANOXYLE ACNE FOAMING WASH,https://cosmeticstoredz.com/produit/panoxyl-acne-foaming-wash/,,,NO_MATCH,0,,,,No stock row matches enough brand/product/variant detail
SHEA-COS-3E920F1348BD,PANOXYLE ACNE,PANOXYLE,CREAM WASH 4%,PANOXYLE ACNE CREAM WASH 4%,https://cosmeticstoredz.com/produit/panoxyle-acne-cream-wash-4/,,,NO_MATCH,0,,,,No stock row matches enough brand/product/variant detail
SHEA-COS-5E9419D77BB4,PEAU PARFAITE LAIT ECLAIRCESSANT,PEAU,Default,PEAU PARFAITE LAIT ECLAIRCESSANT,https://cosmeticstoredz.com/produit/peau-parfaite-lait-eclaircessant/,,,NO_MATCH,0,,,,No stock row matches enough brand/product/variant detail
SHEA-COS-307CE7E0064C,PEAU PARFAITE SOIN TOILETTE PEAUX SENSIBLE,PEAU,Default,PEAU PARFAITE SOIN TOILETTE PEAUX SENSIBLE,https://cosmeticstoredz.com/produit/peau-parfaite-soin-toilette-peaux-sensible/,,,NO_MATCH,0,,,,No stock row matches enough brand/product/variant detail
SHEA-COS-AB9D76C2EA49,PETROLE HAHN SHP,PETROLE,"250ML,ANTI DEMANGAISONS",PETROLE HAHN SHP 250ML ANTI DEMANGAISONS,https://cosmeticstoredz.com/produit/petrole-hahn-shp-250ml-anti-demangaisons/,250ML,,NO_MATCH,0,,,,No stock row matches enough brand/product/variant detail
SHEA-COS-9B6F118CEB3A,PETROLE HAHN SHP,PETROLE,"250ML, CHVX GRAS",PETROLE HAHN SHP 250ML CHVX GRAS,https://cosmeticstoredz.com/produit/petrole-hahn-shp-250ml-chvx-gras/,250ML,,NO_MATCH,0,,,,No stock row matches enough brand/product/variant detail
SHEA-COS-CB355FDACA57,PETROLE HAHN SHP,PETROLE,"250ML ,CLASSIQUE",PETROLE HAHN SHP 250ML CLASSIQUE,https://cosmeticstoredz.com/produit/petrole-hahn-shp-250ml-classique/,250ML,,NO_MATCH,0,,,,No stock row matches enough brand/product/variant detail
SHEA-COS-27FA25A7CAB0,PETROLE HAHN SHP,PETROLE,"250ML ,FORTIFIANT",PETROLE HAHN SHP 250ML FORTIFIANT,https://cosmeticstoredz.com/produit/petrole-hahn-shp-250ml-fortifiant/,250ML,,NO_MATCH,0,,,,No stock row matches enough brand/product/variant detail
SHEA-COS-C28C145CDF2C,PETROLE HAHN SHP,PETROLE,"250ML ,RESISTANCE",PETROLE HAHN SHP 250ML RESISTANCE,https://cosmeticstoredz.com/produit/petrole-hahn-shp-250ml-resistance/,250ML,,NO_MATCH,0,,,,No stock row matches enough brand/product/variant detail
SHEA-COS-20392CD40107,PETROLE HAHN SHP,PETROLE,"250ML, VITALITE",PETROLE HAHN SHP 250ML VITALITE,https://cosmeticstoredz.com/produit/petrole-hahn-shp-250ml-vitalite/,250ML,,NO_MATCH,0,,,,No stock row matches enough brand/product/variant detail
SHEA-COS-87A2ABE285A8,PHARMAMIL BUBBLE SHOWER,PHARMAMIL,"400ML, COTTON FLOWER",PHARMAMIL BUBBLE SHOWER 400ML COTTON FLOWER,https://cosmeticstoredz.com/produit/pharmamil-bubble-shower-400ml-cotton-flower/,400ML,,NO_MATCH,0,,,,No stock row matches enough brand/product/variant detail
SHEA-COS-03EB03B67811,PHARMAMIL BUBBLE SHOWER,PHARMAMIL,"400ML ,FLUFFY FLOWER",PHARMAMIL BUBBLE SHOWER 400ML FLUFFY FLOWER,https://cosmeticstoredz.com/produit/pharmamil-bubble-shower-400ml-fluffy-flower/,400ML,,NO_MATCH,0,,,,No stock row matches enough brand/product/variant detail
SHEA-COS-EC3F742C9B89,PHARMAMIL CANDY BODY GOMMAGE CORPS,PHARMAMIL,Default,PHARMAMIL CANDY BODY GOMMAGE CORPS,https://cosmeticstoredz.com/produit/pharmamil-candy-body-gommage-corps/,,,NO_MATCH,0,,,,No stock row matches enough brand/product/variant detail
SHEA-COS-445200245857,PHARMAMIL COUNTEUR DE YEUX,PHARMAMIL,16ML,PHARMAMIL COUNTEUR DE YEUX 16ML,https://cosmeticstoredz.com/produit/pharmamil-counteur-de-yeux-16ml/,16ML,,NO_MATCH,0,,,,No stock row matches enough brand/product/variant detail
SHEA-COS-5477B0D67C85,PHARMAMIL GOMMAGE MAGIQUE,PHARMAMIL,FLAMINGO,PHARMAMIL GOMMAGE MAGIQUE FLAMINGO,https://cosmeticstoredz.com/produit/pharmamil-gommage-magique-fiamingo/,,,NO_MATCH,0,,,,No stock row matches enough brand/product/variant detail
SHEA-COS-06B88FBF280B,PHARMAMIL GOMMAGE MAGIQUE,PHARMAMIL,FRUITY,PHARMAMIL GOMMAGE MAGIQUE FRUITY,https://cosmeticstoredz.com/produit/pharmamil-gommage-magique-fruity/,,,NO_MATCH,0,,,,No stock row matches enough brand/product/variant detail
SHEA-COS-C4D534F5B3B6,PHARMAMIL GOMMAGE MAGIQUE,PHARMAMIL,HAWAI,PHARMAMIL GOMMAGE MAGIQUE HAWAI,https://cosmeticstoredz.com/produit/pharmamil-gommage-magique-hawai/,,,NO_MATCH,0,,,,No stock row matches enough brand/product/variant detail
SHEA-COS-E4252C1F8570,PIOVE 3D MAX CARE ROUGE A LEVRE,PIOVE,"03 ,ORIENTAL PINK",PIOVE 3D MAX CARE ROUGE A LEVRE 03 ORIENTAL PINK,https://cosmeticstoredz.com/produit/piove-3d-max-care-rouge-a-levre-03-oriental-pink/,,,NO_MATCH,0,,,,No stock row matches enough brand/product/variant detail
SHEA-COS-1B8012E12AB0,PIOVE 3D MAX CARE ROUGE A LEVRE,PIOVE,"04 ,OPIUM PINK",PIOVE 3D MAX CARE ROUGE A LEVRE 04 OPIUM PINK,https://cosmeticstoredz.com/produit/piove-3d-max-care-rouge-a-levre-04-opium-pink/,,,NO_MATCH,0,,,,No stock row matches enough brand/product/variant detail
SHEA-COS-8A57FD5090FF,PIOVE 3D MAX CARE ROUGE A LEVRE,PIOVE,"05 ,HIPPIE PINK",PIOVE 3D MAX CARE ROUGE A LEVRE 05 HIPPIE PINK,https://cosmeticstoredz.com/produit/piove-3d-max-care-rouge-a-levre-05-hippie-pink/,,,NO_MATCH,0,,,,No stock row matches enough brand/product/variant detail
SHEA-COS-F7FB11EA7047,PIOVE 3D MAX CARE ROUGE A LEVRE,PIOVE,"06 ,DEEP BLUSH",PIOVE 3D MAX CARE ROUGE A LEVRE 06 DEEP BLUSH,https://cosmeticstoredz.com/produit/piove-3d-max-care-rouge-a-levre-06-deep-blush/,,,NO_MATCH,0,,,,No stock row matches enough brand/product/variant detail
SHEA-COS-34E9F761A9DC,PIOVE BASE MAGIC TOUCH,PIOVE,30ML,PIOVE BASE MAGIC TOUCH 30ML,https://cosmeticstoredz.com/produit/piove-base-magic-touch-30ml/,30ML,,NO_MATCH,0,,,,No stock row matches enough brand/product/variant detail
SHEA-COS-666428E8DBB2,PIOVE COMPACT POWDER PERFETTO PCP 05,PIOVE,Default,PIOVE COMPACT POWDER PERFETTO PCP 05,https://cosmeticstoredz.com/produit/piove-compact-powder-perfetto-pcp-05/,,,NO_MATCH,0,,,,No stock row matches enough brand/product/variant detail
SHEA-COS-5CDD2237339C,PIOVE LIQUIDE CONCEALER PERFECTO 07,PIOVE,Default,PIOVE LIQUIDE CONCEALER PERFECTO 07,https://cosmeticstoredz.com/produit/piove-liquide-concealer-perfecto-07/,,,NO_MATCH,0,,,,No stock row matches enough brand/product/variant detail
SHEA-COS-9C0966FADD04,PIOVE LOOSE POWDER LP03,PIOVE,Default,PIOVE LOOSE POWDER LP03,https://cosmeticstoredz.com/produit/piove-loose-powder-lp03/,,,NO_MATCH,0,,,,No stock row matches enough brand/product/variant detail
SHEA-COS-28890F3D8DC2,PIOVE NAIL POLISH REMOVER,PIOVE,"125ML ,ROSE PIVOINE",PIOVE NAIL POLISH REMOVER 125ML ROSE PIVOINE,https://cosmeticstoredz.com/produit/piove-nail-polish-remover-125ml-rose-pivoine/,125ML,,NO_MATCH,0,,,,No stock row matches enough brand/product/variant detail
SHEA-COS-00CC5D9B493B,PIOVE NAIL POLISH REMOVER,PIOVE,"70ML ,ROSE PIVOINE",PIOVE NAIL POLISH REMOVER 70ML ROSE PIVOINE,https://cosmeticstoredz.com/produit/piove-nail-polish-remover-70ml-rose-pivoine/,70ML,,NO_MATCH,0,,,,No stock row matches enough brand/product/variant detail
SHEA-COS-F3875698ED03,PIOVE NAIL POLISH REMOVER,PIOVE,"EXTRA SOFT ,125ML",PIOVE NAIL POLISH REMOVER EXTRA SOFT 125ML,https://cosmeticstoredz.com/produit/piove-nail-polish-remover-extra-soft-125ml/,125ML,,NO_MATCH,0,,,,No stock row matches enough brand/product/variant detail
SHEA-COS-8CB0C60F3F76,PIOVE POUDRE LIBRE,PIOVE,BANANA,PIOVE POUDRE LIBRE BANANA,https://cosmeticstoredz.com/produit/piove-poudre-libre-banana/,,,NO_MATCH,0,,,,No stock row matches enough brand/product/variant detail
SHEA-COS-613117A4D889,POLYCOS A/SHP,POLYCOS,SANS SULFATE,POLYCOS A/SHP SANS SULFATE,https://cosmeticstoredz.com/produit/polycos-a-shp-sans-sulfate/,,,NO_MATCH,0,,,,No stock row matches enough brand/product/variant detail
SHEA-COS-7CF0E2AF6004,POLYCOS ARGILE BLANC ECLAT,POLYCOS,Default,POLYCOS ARGILE BLANC ECLAT,https://cosmeticstoredz.com/produit/polycos-argile-blanc-eclat/,,,NO_MATCH,0,,,,No stock row matches enough brand/product/variant detail
SHEA-COS-650C5452B24D,POLYCOS BANDE DE CIRE FROIDE,POLYCOS,3EN 1 CHARBON JAMBES,POLYCOS BANDE DE CIRE FROIDE 3EN 1 CHARBON JAMBES,https://cosmeticstoredz.com/produit/polycos-bande-de-cire-froide-3en-1-charbon-jambes/,,,NO_MATCH,0,,,,No stock row matches enough brand/product/variant detail
SHEA-COS-A0C3A1BA757B,POLYCOS BANDE DE CIRE FROIDE,POLYCOS,CHARBON VISAGE,POLYCOS BANDE DE CIRE FROIDE CHARBON VISAGE,https://cosmeticstoredz.com/produit/polycos-bande-de-cire-froide-charbon-visage/,,,NO_MATCH,0,,,,No stock row matches enough brand/product/variant detail
SHEA-COS-0721DC563203,POLYCOS BANDE DE CIRE FROIDE,POLYCOS,CORPS,POLYCOS BANDE DE CIRE FROIDE CORPS,https://cosmeticstoredz.com/produit/polycos-bande-de-cire-froide-corps/,,,NO_MATCH,0,,,,No stock row matches enough brand/product/variant detail
SHEA-COS-3058F2AF6BF9,POLYCOS BANDE DE CIRE FROIDE,POLYCOS,"LAVANDE ,JAMBES",POLYCOS BANDE DE CIRE FROIDE LAVANDE JAMBES,https://cosmeticstoredz.com/produit/polycos-bande-de-cire-froide-lavande-jambes/,,,NO_MATCH,0,,,,No stock row matches enough brand/product/variant detail
SHEA-COS-302FB27FC30D,POLYCOS BANDE DE CIRE FROIDE,POLYCOS,"LAVANDE ,VISAGE",POLYCOS BANDE DE CIRE FROIDE LAVANDE VISAGE,https://cosmeticstoredz.com/produit/polycos-bande-de-cire-froide-lavande-visage/,,,NO_MATCH,0,,,,No stock row matches enough brand/product/variant detail
SHEA-COS-3659686F029A,POLYCOS BANDE DE CIRE VISAGE,POLYCOS,Default,POLYCOS BANDE DE CIRE VISAGE,https://cosmeticstoredz.com/produit/polycos-bande-de-cire-visage/,,,NO_MATCH,0,,,,No stock row matches enough brand/product/variant detail
SHEA-COS-F2615995B1A6,POLYCOS BRUME PARFUMEE,POLYCOS,"200ML ,PURE EUPHORIA",POLYCOS BRUME PARFUMEE 200ML PURE EUPHORIA,https://cosmeticstoredz.com/produit/polycos-brume-parfumee-200ml-pure-euphoria/,200ML,,NO_MATCH,0,,,,No stock row matches enough brand/product/variant detail
SHEA-COS-623AAE2B10F0,POLYCOS BRUME PARFUMEE,POLYCOS,"200ML ,PURE EVIDENTIA",POLYCOS BRUME PARFUMEE 200ML PURE EVIDENTIA,https://cosmeticstoredz.com/produit/polycos-brume-parfumee-200ml-pure-evidentia/,200ML,,NO_MATCH,0,,,,No stock row matches enough brand/product/variant detail
SHEA-COS-5E486F7E4760,POLYCOS BRUME PARFUMEE,POLYCOS,"200ML ,PURE SWEETNESS",POLYCOS BRUME PARFUMEE 200ML PURE SWEETNESS,https://cosmeticstoredz.com/produit/polycos-brume-parfumee-200ml-pure-sweetness/,200ML,,NO_MATCH,0,,,,No stock row matches enough brand/product/variant detail
SHEA-COS-89C84B3A8085,POLYCOS CARE PRO,POLYCOS,RENOVATEUR DE POINTE,POLYCOS CARE PRO RENOVATEUR DE POINTE,https://cosmeticstoredz.com/produit/polycos-care-pro-renovateur-de-pointe/,,,NO_MATCH,0,,,,No stock row matches enough brand/product/variant detail
SHEA-COS-893D099CE9FE,POLYCOS CARE PRO BAUME DOUCEUR,POLYCOS,250ML,POLYCOS CARE PRO BAUME DOUCEUR 250ML,https://cosmeticstoredz.com/produit/polycos-care-pro-baume-douceur-250ml/,250ML,,NO_MATCH,0,,,,No stock row matches enough brand/product/variant detail
SHEA-COS-5841454EC277,POLYCOS CARE PRO MASQUE DEMELANT,POLYCOS,250ML,POLYCOS CARE PRO MASQUE DEMELANT 250ML,https://cosmeticstoredz.com/produit/polycos-care-pro-masque-demelant-250ml/,250ML,,NO_MATCH,0,,,,No stock row matches enough brand/product/variant detail
SHEA-COS-BF373B0985D4,POLYCOS CARE PRO SHAMPOOING,POLYCOS,"HYDRATANT ,250ML",POLYCOS CARE PRO SHAMPOOING HYDRATANT 250ML,https://cosmeticstoredz.com/produit/polycos-care-pro-shampooing-hydratant-250ml/,250ML,,NO_MATCH,0,,,,No stock row matches enough brand/product/variant detail
SHEA-COS-CAAF3318C03C,POLYCOS CARE PRO SHAMPOOING,POLYCOS,"NUTRITIF ,250ML",POLYCOS CARE PRO SHAMPOOING NUTRITIF 250ML,https://cosmeticstoredz.com/produit/polycos-care-pro-shampooing-nutritif-250ml/,250ML,,NO_MATCH,0,,,,No stock row matches enough brand/product/variant detail
SHEA-COS-945285F512FF,POLYCOS CREME APRES SOLEIL VISAGE RAFRAICHISSANTE ANTI AGE,POLYCOS,50ML,POLYCOS CREME APRES SOLEIL VISAGE RAFRAICHISSANTE ANTI AGE 50ML,https://cosmeticstoredz.com/produit/polycos-creme-apres-soleil-visage-rafraichissante-anti-age-50ml/,50ML,,NO_MATCH,0,,,,No stock row matches enough brand/product/variant detail
SHEA-COS-2FA371A6A4F4,POLYCOS CREME MAINS,POLYCOS,"HYDRATANTE, PEAUX SECHES , HUILE D’ARGAN",POLYCOS CREME MAINS HYDRATANTE PEAUX SECHES A HUILE D’ARGAN,https://cosmeticstoredz.com/produit/polycos-creme-mains-hydratante-peaux-seches-a-huile-dargan/,,,NO_MATCH,0,,,,No stock row matches enough brand/product/variant detail
SHEA-COS-2656E3E52732,POLYCOS CREME MAINS,POLYCOS,"PEAUX SECHES , BEURRE DE KARITE",POLYCOS CREME MAINS PEAUX SECHES AU BEURRE DE KARITE,https://cosmeticstoredz.com/produit/polycos-creme-mains-peaux-seches-au-beurre-de-karite/,,,NO_MATCH,0,,,,No stock row matches enough brand/product/variant detail
SHEA-COS-F8AF76850D75,POLYCOS CREME PROTECTRICE,POLYCOS,+50SPF,POLYCOS CREME PROTECTRICE +50SPF,https://cosmeticstoredz.com/produit/polycos-creme-protectrice-50spf/,,,NO_MATCH,0,,,,No stock row matches enough brand/product/variant detail
SHEA-COS-6101A6D4729A,POLYCOS DENTIFRICE,POLYCOS,FIGHTING WHITE,POLYCOS DENTIFRICE FIGHTING WHITE,https://cosmeticstoredz.com/produit/polycos-dentifrice-fighting-white/,,,NO_MATCH,0,,,,No stock row matches enough brand/product/variant detail
SHEA-COS-6B466AC6374F,POLYCOS DENTIFRICE,POLYCOS,PROTECT WHITE,POLYCOS DENTIFRICE PROTECT WHITE,https://cosmeticstoredz.com/produit/polycos-dentifrice-protect-white/,,,NO_MATCH,0,,,,No stock row matches enough brand/product/variant detail
SHEA-COS-758E7E1F7D28,POLYCOS DEODORANT DEVINE ESSENCE,POLYCOS,EUPHARIA,POLYCOS DEODORANT DEVINE ESSENCE EUPHARIA,https://cosmeticstoredz.com/produit/polycos-deodorant-devine-essence-eupharia/,,,NO_MATCH,0,,,,No stock row matches enough brand/product/variant detail
SHEA-COS-A78B578DDB0B,POLYCOS DEODORANT DEVINE ESSENCE,POLYCOS,EVIDENTIA,POLYCOS DEODORANT DEVINE ESSENCE EVIDENTIA,https://cosmeticstoredz.com/produit/polycos-deodorant-devine-essence-evidentia/,,,NO_MATCH,0,,,,No stock row matches enough brand/product/variant detail
SHEA-COS-A42E5D8EDC12,POLYCOS DEODORANT DEVINE ESSENCE,POLYCOS,MY STIC,POLYCOS DEODORANT DEVINE ESSENCE MY STIC,https://cosmeticstoredz.com/produit/polycos-deodorant-devine-essence-my-stic/,,,NO_MATCH,0,,,,No stock row matches enough brand/product/variant detail
SHEA-COS-E843069A316A,POLYCOS DEODORANT DEVINE ESSENCE,POLYCOS,SWEETNESS,POLYCOS DEODORANT DEVINE ESSENCE SWEETNESS,https://cosmeticstoredz.com/produit/polycos-deodorant-devine-essence-sweetness/,,,NO_MATCH,0,,,,No stock row matches enough brand/product/variant detail
SHEA-COS-1447673D66F9,POLYCOS DISSOLVANT,POLYCOS,Default,POLYCOS DISSOLVANT,https://cosmeticstoredz.com/produit/polycos-dissolvant/,,,NO_MATCH,0,,,,No stock row matches enough brand/product/variant detail
SHEA-COS-A6FBCBE82E82,POLYCOS EAU DE COLOGNE,POLYCOS,"750ML ,FLEUR D ORANGER",POLYCOS EAU DE COLOGNE 750ML FLEUR D ORANGER,https://cosmeticstoredz.com/produit/polycos-eau-de-cologne-750ml-fleur-d-oranger/,750ML,,NO_MATCH,0,,,,No stock row matches enough brand/product/variant detail
SHEA-COS-9F0D19A019C0,POLYCOS EAU DE COLOGNE,POLYCOS,"750ML ,FRAICHEUR CITRON",POLYCOS EAU DE COLOGNE 750ML FRAICHEUR CITRON,https://cosmeticstoredz.com/produit/polycos-eau-de-cologne-750ml-fraicheur-citron/,750ML,,NO_MATCH,0,,,,No stock row matches enough brand/product/variant detail
SHEA-COS-D4933B83E8E8,POLYCOS EAU DE COLOGNE,POLYCOS,"750ML, LAVANDE",POLYCOS EAU DE COLOGNE 750ML LAVANDE,https://cosmeticstoredz.com/produit/polycos-eau-de-cologne-750ml-lavande/,750ML,,NO_MATCH,0,,,,No stock row matches enough brand/product/variant detail
SHEA-COS-FC2644347C16,POLYCOS EAU MICELLAIRE 3 EN 1,POLYCOS,ROSE DE DAMAS,POLYCOS EAU MICELLAIRE 3 EN 1 ROSE DE DAMAS,https://cosmeticstoredz.com/produit/polycos-eau-micellaire-3-en-1-rose-de-damas/,,,NO_MATCH,0,,,,No stock row matches enough brand/product/variant detail
SHEA-COS-9E1BABAC38F9,POLYCOS GEL GOMINA,POLYCOS,"250ML ,BRILLANCE",POLYCOS GEL GOMINA 250ML BRILLANCE,https://cosmeticstoredz.com/produit/polycos-gel-gomina-250ml-brillance/,250ML,,NO_MATCH,0,,,,No stock row matches enough brand/product/variant detail
SHEA-COS-C00E06C25F12,POLYCOS GEL LAVANT INTIME,POLYCOS,EXTRA DOUX,POLYCOS GEL LAVANT INTIME EXTRA DOUX,https://cosmeticstoredz.com/produit/polycos-gel-lavant-intime-extra-doux/,,,NO_MATCH,0,,,,No stock row matches enough brand/product/variant detail
SHEA-COS-7E567074C38B,POLYCOS GOMMAGE VISAGE,POLYCOS,A L’ARGILE BLANCHE,POLYCOS GOMMAGE VISAGE A L’ARGILE BLANCHE,https://cosmeticstoredz.com/produit/polycos-gommage-visage-a-largile-blanche/,,,NO_MATCH,0,,,,No stock row matches enough brand/product/variant detail
SHEA-COS-5A088D657ECC,POLYCOS GOMMAGE VISAGE,POLYCOS,"AGRUMES, 150ML",POLYCOS GOMMAGE VISAGE AGRUMES 150ML,https://cosmeticstoredz.com/produit/polycos-gommage-visage-agrumes-150ml/,150ML,,NO_MATCH,0,,,,No stock row matches enough brand/product/variant detail
SHEA-COS-4E273F921000,POLYCOS GOMMAGE VISAGE,POLYCOS,ALOE VERA,POLYCOS GOMMAGE VISAGE ALOE VERA,https://cosmeticstoredz.com/produit/polycos-gommage-visage-aloe-vera/,,,NO_MATCH,0,,,,No stock row matches enough brand/product/variant detail
SHEA-COS-69D5B4BC73BC,POLYCOS GOMMAGE VISAGE,POLYCOS,HUILE D’ARGAN,POLYCOS GOMMAGE VISAGE HUILE D’ARGAN,https://cosmeticstoredz.com/produit/polycos-gommage-visage-huile-dargan/,,,NO_MATCH,0,,,,No stock row matches enough brand/product/variant detail
SHEA-COS-8E396457A7AC,POLYCOS GOMMAGE VISAGE,POLYCOS,"VELOURS PECHE ,150ML",POLYCOS GOMMAGE VISAGE VELOURS PECHE 150ML,https://cosmeticstoredz.com/produit/polycos-gommage-visage-velours-peche-150ml/,150ML,,NO_MATCH,0,,,,No stock row matches enough brand/product/variant detail
SHEA-COS-728A46CDDE6A,POLYCOS HAIR CARE BAUME POUR CHEVEUX CARE REPAIR,POLYCOS,250ML,POLYCOS HAIR CARE BAUME POUR CHEVEUX CARE REPAIR 250ML,https://cosmeticstoredz.com/produit/polycos-hair-care-baume-pour-cheveux-care-repair-250ml/,250ML,,NO_MATCH,0,,,,No stock row matches enough brand/product/variant detail
SHEA-COS-02A29EA06C2F,POLYCOS HAIR CARE SHAMPOOING REPARATEUR CARE REPAIR,POLYCOS,250ML,POLYCOS HAIR CARE SHAMPOOING REPARATEUR CARE REPAIR 250ML,https://cosmeticstoredz.com/produit/polycos-hair-care-shampooing-reparateur-care-repair-250ml/,250ML,,NO_MATCH,0,,,,No stock row matches enough brand/product/variant detail
SHEA-COS-C7705C9BA56E,POLYCOS HUILE APRES EPILATION,POLYCOS,Default,POLYCOS HUILE APRES EPILATION,https://cosmeticstoredz.com/produit/polycos-huile-apres-epilation/,,,NO_MATCH,0,,,,No stock row matches enough brand/product/variant detail
SHEA-COS-AEB0101C234B,POLYCOS HUILE DE BEAUTE,POLYCOS,Default,POLYCOS HUILE DE BEAUTE,https://cosmeticstoredz.com/produit/polycos-huile-de-beaute/,,,NO_MATCH,0,,,,No stock row matches enough brand/product/variant detail
SHEA-COS-1789B66DA819,POLYCOS HUILE DE MASSAGE RELAX,POLYCOS,AU CITRON,POLYCOS HUILE DE MASSAGE RELAX AU CITRON,https://cosmeticstoredz.com/produit/polycos-huile-de-massage-relax-au-citron/,,,NO_MATCH,0,,,,No stock row matches enough brand/product/variant detail
SHEA-COS-1BE4AB25FA03,POLYCOS HUILE DE MASSAGE RELAX,POLYCOS,AU MONOI,POLYCOS HUILE DE MASSAGE RELAX AU MONOI,https://cosmeticstoredz.com/produit/polycos-huile-de-massage-relax-au-monoi/,,,NO_MATCH,0,,,,No stock row matches enough brand/product/variant detail
SHEA-COS-74D37AB0AE17,POLYCOS HYDRA CARE BAUME CHEVEUX HYDRATANT,POLYCOS,250ML,POLYCOS HYDRA CARE BAUME CHEVEUX HYDRATANT 250ML,https://cosmeticstoredz.com/produit/polycos-hydra-care-baume-cheveux-hydratant-250ml/,250ML,,NO_MATCH,0,,,,No stock row matches enough brand/product/variant detail
SHEA-COS-2BD9E4D98167,POLYCOS HYDRA CARE SHAMPOOING HYDRATANT,POLYCOS,250ML,POLYCOS HYDRA CARE SHAMPOOING HYDRATANT 250ML,https://cosmeticstoredz.com/produit/polycos-hydra-care-shampooing-hydratant-250ml/,250ML,,NO_MATCH,0,,,,No stock row matches enough brand/product/variant detail
SHEA-COS-C031F8DE5FC6,POLYCOS L HUILE DE MASSAGE,POLYCOS,Default,POLYCOS L HUILE DE MASSAGE,https://cosmeticstoredz.com/produit/polycos-l-huile-de-massage/,,,NO_MATCH,0,,,,No stock row matches enough brand/product/variant detail
SHEA-COS-B790E89F9E6C,POLYCOS LOTION PURIFIANTE AVANT EPILATION,POLYCOS,Default,POLYCOS LOTION PURIFIANTE AVANT EPILATION,https://cosmeticstoredz.com/produit/polycos-lotion-purifiante-avant-epilation/,,,NO_MATCH,0,,,,No stock row matches enough brand/product/variant detail
SHEA-COS-65CADD24C219,POLYCOS MASQUE VISAGE,POLYCOS,A L’ARGILE ROSE,POLYCOS MASQUE VISAGE A L’ARGILE ROSE,https://cosmeticstoredz.com/produit/polycos-masque-visage-a-largile-rose/,,,NO_MATCH,0,,,,No stock row matches enough brand/product/variant detail
SHEA-COS-6D869C4263BE,POLYCOS MASQUE VISAGE,POLYCOS,A L’HUILE D’ARGAN,POLYCOS MASQUE VISAGE A L’HUILE D’ARGAN,https://cosmeticstoredz.com/produit/polycos-masque-visage-a-lhuile-dargan/,,,NO_MATCH,0,,,,No stock row matches enough brand/product/variant detail
SHEA-COS-05B0A80181CF,POLYCOS MASQUE VISAGE,POLYCOS,A LA CAMOMILLE,POLYCOS MASQUE VISAGE A LA CAMOMILLE,https://cosmeticstoredz.com/produit/polycos-masque-visage-a-la-camomille/,,,NO_MATCH,0,,,,No stock row matches enough brand/product/variant detail
SHEA-COS-82DB11A4722A,POLYCOS MASQUE VISAGE,POLYCOS,AU CHARBON ACTIF,POLYCOS MASQUE VISAGE AU CHARBON ACTIF,https://cosmeticstoredz.com/produit/polycos-masque-visage-au-charbon-actif/,,,NO_MATCH,0,,,,No stock row matches enough brand/product/variant detail
SHEA-COS-9B965D2925ED,POLYCOS MASQUE VISAGE,POLYCOS,CONCOMBRE,POLYCOS MASQUE VISAGE CONCOMBRE,https://cosmeticstoredz.com/produit/polycos-masque-visage-concombre/,,,NO_MATCH,0,,,,No stock row matches enough brand/product/variant detail
SHEA-COS-38A80C1F6FD6,POLYCOS NUTRI CARE SHAMPOOING NOURRISANT,POLYCOS,250ML,POLYCOS NUTRI CARE SHAMPOOING NOURRISANT 250ML,https://cosmeticstoredz.com/produit/polycos-nutri-care-shampooing-nourrisant-250ml/,250ML,,NO_MATCH,0,,,,No stock row matches enough brand/product/variant detail
SHEA-COS-0BFF6D51CD76,POLYCOS SERUM BLONDTHAT NEUTRALISANT,POLYCOS,100ML,POLYCOS SERUM BLONDTHAT NEUTRALISANT 100ML,https://cosmeticstoredz.com/produit/polycos-serum-blondthat-neutralisant-100ml/,100ML,,NO_MATCH,0,,,,No stock row matches enough brand/product/variant detail
SHEA-COS-F6F1D2F174B6,POLYCOS SHP MY COLOR COLOR FIX,POLYCOS,Default,POLYCOS SHP MY COLOR COLOR FIX,https://cosmeticstoredz.com/produit/polycos-shp-my-color-color-fix/,,,NO_MATCH,0,,,,No stock row matches enough brand/product/variant detail
SHEA-COS-DB9FDF815BC5,POLYCOS SHP SANS SULFATE,POLYCOS,Default,POLYCOS SHP SANS SULFATE,https://cosmeticstoredz.com/produit/polycos-shp-sans-sulfate/,,,NO_MATCH,0,,,,No stock row matches enough brand/product/variant detail
SHEA-COS-745D491DC4A2,PRODERMA ACNE PRIV SAVON,PRODERMA,125GR,PRODERMA ACNE PRIV SAVON 125GR,https://cosmeticstoredz.com/produit/proderma-acne-priv-savon-125gr/,125G,,NO_MATCH,0,,,,No stock row matches enough brand/product/variant detail
SHEA-COS-D6D68A3EA83C,PRODERMA CREME,PRODERMA,"AU BEURRE DE KARITE ,200G",PRODERMA CREME AU BEURRE DE KARITE 200G,https://cosmeticstoredz.com/produit/proderma-creme-au-beurre-de-karite-200g/,200G,,NO_MATCH,0,,,,No stock row matches enough brand/product/variant detail
SHEA-COS-B61E2FCE755E,PRODERMA CREME,PRODERMA,"ECLAIRCISSANTE ,50ML",PRODERMA CREME ECLAIRCISSANTE 50ML,https://cosmeticstoredz.com/produit/proderma-creme-eclaircissante-50ml/,50ML,,NO_MATCH,0,,,,No stock row matches enough brand/product/variant detail
SHEA-COS-59EBBD922179,PRODERMA CREME,PRODERMA,"EMOLLIENTE ,150ML",PRODERMA CREME EMOLLIENTE 150ML,https://cosmeticstoredz.com/produit/proderma-creme-emolliente-150ml/,150ML,,NO_MATCH,0,,,,No stock row matches enough brand/product/variant detail
SHEA-COS-7622D1FBA480,PRODERMA CREME,PRODERMA,"EMOLLIENTE ,200ML",PRODERMA CREME EMOLLIENTE 200ML,https://cosmeticstoredz.com/produit/proderma-creme-emolliente-200ml/,200ML,,NO_MATCH,0,,,,No stock row matches enough brand/product/variant detail
SHEA-COS-B493136EE7AC,PRODERMA CREME,PRODERMA,"GLYCERINE ECLAIRCISSANTE ,350ML",PRODERMA CREME GLYCERINE ECLAIRCISSANTE 350ML,https://cosmeticstoredz.com/produit/proderma-creme-glycerine-eclaircissante-350ml/,350ML,,NO_MATCH,0,,,,No stock row matches enough brand/product/variant detail
SHEA-COS-AC1EF59001F6,PRODERMA CREME,PRODERMA,"GLYCERINE ECLAIRCISSANTE ,TRIPLE ACTION",PRODERMA CREME GLYCERINE ECLAIRCISSANTE TRIPLE ACTION,https://cosmeticstoredz.com/produit/proderma-creme-glycerine-eclaircissante-triple-action/,,,NO_MATCH,0,,,,No stock row matches enough brand/product/variant detail
SHEA-COS-075F73F2AD10,PRODERMA CREME,PRODERMA,"HYDRATATION INTENSE , L ACIDE HYALURONIQUE, 70G",PRODERMA CREME HYDRATATION INTENSE A L ACIDE HYALURONIQUE 70G,https://cosmeticstoredz.com/produit/proderma-creme-hydratation-intense-a-l-acide-hyaluronique-70g/,70G,,NO_MATCH,0,,,,No stock row matches enough brand/product/variant detail
SHEA-COS-B5B58E443EF0,PRODERMA CREME,PRODERMA,"PROTECT , CARE ,PROVITAMINE B5",PRODERMA CREME PROTECT AND CARE PROVITAMINE B5,https://cosmeticstoredz.com/produit/proderma-creme-protect-and-care-provitamine-b5/,,,NO_MATCH,0,,,,No stock row matches enough brand/product/variant detail
SHEA-COS-BE47D9918B56,PRODERMA GLYCERINE ECLAIRCISSANTE,PRODERMA,70G,PRODERMA GLYCERINE ECLAIRCISSANTE 70G,https://cosmeticstoredz.com/produit/proderma-glycerine-eclaircissante-70g/,70G,,NO_MATCH,0,,,,No stock row matches enough brand/product/variant detail
SHEA-COS-B950A282B466,PRODERMA GLYCERINE ECLAIRCISSANTE,PRODERMA,"CREME ,150ML",PRODERMA GLYCERINE ECLAIRCISSANTE CREME 150ML,https://cosmeticstoredz.com/produit/proderma-glycerine-eclaircissante-creme-150ml/,150ML,,NO_MATCH,0,,,,No stock row matches enough brand/product/variant detail
SHEA-COS-54CB0F271745,PRODERMA GLYCERINE ECLAIRCISSANTE,PRODERMA,CREME FORMULEE,PRODERMA GLYCERINE ECLAIRCISSANTE CREME FORMULEE,https://cosmeticstoredz.com/produit/proderma-glycerine-eclaircissante-creme-formulee/,,,NO_MATCH,0,,,,No stock row matches enough brand/product/variant detail
SHEA-COS-A8B69448BD8B,PRODERMA HUILE DE VASELINE,PRODERMA,100ML,PRODERMA HUILE DE VASELINE 100ML,https://cosmeticstoredz.com/produit/proderma-huile-de-vaseline-100ml/,100ML,,NO_MATCH,0,,,,No stock row matches enough brand/product/variant detail
SHEA-COS-99AE525A4BB1,PRODERMA HYDRA CONFORT FERMETE ET NUTRITION,PRODERMA,Q10,PRODERMA HYDRA CONFORT FERMETE ET NUTRITION Q10,https://cosmeticstoredz.com/produit/proderma-hydra-confort-fermete-et-nutrition-q10/,,,NO_MATCH,0,,,,No stock row matches enough brand/product/variant detail
SHEA-COS-E8C5821FA05C,PRODERMA INTIME SAVON,PRODERMA,100ML,PRODERMA INTIME SAVON 100ML,https://cosmeticstoredz.com/produit/proderma-intime-savon-100ml/,100ML,,NO_MATCH,0,,,,No stock row matches enough brand/product/variant detail
SHEA-COS-8D752ED12FBA,PRODERMA LIBRADO BRUME,PRODERMA,"250ML ,GENUINE",PRODERMA LIBRADO BRUME 250ML GENUINE,https://cosmeticstoredz.com/produit/proderma-librado-brume-250ml-genuine/,250ML,,NO_MATCH,0,,,,No stock row matches enough brand/product/variant detail
SHEA-COS-70815939F042,PRODERMA LIBRADO BRUME,PRODERMA,"250ML ,GOLDEN VELVET",PRODERMA LIBRADO BRUME 250ML GOLDEN VELVET,https://cosmeticstoredz.com/produit/proderma-librado-brume-250ml-golden-velvet/,250ML,,NO_MATCH,0,,,,No stock row matches enough brand/product/variant detail
SHEA-COS-1AF3BF3FBBD8,PRODERMA LIBRADO BRUME,PRODERMA,"250ML ,SEDITION",PRODERMA LIBRADO BRUME 250ML SEDITION,https://cosmeticstoredz.com/produit/proderma-librado-brume-250ml-sedition/,250ML,,NO_MATCH,0,,,,No stock row matches enough brand/product/variant detail
SHEA-COS-4D2B120CD6A3,PRODERMA LIBRADO BRUME,PRODERMA,"250ML ,SINCERITY",PRODERMA LIBRADO BRUME 250ML SINCERITY,https://cosmeticstoredz.com/produit/proderma-librado-brume-250ml-sincerity/,250ML,,NO_MATCH,0,,,,No stock row matches enough brand/product/variant detail
SHEA-COS-1B1E7AA21C7B,PRODERMA LIBRADO BRUME,PRODERMA,"250ML ,SMOUTH",PRODERMA LIBRADO BRUME 250ML SMOUTH,https://cosmeticstoredz.com/produit/proderma-librado-brume-250ml-smouth/,250ML,,NO_MATCH,0,,,,No stock row matches enough brand/product/variant detail
SHEA-COS-88DBA0E0180C,PRODERMA LIBRADO SAVON,PRODERMA,"125G ,A L’EXTRAIT DE PLANTE",PRODERMA LIBRADO SAVON 125G A L’EXTRAIT DE PLANTE,https://cosmeticstoredz.com/produit/proderma-librado-savon-125g-a-lextrait-de-plante/,125G,,NO_MATCH,0,,,,No stock row matches enough brand/product/variant detail
SHEA-COS-540106A9B7E1,PRODERMA LIBRADO SAVON,PRODERMA,"125G ,CHOCOLAT",PRODERMA LIBRADO SAVON 125G CHOCOLAT,https://cosmeticstoredz.com/produit/proderma-librado-savon-125g-chocolat/,125G,,NO_MATCH,0,,,,No stock row matches enough brand/product/variant detail
SHEA-COS-BA6702CD077D,PRODERMA LIBRADO SAVON,PRODERMA,"125G ,CITRON",PRODERMA LIBRADO SAVON 125G CITRON,https://cosmeticstoredz.com/produit/proderma-librado-savon-125g-citron/,125G,,NO_MATCH,0,,,,No stock row matches enough brand/product/variant detail
SHEA-COS-81267BB75102,PRODERMA LIBRADO SAVON,PRODERMA,"125G ,EXFOLIENT CAFE",PRODERMA LIBRADO SAVON 125G EXFOLIENT CAFE,https://cosmeticstoredz.com/produit/proderma-librado-savon-125g-exfolient-cafe/,125G,,NO_MATCH,0,,,,No stock row matches enough brand/product/variant detail
SHEA-COS-797D649711B1,PRODERMA LIBRADO SAVON,PRODERMA,"125G ,ORANGE",PRODERMA LIBRADO SAVON 125G ORANGE,https://cosmeticstoredz.com/produit/proderma-librado-savon-125g-orange/,125G,,NO_MATCH,0,,,,No stock row matches enough brand/product/variant detail
SHEA-COS-A35947638218,PRODERMA LIBRADO SHP,PRODERMA,"A/SHP, 300ML, 2EN1, MENTH",PRODERMA LIBRADO SHP ET A/SHP 300ML 2EN1 MENTH,https://cosmeticstoredz.com/produit/proderma-librado-shp-et-a-shp-300ml-2en1-menth/,300ML,,NO_MATCH,0,,,,No stock row matches enough brand/product/variant detail
SHEA-COS-8E4B0F564DF2,PRODERMA SAVON,PRODERMA,"100GM ,GLYCERINE ,ECLAIRCISSANT",PRODERMA SAVON 100GM GLYCERINE ECLAIRCISSANT,https://cosmeticstoredz.com/produit/proderma-savon-100gm-glycerine-eclaircissant/,,,NO_MATCH,0,,,,No stock row matches enough brand/product/variant detail
SHEA-COS-2DA0D22344ED,PRODERMA SAVON,PRODERMA,MARSEILLE,PRODERMA SAVON MARSEILLE,https://cosmeticstoredz.com/produit/proderma-savon-marseille/,,,NO_MATCH,0,,,,No stock row matches enough brand/product/variant detail
SHEA-COS-D34DD4CECD49,PRODERMA SERUM,PRODERMA,"30ML ,COLLAGENE MARIN",PRODERMA SERUM 30ML COLLAGENE MARIN,https://cosmeticstoredz.com/produit/proderma-serum-30ml-collagene-marin/,30ML,,NO_MATCH,0,,,,No stock row matches enough brand/product/variant detail
SHEA-COS-0F21A2507490,PRODERMA SERUM,PRODERMA,"30ML ,RETINOL",PRODERMA SERUM 30ML RETINOL,https://cosmeticstoredz.com/produit/proderma-serum-30ml-retinol/,30ML,,NO_MATCH,0,,,,No stock row matches enough brand/product/variant detail
SHEA-COS-320161402BE3,PRODERMA TONIX HAIR SOLUTION ANTI CHUTE,PRODERMA,60ML,PRODERMA TONIX HAIR SOLUTION ANTI CHUTE 60ML,https://cosmeticstoredz.com/produit/proderma-tonix-hair-solution-anti-chute-60ml/,60ML,,NO_MATCH,0,,,,No stock row matches enough brand/product/variant detail
SHEA-COS-BA3D607A589F,PROTELISSE VASELINE CREME MAIN,PROTELISSE,150GR,PROTELISSE VASELINE CREME MAIN 150GR,https://cosmeticstoredz.com/produit/protelisse-vaseline-creme-main-150gr/,150G,,NO_MATCH,0,,,,No stock row matches enough brand/product/variant detail
SHEA-COS-BCE38DA6BA0A,PROTELLISSE ASHAMPOING SANS SULFATE,PROTELLISSE,"400 ,VITAMINE E",PROTELLISSE ASHAMPOING SANS SULFATE 400 VITAMINE E,https://cosmeticstoredz.com/produit/protellisse-ashampoing-sans-sulfate-400-vitamine-e/,,,NO_MATCH,0,,,,No stock row matches enough brand/product/variant detail
SHEA-COS-00D5B9B9F0B6,PROTELLISSE ASHAMPOING SANS SULFATE,PROTELLISSE,"400 ,ITAMINEB5",PROTELLISSE ASHAMPOING SANS SULFATE 400 VITAMINEB5,https://cosmeticstoredz.com/produit/protellisse-ashampoing-sans-sulfate-400-vitamineb5/,,,NO_MATCH,0,,,,No stock row matches enough brand/product/variant detail
SHEA-COS-BCE12A55D9BF,PROTELLISSE ASHAMPOING SANS SULFATE,PROTELLISSE,"400ML ,AIL",PROTELLISSE ASHAMPOING SANS SULFATE 400ML AIL,https://cosmeticstoredz.com/produit/protellisse-ashampoing-sans-sulfate-400m-ail/,400ML,,NO_MATCH,0,,,,No stock row matches enough brand/product/variant detail
SHEA-COS-F9204A2EEAEA,PROTELLISSE ASHAMPOING SANS SULFATE,PROTELLISSE,"400ML ,ARGAN",PROTELLISSE ASHAMPOING SANS SULFATE 400ML ARGAN,https://cosmeticstoredz.com/produit/protellisse-ashampoing-sans-sulfate-400m-argan/,400ML,,NO_MATCH,0,,,,No stock row matches enough brand/product/variant detail
SHEA-COS-AAC5775DCB1B,PROTELLISSE ASHAMPOING SANS SULFATE,PROTELLISSE,"400ML, CITRON",PROTELLISSE ASHAMPOING SANS SULFATE 400ML CITRON,https://cosmeticstoredz.com/produit/protellisse-ashampoing-sans-sulfate-400m-citron/,400ML,,NO_MATCH,0,,,,No stock row matches enough brand/product/variant detail
SHEA-COS-3FC5536ABB63,PROTELLISSE SHAMPOING SANS SULFATE,PROTELLISSE,"400ML ,CITRON",PROTELLISSE SHAMPOING SANS SULFATE 400ML CITRON,https://cosmeticstoredz.com/produit/protellisse-shampoing-sans-sulfate-400ml-citron/,400ML,,NO_MATCH,0,,,,No stock row matches enough brand/product/variant detail
SHEA-COS-3CF7FCAF32B4,PROTELLISSE SHAMPOING SANS SULFATE,PROTELLISSE,"400ML, ALOE VERA",PROTELLISSE SHAMPOING SANS SULFATE 400ML ALOE VERA,https://cosmeticstoredz.com/produit/protellisse-shampoing-sans-sulfate-400-aloe-vera/,400ML,,NO_MATCH,0,,,,No stock row matches enough brand/product/variant detail
SHEA-COS-6C0ECD275DF6,PROTELLISSE SHAMPOING SANS SULFATE,PROTELLISSE,"400ML, ARGAN",PROTELLISSE SHAMPOING SANS SULFATE 400ML ARGAN,https://cosmeticstoredz.com/produit/protellisse-shampoing-sans-sulfate-400ml-argan/,400ML,,NO_MATCH,0,,,,No stock row matches enough brand/product/variant detail
SHEA-COS-10BB095DF090,PROTELLISSE SHAMPOING SANS SULFATE,PROTELLISSE,"400ML, VITAMINE E",PROTELLISSE SHAMPOING SANS SULFATE 400ML VITAMINE E,https://cosmeticstoredz.com/produit/protellisse-shampoing-sans-sulfate-400m-vitamine-e/,400ML,,NO_MATCH,0,,,,No stock row matches enough brand/product/variant detail
SHEA-COS-BE91894D54DB,PROTELLISSE SHAMPOING SANS SULFATE,PROTELLISSE,"400ML ,VITAMINE B5",PROTELLISSE SHAMPOING SANS SULFATE 400ML VITAMINE B5,https://cosmeticstoredz.com/produit/protellisse-shampoing-sans-sulfate-400-vitamine-b5/,400ML,,NO_MATCH,0,,,,No stock row matches enough brand/product/variant detail
SHEA-COS-A13FA10EBE71,REACTION DEO LOVE SPELL,REACTION,Default,REACTION DEO LOVE SPELL,https://cosmeticstoredz.com/produit/reaction-deo-love-spell/,,,NO_MATCH,0,,,,No stock row matches enough brand/product/variant detail
SHEA-COS-7E0B633C8D4A,REACTION DEO REMANTIC,REACTION,Default,REACTION DEO REMANTIC,https://cosmeticstoredz.com/produit/reaction-deo-remantic/,,,NO_MATCH,0,,,,No stock row matches enough brand/product/variant detail
SHEA-COS-3A0E76F21B80,REACTION DEO SHEER LOVE,REACTION,Default,REACTION DEO SHEER LOVE,https://cosmeticstoredz.com/produit/reaction-deo-sheer-love/,,,NO_MATCH,0,,,,No stock row matches enough brand/product/variant detail
SHEA-COS-5713F30DF2FE,REEDLE SHOT 100 CICA X HYALON N06840,REEDLE,Default,REEDLE SHOT 100 CICA X HYALON N06840,https://cosmeticstoredz.com/produit/reedle-shot-100-cica-x-hyalon-n06840-serum/,,,NO_MATCH,0,,,,No stock row matches enough brand/product/variant detail
SHEA-COS-71C43B810598,REVOLUTION PALETTE,REVOLUTION,FLAWLESS MATTE 2,REVOLUTION PALETTE FLAWLESS MATTE 2,https://cosmeticstoredz.com/produit/revolution-palette-flawless-matte-2/,,,NO_MATCH,0,,,,No stock row matches enough brand/product/variant detail
SHEA-COS-1E892F725D91,REVOLUTION PALETTE,REVOLUTION,"FORTUNE FAVOURS, THE BRAVE",REVOLUTION PALETTE FORTUNE FAVOURS THE BRAVE,https://cosmeticstoredz.com/produit/revolution-palette-fortune-favours-the-brave/,,,NO_MATCH,0,,,,No stock row matches enough brand/product/variant detail
SHEA-COS-B24453DCE8B1,REVOLUTION PALETTE,REVOLUTION,"ULTIMATE LIGHT ,SHADOW PALETTE",REVOLUTION PALETTE ULTIMATE LIGHT SHADOW PALETTE,https://cosmeticstoredz.com/produit/revolution-palette-ultimate-light-shadow-palette/,,,NO_MATCH,0,,,,No stock row matches enough brand/product/variant detail
SHEA-COS-34D722F9B828,REXONA DEODORANT,REXONA,"200ML ,INVISIBLE ANTIMANCHAS",REXONA DEODORANT 200ML INVISIBLE ANTIMANCHAS,https://cosmeticstoredz.com/produit/rexona-deo-200ml-invisible-antimanchas/,200ML,,NO_MATCH,0,,,,No stock row matches enough brand/product/variant detail
SHEA-COS-720A6302E79F,REXONA DEODORANT,REXONA,"200ML ,INVISIBLE PURE",REXONA DEODORANT 200ML INVISIBLE PURE,https://cosmeticstoredz.com/produit/rexona-deodorant-200ml-invisible-pure/,200ML,,NO_MATCH,0,,,,No stock row matches enough brand/product/variant detail
SHEA-COS-85D2CBB7AE64,REXONA DEODORANT,REXONA,"200ML ,TROPICAL",REXONA DEODORANT 200ML TROPICAL,https://cosmeticstoredz.com/produit/rexona-deodorant-200ml-tropical/,200ML,,NO_MATCH,0,,,,No stock row matches enough brand/product/variant detail
SHEA-COS-CA3CC647C1E2,REXONA DEODORANT,REXONA,"200ML, ALOE VERA",REXONA DEODORANT 200ML ALOE VERA,https://cosmeticstoredz.com/produit/rexona-deodorant-200ml-aloe-vera/,200ML,,NO_MATCH,0,,,,No stock row matches enough brand/product/variant detail
SHEA-COS-ACF02DDE9954,REXONA DEODORANT,REXONA,"200ML, BIORYTHM",REXONA DEODORANT 200ML BIORYTHM,https://cosmeticstoredz.com/produit/rexona-deodorant-200ml-biorythm/,200ML,,NO_MATCH,0,,,,No stock row matches enough brand/product/variant detail
SHEA-COS-5CCED10BF306,REXONA DEODORANT,REXONA,"200ML ,COTTON DRY",REXONA DEODORANT 200ML COTTON DRY,https://cosmeticstoredz.com/produit/rexona-deodorant-200ml-cotton-dry/,200ML,,NO_MATCH,0,,,,No stock row matches enough brand/product/variant detail
SHEA-COS-897800DC5E64,REXONA DEODORANT,REXONA,"200ML ,INVISIBLE AQUA",REXONA DEODORANT 200ML INVISIBLE AQUA,https://cosmeticstoredz.com/produit/rexona-deodorant-200ml-invisible-aqua/,200ML,,NO_MATCH,0,,,,No stock row matches enough brand/product/variant detail
SHEA-COS-19FE78591125,REXONA DEODORANT,REXONA,"200ML ,PINK BLUSH",REXONA DEODORANT 200ML PINK BLUSH,https://cosmeticstoredz.com/produit/rexona-deodorant-200ml-pink-blush/,200ML,,NO_MATCH,0,,,,No stock row matches enough brand/product/variant detail
SHEA-COS-64419722C0C4,REXONA DEODORANT,REXONA,"200ML ,SEXY BOUQUET",REXONA DEODORANT 200ML SEXY BOUQUET,https://cosmeticstoredz.com/produit/rexona-deodorant-200ml-sexy-bouquet/,200ML,,NO_MATCH,0,,,,No stock row matches enough brand/product/variant detail
SHEA-COS-4B0B9C7ED2E0,REXONA DEODORANT,REXONA,"200ML, SHOWER FRESH",REXONA DEODORANT 200ML SHOWER FRESH,https://cosmeticstoredz.com/produit/rexona-deodorant-200ml-shower-fresh/,200ML,,NO_MATCH,0,,,,No stock row matches enough brand/product/variant detail
SHEA-COS-98C1E50A173E,REXONA DEODORANT,REXONA,"200ML ,STRESS CONTROL",REXONA DEODORANT 200ML STRESS CONTROL,https://cosmeticstoredz.com/produit/rexona-deodorant-200ml-stress-control/,200ML,,NO_MATCH,0,,,,No stock row matches enough brand/product/variant detail
SHEA-COS-1BE79E9890E3,REXONA MAXIMUM PROTECTION CREAM,REXONA,"CLEAN ,SCENT",REXONA MAXIMUM PROTECTION CREAM CLEAN SCENT,https://cosmeticstoredz.com/produit/rexona-maximum-protection-cream-clean-scent/,,,NO_MATCH,0,,,,No stock row matches enough brand/product/variant detail
SHEA-COS-E24637A330FC,REXONA MAXIMUM PROTECTION CREAM,REXONA,STRESS CONTROL,REXONA MAXIMUM PROTECTION CREAM STRESS CONTROL,https://cosmeticstoredz.com/produit/rexona-maximum-protection-cream-stress-control/,,,NO_MATCH,0,,,,No stock row matches enough brand/product/variant detail
SHEA-COS-513704BA5053,REXONA STICK SAVON,REXONA,BAMBO,REXONA STICK SAVON BAMBO,https://cosmeticstoredz.com/produit/rexona-stick-savon-bambo/,,,NO_MATCH,0,,,,No stock row matches enough brand/product/variant detail
SHEA-COS-A0665387BF37,REXONA STICK SAVON,REXONA,WORKOUT HI IMPACT,REXONA STICK SAVON WORKOUT HI IMPACT,https://cosmeticstoredz.com/produit/rexona-stick-savon-workout-hi-impact/,,,NO_MATCH,0,,,,No stock row matches enough brand/product/variant detail
SHEA-COS-66324F524AF5,REXONA STICK SAVON,REXONA,COTTON DRY,REXONA STICK SAVON COTTON DRY,https://cosmeticstoredz.com/produit/rexona-stick-savon-cotton-dry/,,,NO_MATCH,0,,,,No stock row matches enough brand/product/variant detail
SHEA-COS-0CF0A438DA9B,ROSAGYN MOUSSE LAVANTE INTIME DE BISSANE LAB,ROSAGYN,Default,ROSAGYN MOUSSE LAVANTE INTIME DE BISSANE LAB,https://cosmeticstoredz.com/produit/rosagyn-mousse-lavante-intime-de-bissane-lab/,,,NO_MATCH,0,,,,No stock row matches enough brand/product/variant detail
SHEA-COS-F28685609501,SABIONA ANTI TRANSPIRANT BIO,SABIONA,80G CHEWING GUM,SABIONA ANTI TRANSPIRANT BIO 80G CHEWING GUM,https://cosmeticstoredz.com/produit/sabiona-anti-transpirant-bio-80g-chewing-gum/,80G,,NO_MATCH,0,,,,No stock row matches enough brand/product/variant detail
SHEA-COS-7AA7F949CB0A,SABIONA ANTI TRANSPIRANT BIO,SABIONA,80G LAVANDE,SABIONA ANTI TRANSPIRANT BIO 80G LAVANDE,https://cosmeticstoredz.com/produit/sabiona-anti-transpirant-bio-80g-lavande/,80G,,NO_MATCH,0,,,,No stock row matches enough brand/product/variant detail
SHEA-COS-A1AF527FDC92,SABIONA ANTI TRANSPIRANT BIO,SABIONA,80GSABIONA JASMIN,SABIONA ANTI TRANSPIRANT BIO 80GSABIONA JASMIN,https://cosmeticstoredz.com/produit/sabiona-anti-transpirant-bio-80gsabiona-jasmin/,,,NO_MATCH,0,,,,No stock row matches enough brand/product/variant detail
SHEA-COS-5BC6ACDE1680,SABIONA APRES SHAMPOOING,SABIONA,250ML,SABIONA APRES SHAMPOOING 250ML,https://cosmeticstoredz.com/produit/szasabiona-apres-shampooing-250ml/,250ML,,NO_MATCH,0,,,,No stock row matches enough brand/product/variant detail
SHEA-COS-9C50A35B99C4,SABIONA BAUME A LEVRE NATUREL,SABIONA,Default,SABIONA BAUME A LEVRE NATUREL,https://cosmeticstoredz.com/produit/sabiona-baume-a-levre-naturel/,,,NO_MATCH,0,,,,No stock row matches enough brand/product/variant detail
SHEA-COS-D97A3C61BE02,SABIONA CREME,SABIONA,"HYDRATANTE BIO ,50G",SABIONA CREME HYDRATANTE BIO 50G,https://cosmeticstoredz.com/produit/sabiona-creme-hydratante-bio-50g/,50G,,NO_MATCH,0,,,,No stock row matches enough brand/product/variant detail
SHEA-COS-5122D0D6318E,SABIONA CREME,SABIONA,"NATUREL,ANTI CERNE",SABIONA CREME NATUREL ANTI CERNE,https://cosmeticstoredz.com/produit/sabiona-creme-naturel-anti-cerne/,,,NO_MATCH,0,,,,No stock row matches enough brand/product/variant detail
SHEA-COS-4C47DE5652FD,SABIONA CREME,SABIONA,NATUREL DE JOUR,SABIONA CREME NATUREL DE JOUR,https://cosmeticstoredz.com/produit/sabiona-creme-naturel-de-jour/,,,NO_MATCH,0,,,,No stock row matches enough brand/product/variant detail
SHEA-COS-8240D24A6054,SABIONA CREME,SABIONA,"NILA BLEU ,80G",SABIONA CREME NILA BLEU 80G,https://cosmeticstoredz.com/produit/sabiona-creme-nila-bleu-80g/,80G,,NO_MATCH,0,,,,No stock row matches enough brand/product/variant detail
SHEA-COS-6981782A034C,SABIONA CREME,SABIONA,"POUR L’ECZEMA ,40G",SABIONA CREME POUR L’ECZEMA 40G,https://cosmeticstoredz.com/produit/sabiona-creme-pour-leczema-40g/,40G,,NO_MATCH,0,,,,No stock row matches enough brand/product/variant detail
SHEA-COS-E8CF7E25F669,SABIONA HUILE,SABIONA,ANTI CHUTE,SABIONA HUILE ANTI CHUTE,https://cosmeticstoredz.com/produit/sabiona-huile-anti-chute/,,,NO_MATCH,0,,,,No stock row matches enough brand/product/variant detail
SHEA-COS-1D61756487C9,SABIONA HUILE,SABIONA,LA REGLISSE ARG SOUS,SABIONA HUILE LA REGLISSE ARG SOUS,https://cosmeticstoredz.com/produit/sabiona-huile-la-reglisse-arg-sous/,,,NO_MATCH,0,,,,No stock row matches enough brand/product/variant detail
SHEA-COS-86D67AA924B9,SABIONA HUILE,SABIONA,"ROMARIN ,50ML",SABIONA HUILE ROMARIN 50ML,https://cosmeticstoredz.com/produit/sabiona-huile-romarin-50ml/,50ML,,NO_MATCH,0,,,,No stock row matches enough brand/product/variant detail
SHEA-COS-0527A379EC5E,SABIONA SAVON AU LAIT DE CHEVRE TOUS TYPES DE PEAUX,SABIONA,80G,SABIONA SAVON AU LAIT DE CHEVRE TOUS TYPES DE PEAUX 80G,https://cosmeticstoredz.com/produit/sabiona-lait-de-chevre/,80G,,NO_MATCH,0,,,,No stock row matches enough brand/product/variant detail
SHEA-COS-A4F638F45473,SABIONA SHAMPOOING,SABIONA,"250ML ,A LA MENTHE HYDRATE ,LES CHEVEUX CREPUS , STOPPE LA CHUTE , ELIMINE LA PEL",SABIONA SHAMPOOING 250ML A LA MENTHE HYDRATE LES CHEVEUX CREPUS ET STOPPE LA CHUTE ET ELIMINE LA PEL,https://cosmeticstoredz.com/produit/sabiona-shampooing-250ml-a-la-menthe-hydrate-les-cheveux-crepus-et-stoppe-la-chute-et-elimine-la-pel/,250ML,,NO_MATCH,0,,,,No stock row matches enough brand/product/variant detail
SHEA-COS-FAC0E9E44E82,SABIONA SHAMPOOING,SABIONA,"250ML, TRAITE LES CHAMPIGNONS, PELLICULES PSORIASIS , L’ECZEMA",SABIONA SHAMPOOING 250ML TRAITE LES CHAMPIGNONS PELLICULES PSORIASIS ET L’ECZEMA,https://cosmeticstoredz.com/produit/sabiona-shampooing-250ml/,250ML,,NO_MATCH,0,,,,No stock row matches enough brand/product/variant detail
SHEA-COS-38141F18C72A,SABIONA VITAMINE E,SABIONA,Default,SABIONA VITAMINE E,https://cosmeticstoredz.com/produit/sabiona-vitamine-e/,,,NO_MATCH,0,,,,No stock row matches enough brand/product/variant detail
SHEA-COS-622841180CF5,SANEX DEODORANT,SANEX,"250ML ,DERMO SENSITIVE",SANEX DEODORANT 250ML DERMO SENSITIVE,https://cosmeticstoredz.com/produit/sanex-deodorant-250ml-dermo-sensitive/,250ML,,NO_MATCH,0,,,,No stock row matches enough brand/product/variant detail
SHEA-COS-A9959AF9C42C,SAVON LIQUIDE VISAGE LISAS A L’ARGILE VERTE,SAVON,Default,SAVON LIQUIDE VISAGE LISAS A L’ARGILE VERTE,https://cosmeticstoredz.com/produit/savon-liquide-visage-lisas-a-largile-verte/,,,NO_MATCH,0,,,,No stock row matches enough brand/product/variant detail
SHEA-COS-B22554902C8C,SHEGLAM BASE PORE NO MORE PRIMER,SHEGLAM,Default,SHEGLAM BASE PORE NO MORE PRIMER,https://cosmeticstoredz.com/produit/sheglam-base-pore-no-more-primer/,,,NO_MATCH,0,,,,No stock row matches enough brand/product/variant detail
SHEA-COS-E5CFA1809549,SHEGLAM PALETTE D’OMBRE A PAUPIERES MASTER PIECES,SHEGLAM,Default,SHEGLAM PALETTE D’OMBRE A PAUPIERES MASTER PIECES,https://cosmeticstoredz.com/produit/sheglam-palette-dombre-a-paupieres-master-pieces/,,,NO_MATCH,0,,,,No stock row matches enough brand/product/variant detail
SHEA-COS-ED55531BB02E,SHEGLAM PINCEAU ET MAQUILLAGE POUR SOURCILS LATTE,SHEGLAM,Default,SHEGLAM PINCEAU ET MAQUILLAGE POUR SOURCILS LATTE,https://cosmeticstoredz.com/produit/sheglam-pinceau-et-maquillage-pour-sourcils-latte/,,,NO_MATCH,0,,,,No stock row matches enough brand/product/variant detail
SHEA-COS-BCF7FD3EBED8,SHEGLAM STICK A LEVRE REPULPANT POUT PERFECT SHINE WALK ON THE BEACH,SHEGLAM,Default,SHEGLAM STICK A LEVRE REPULPANT POUT PERFECT SHINE WALK ON THE BEACH,https://cosmeticstoredz.com/produit/sheglam-stick-a-levre-repulpant-pout-perfect-shine-walk-on-the-beach/,,,NO_MATCH,0,,,,No stock row matches enough brand/product/variant detail
SHEA-COS-E6B65F2876FA,SIGNAL DENTIFRICE,SIGNAL,"75ML ,SYSTEME BLANCHEUR REVITALIS",SIGNAL DENTIFRICE 75ML SYSTEME BLANCHEUR REVITALIS,https://cosmeticstoredz.com/produit/signal-dentifrice-75ml-systeme-blancheur-revitalis/,75ML,,NO_MATCH,0,,,,No stock row matches enough brand/product/variant detail
SHEA-COS-B93C93E896EB,SIGNAL DENTIFRICE,SIGNAL,"25ML, ANTI CARIES POMME",SIGNAL DENTIFRICE 25ML ANTI CARIES POMME,https://cosmeticstoredz.com/produit/signal-dentifrice-25ml-anti-caries-pomme/,25ML,,NO_MATCH,0,,,,No stock row matches enough brand/product/variant detail
SHEA-COS-D38531BC76B9,SIGNAL DENTIFRICE,SIGNAL,"50ML, ANTI CARIES CLASSIQUE",SIGNAL DENTIFRICE 50ML ANTI CARIES CLASSIQUE,https://cosmeticstoredz.com/produit/signal-dentifrice-50ml-anti-caries-classique/,50ML,,NO_MATCH,0,,,,No stock row matches enough brand/product/variant detail
SHEA-COS-AB2C7DD4A16A,SIGNAL DENTIFRICE,SIGNAL,"50ML, ANTI CARIES MISWAK",SIGNAL DENTIFRICE 50ML ANTI CARIES MISWAK,https://cosmeticstoredz.com/produit/signal-dentifrice-50ml-anti-caries-miswak/,50ML,,NO_MATCH,0,,,,No stock row matches enough brand/product/variant detail
SHEA-COS-3F1474E97469,SIGNAL DENTIFRICE,SIGNAL,"50ML ,ANTICARIES POMME",SIGNAL DENTIFRICE 50ML ANTICARIES POMME,https://cosmeticstoredz.com/produit/signal-dentifrice-50ml-anticaries-pomme/,50ML,,NO_MATCH,0,,,,No stock row matches enough brand/product/variant detail
SHEA-COS-18F290BE89AE,SIGNAL DENTIFRICE,SIGNAL,"75ML, INTEGRAL CHARBON",SIGNAL DENTIFRICE 75ML INTEGRAL CHARBON,https://cosmeticstoredz.com/produit/signal-dentifrice-75ml-integral-charbon/,75ML,,NO_MATCH,0,,,,No stock row matches enough brand/product/variant detail
SHEA-COS-EE07A0D29739,SIGNAL DENTIFRICE,SIGNAL,"75ML ,INTEGRAL COCO",SIGNAL DENTIFRICE 75ML INTEGRAL COCO,https://cosmeticstoredz.com/produit/signal-dentifrice-75ml-integral-coco/,75ML,,NO_MATCH,0,,,,No stock row matches enough brand/product/variant detail
SHEA-COS-96EEC53D4653,SIGNAL DENTIFRICE,SIGNAL,"75ML ,INTEGRAL GIROFLE",SIGNAL DENTIFRICE 75ML INTEGRAL GIROFLE,https://cosmeticstoredz.com/produit/signal-dentifrice-75ml-integral-girofle/,75ML,,NO_MATCH,0,,,,No stock row matches enough brand/product/variant detail
SHEA-COS-5FD3E250BA3F,SIGNAL DENTIFRICE,SIGNAL,"75ML ,ANTI CARIES CLASSIQUE",SIGNAL DENTIFRICE 75ML ANTI CARIES CLASSIQUE,https://cosmeticstoredz.com/produit/signal-dentifrice-75ml-anti-caries-classique/,75ML,,NO_MATCH,0,,,,No stock row matches enough brand/product/variant detail
SHEA-COS-54988EACA3C5,SIGNAL DENTIFRICE,SIGNAL,"75ML ,SYSTEME BLANCHEUR",SIGNAL DENTIFRICE 75ML SYSTEME BLANCHEUR,https://cosmeticstoredz.com/produit/signal-dentifrice-75ml-systeme-blancheur/,75ML,,NO_MATCH,0,,,,No stock row matches enough brand/product/variant detail
SHEA-COS-925688E9E833,SIGNAL DENTIFRICE,SIGNAL,"75ML, SYSTEME BLANCHEUR PURE",SIGNAL DENTIFRICE 75ML SYSTEME BLANCHEUR PURE,https://cosmeticstoredz.com/produit/signal-dentifrice-75ml-systeme-blancheur-pure/,75ML,,NO_MATCH,0,,,,No stock row matches enough brand/product/variant detail
SHEA-COS-A9613516B749,SIGNAL INTEGRAL 8 HERBAL,SIGNAL,SOIN GENCIVES,SIGNAL INTEGRAL 8 HERBAL SOIN GENCIVES,https://cosmeticstoredz.com/produit/signal-integral-8-herbal-soin-gencives/,,,NO_MATCH,0,,,,No stock row matches enough brand/product/variant detail
SHEA-COS-9FB4A80644B0,SNONAS CREME HYDRATANTE,SNONA,"200ML, ORANGE",SNONAS CREME HYDRATANTE 200ML ORANGE,https://cosmeticstoredz.com/produit/snona-creme-hydratante-200ml-orange/,200ML,,NO_MATCH,0,,,,No stock row matches enough brand/product/variant detail
SHEA-COS-8B4FDDEBFCAD,SNONAS CREME HYDRATANTE,SNONAS,"200ML ,AMANDE, VITAMINE E",SNONAS CREME HYDRATANTE 200ML AMANDE VITAMINE E,https://cosmeticstoredz.com/produit/snona-creme-hydratante-200ml-amande-vitamine-e/,200ML,,NO_MATCH,0,,,,No stock row matches enough brand/product/variant detail
SHEA-COS-4BB2C8DCCE4B,SNONAS CREME HYDRATANTE,SNONAS,"200ML, AGRUMES",SNONAS CREME HYDRATANTE 200ML AGRUMES,https://cosmeticstoredz.com/produit/snonas-creme-hydratante-200ml-agrumes/,200ML,,NO_MATCH,0,,,,No stock row matches enough brand/product/variant detail
SHEA-COS-88BD389B45C4,SNONAS CREME HYDRATANTE,SNONAS,"200ML ,PROTEGE ET SOIGNE LA PEAU",SNONAS CREME HYDRATANTE 200ML PROTEGE ET SOIGNE LA PEAU,https://cosmeticstoredz.com/produit/snonas-creme-hydratante-200ml-protege-et-soigne-la-peau/,200ML,,NO_MATCH,0,,,,No stock row matches enough brand/product/variant detail
SHEA-COS-E01B7F5AF652,SNONAS CREME HYDRATANTE,SNONAS,"200ML ,ALOE VERA",SNONAS CREME HYDRATANTE 200ML ALOE VERA,https://cosmeticstoredz.com/produit/snona-creme-hydratante-200ml-aloe-vera/,200ML,,NO_MATCH,0,,,,No stock row matches enough brand/product/variant detail
SHEA-COS-5079060B44F8,SNONAS CREME HYDRATANTE,SNONAS,"200ML, BANANE",SNONAS CREME HYDRATANTE 200ML BANANE,https://cosmeticstoredz.com/produit/snona-creme-hydratante-200ml-banane/,200ML,,NO_MATCH,0,,,,No stock row matches enough brand/product/variant detail
SHEA-COS-EFB6973288F6,SNONAS HAIR LAQUE,SNONAS,"150ML ,EXTRA FORTE",SNONAS HAIR LAQUE 150ML EXTRA FORTE,https://cosmeticstoredz.com/produit/snonas-hair-laque-150ml-extra-forte/,150ML,,NO_MATCH,0,,,,No stock row matches enough brand/product/variant detail
SHEA-COS-32EC233E3C9C,SOIN LISAS EXPERT PROTECTION,SOIN,Default,SOIN LISAS EXPERT PROTECTION,https://cosmeticstoredz.com/produit/soin-lisas-expert-protection/,,,NO_MATCH,0,,,,No stock row matches enough brand/product/variant detail
SHEA-COS-F73F35640DA2,SOLEIL DES ILES GRAISSE DE BRONSAGE,SOLEIL,COCO,SOLEIL DES ILES GRAISSE DE BRONSAGE COCO,https://cosmeticstoredz.com/produit/soleil-des-iles-graisse-de-bronsage-coco/,,,NO_MATCH,0,,,,No stock row matches enough brand/product/variant detail
SHEA-COS-81A1D723F44F,SOLEIL DES ILES HUILE DE BRONSAGE,SOLEIL,Default,SOLEIL DES ILES HUILE DE BRONSAGE,https://cosmeticstoredz.com/produit/soleil-des-iles-huile-de-bronsage/,,,NO_MATCH,0,,,,No stock row matches enough brand/product/variant detail
SHEA-COS-E533437A30EF,SOLEIL DES ILES HUILE DE BRONSAGE,SOLEIL,COCO,SOLEIL DES ILES HUILE DE BRONSAGE COCO,https://cosmeticstoredz.com/produit/soleil-des-iles-huile-de-bronsage-coco/,,,NO_MATCH,0,,,,No stock row matches enough brand/product/variant detail
SHEA-COS-3AC0AF578A24,SOLEIL DES ILES HUILE DE BRONSAGE,SOLEIL,MONOI DE TAHITI,SOLEIL DES ILES HUILE DE BRONSAGE MONOI DE TAHITI,https://cosmeticstoredz.com/produit/soleil-des-iles-huile-de-bronsage-monoi-de-tahiti/,,,NO_MATCH,0,,,,No stock row matches enough brand/product/variant detail
SHEA-COS-10B31BFEF496,SOLEIL DES ILES TUBE GRAISSE A TRAIRE,SOLEIL,COCO,SOLEIL DES ILES TUBE GRAISSE A TRAIRE COCO,https://cosmeticstoredz.com/produit/soleil-des-iles-tube-graisse-a-traire-coco/,,,NO_MATCH,0,,,,No stock row matches enough brand/product/variant detail
SHEA-COS-FE7D146DD5DF,SOLEIL DES ILES TUBE GRAISSE A TRAIRE,SOLEIL,"REA , MONOI DE TAHITI",SOLEIL DES ILES TUBE GRAISSE A TRAIRE REA ET MONOI DE TAHITI,https://cosmeticstoredz.com/produit/soleil-des-iles-tube-graisse-a-traire-rea-et-monoi-de-tahiti/,,,NO_MATCH,0,,,,No stock row matches enough brand/product/variant detail
SHEA-COS-932ECB7239F6,SPLENDID BLEU EXOTIQUE FEMME DEO,SPLENDID,Default,SPLENDID BLEU EXOTIQUE FEMME DEO,https://cosmeticstoredz.com/produit/splendid-bleu-exotique-femme-deo/,,,NO_MATCH,0,,,,No stock row matches enough brand/product/variant detail
SHEA-COS-ED3150C90725,SPLENDID BODY SPLASH,SPLENDID,EXOTIQUE,SPLENDID BODY SPLASH EXOTIQUE,https://cosmeticstoredz.com/produit/splendid-body-splash-exotique/,,,NO_MATCH,0,,,,No stock row matches enough brand/product/variant detail
SHEA-COS-52560A1E40D6,SPLENDID BODY SPLASH,SPLENDID,LOVLY,SPLENDID BODY SPLASH LOVLY,https://cosmeticstoredz.com/produit/splendid-body-splash-lovly/,,,NO_MATCH,0,,,,No stock row matches enough brand/product/variant detail
SHEA-COS-62D137EB0AD7,SPLENDID BODY SPLASH,SPLENDID,NATURE,SPLENDID BODY SPLASH NATURE,https://cosmeticstoredz.com/produit/splendid-body-splash-nature/,,,NO_MATCH,0,,,,No stock row matches enough brand/product/variant detail
SHEA-COS-555DF658E085,SPLENDID SERUM CHVX,SPLENDID,COLORES & MECHES,SPLENDID SERUM CHVX COLORES & MECHES,https://cosmeticstoredz.com/produit/splendid-serum-chvx-colores-meches/,,,NO_MATCH,0,,,,No stock row matches enough brand/product/variant detail
SHEA-COS-0F0780E34DA3,SPLENDID SERUM CHVX,SPLENDID,FOURCHUS,SPLENDID SERUM CHVX FOURCHUS,https://cosmeticstoredz.com/produit/splendid-serum-chvx-fourchus/,,,NO_MATCH,0,,,,No stock row matches enough brand/product/variant detail
SHEA-COS-0F6A832081D2,SPLENDID SERUM CHVX,SPLENDID,GRAS,SPLENDID SERUM CHVX GRAS,https://cosmeticstoredz.com/produit/splendid-serum-chvx-gras/,,,NO_MATCH,0,,,,No stock row matches enough brand/product/variant detail
SHEA-COS-1A6F3E69F665,SUDOCREM CREME,SUDOCREM,Default,SUDOCREM CREME,https://cosmeticstoredz.com/produit/sudocrem-creme/,,,NO_MATCH,0,,,,No stock row matches enough brand/product/variant detail
SHEA-COS-55266A8311F3,SUNSILK A/SHP,SUNSILK,"180ML ,ANTI CHUTE",SUNSILK A/SHP 180ML ANTI CHUTE,https://cosmeticstoredz.com/produit/sunsilk-a-shp-180ml-anti-chute/,180ML,,REVIEW_NO_SIZE,1,6192000752769 | CSV line 36499 | SHP SUNSILK ANTI CHUTE PM | score 90 | name 1.00 variant 1.00,,,Catalog or stock designation lacks a matching size; physical pack required
SHEA-COS-827D9C130CD4,SUNSILK A/SHP,SUNSILK,"180ML ,CHVX NOIR",SUNSILK A/SHP 180ML CHVX NOIR,https://cosmeticstoredz.com/produit/sunsilk-a-shp-180ml-chvx-noir/,180ML,,NO_MATCH,0,,,,No stock row matches enough brand/product/variant detail
SHEA-COS-6405E8061495,SUNSILK A/SHP,SUNSILK,"180ML ,FORCE ET BRILLANCE",SUNSILK A/SHP 180ML FORCE ET BRILLANCE,https://cosmeticstoredz.com/produit/sunsilk-a-shp-180ml-force-et-brillance/,180ML,,NO_MATCH,0,,,,No stock row matches enough brand/product/variant detail
SHEA-COS-2CBAC84F25AC,SUNSILK A/SHP,SUNSILK,"180ML, HYDRATANT",SUNSILK A/SHP 180ML HYDRATANT,https://cosmeticstoredz.com/produit/sunsilk-a-shp-180ml-hydratant/,180ML,,NO_MATCH,0,,,,No stock row matches enough brand/product/variant detail
SHEA-COS-06AA77CA7AE5,SUNSILK A/SHP,SUNSILK,"180ML, NOURRISSANT",SUNSILK A/SHP 180ML NOURRISSANT,https://cosmeticstoredz.com/produit/sunsilk-a-shp-180ml-nourrissant/,180ML,,NO_MATCH,0,,,,No stock row matches enough brand/product/variant detail
SHEA-COS-D95C469DB583,SUNSILK A/SHP,SUNSILK,"180ML ,REPARATION INSTANTANEE",SUNSILK A/SHP 180ML REPARATION INSTANTANEE,https://cosmeticstoredz.com/produit/sunsilk-a-shp-180ml-reparation-instantanee/,180ML,,NO_MATCH,0,,,,No stock row matches enough brand/product/variant detail
SHEA-COS-45ED4143E243,SUNSILK SHAMPOOING,SUNSILK,"180ML ,BRILLANCE EBLUISSANTE",SUNSILK SHAMPOOING 180ML BRILLANCE EBLUISSANTE,https://cosmeticstoredz.com/produit/sunsilk-shp-180ml-brillance-ebluissante/,180ML,,NO_MATCH,0,,,,No stock row matches enough brand/product/variant detail
SHEA-COS-8AC1CEE1A1DF,SUNSILK SHAMPOOING,SUNSILK,"180ML, FORCE , BRILLANCE",SUNSILK SHAMPOOING 180ML FORCE ET BRILLANCE,https://cosmeticstoredz.com/produit/sunsilk-shp-180ml-force-et-brillance/,180ML,,NO_MATCH,0,,,,No stock row matches enough brand/product/variant detail
SHEA-COS-2CCB071866AA,SUNSILK SHAMPOOING,SUNSILK,"180ML ,NOIX DE COCO",SUNSILK SHAMPOOING 180ML NOIX DE COCO,https://cosmeticstoredz.com/produit/sunsilk-shp-180ml-noix-de-coco/,180ML,,NO_MATCH,0,,,,No stock row matches enough brand/product/variant detail
SHEA-COS-8F0C947E30F1,SUNSILK SHAMPOOING,SUNSILK,"180ML ,REPARATON INSTANTANEE",SUNSILK SHAMPOOING 180ML REPARATON INSTANTANEE,https://cosmeticstoredz.com/produit/sunsilk-shp-180ml-reparaton-instantanee/,180ML,,NO_MATCH,0,,,,No stock row matches enough brand/product/variant detail
SHEA-COS-E7A737437F92,SUNSILK SHAMPOOING,SUNSILK,"180ML, ANTI CHUTE",SUNSILK SHAMPOOING 180ML ANTI CHUTE,https://cosmeticstoredz.com/produit/sunsilk-shp-180ml-anti-chute/,180ML,,NO_MATCH,0,,,,No stock row matches enough brand/product/variant detail
SHEA-COS-FA4E0EAF4572,SUNSILK SHAMPOOING,SUNSILK,"180ML, LISSES ET SOYEUX",SUNSILK SHAMPOOING 180ML LISSES ET SOYEUX,https://cosmeticstoredz.com/produit/sunsilk-shp-180ml-lisses-et-soyeux/,180ML,,NO_MATCH,0,,,,No stock row matches enough brand/product/variant detail
SHEA-COS-7AA4FF5464C2,SUNSILK SHAMPOOING,SUNSILK,"180ML ,NOURRISSANT",SUNSILK SHAMPOOING 180ML NOURRISSANT,https://cosmeticstoredz.com/produit/sunsilk-shp-180ml-nourrissant/,180ML,,NO_MATCH,0,,,,No stock row matches enough brand/product/variant detail
SHEA-COS-1E9C05C1752A,SUNSILK SHAMPOOING,SUNSILK,"350ML ,ANTI PELLICULAIRE",SUNSILK SHAMPOOING 350ML ANTI PELLICULAIRE,https://cosmeticstoredz.com/produit/sunsilk-shp-350ml-anti-pelliculaire/,350ML,,REVIEW_NO_SIZE,1,6192000752950 | CSV line 36186 | SH SUNSILK ANTI PELLICULAIRE | score 73 | name 0.75 variant 1.00,,,Catalog or stock designation lacks a matching size; physical pack required
SHEA-COS-FBE571DB14F7,SUNSILK SHAMPOOING,SUNSILK,"350ML, BEURRE DE KARITE",SUNSILK SHAMPOOING 350ML BEURRE DE KARITE,https://cosmeticstoredz.com/produit/sunsilk-shp-350ml-beurre-de-karite/,350ML,,NO_MATCH,0,,,,No stock row matches enough brand/product/variant detail
SHEA-COS-633709795EE2,SUNSILK SHAMPOOING,SUNSILK,"350ML, CHEVEUX NOIR",SUNSILK SHAMPOOING 350ML CHEVEUX NOIR,https://cosmeticstoredz.com/produit/sunsilk-shp-350ml-chvx-noir/,350ML,,NO_MATCH,0,,,,No stock row matches enough brand/product/variant detail
SHEA-COS-933847D7211C,SUNSILK SHAMPOOING,SUNSILK,"350ML,NOIX DE COCO",SUNSILK SHAMPOOING 350ML NOIX DE COCO,https://cosmeticstoredz.com/produit/sunsilk-shp-350ml-noix-de-coco/,350ML,,NO_MATCH,0,,,,No stock row matches enough brand/product/variant detail
SHEA-COS-3D07A57C4C1D,SUNSILK SHAMPOOING,SUNSILK,"350ML, REPARATION INTENSE",SUNSILK SHAMPOOING 350ML REPARATION INTENSE,https://cosmeticstoredz.com/produit/sunsilk-shp-350ml-reparation-intense/,350ML,,NO_MATCH,0,,,,No stock row matches enough brand/product/variant detail
SHEA-COS-BD80A706AD4B,SUNSILK SHP,SUNSILK,"180ML ,BEURRE DE KARITE",SUNSILK SHP 180ML BEURRE DE KARITE,https://cosmeticstoredz.com/produit/sunsilk-shp-180ml-beurre-de-karite/,180ML,,NO_MATCH,0,,,,No stock row matches enough brand/product/variant detail
SHEA-COS-985CF4CA461E,SUNSILK SHP,SUNSILK,"180ML ,LISS , JOYEUX",SUNSILK SHP 180ML LISS ET JOYEUX,https://cosmeticstoredz.com/produit/sunsilk-shp-180ml-liss-et-joyeux/,180ML,,NO_MATCH,0,,,,No stock row matches enough brand/product/variant detail
SHEA-COS-192AB1A3CA33,SUNSILK SHP,SUNSILK,"350ML ,FORCE , BRILLANCE",SUNSILK SHP 350ML FORCE ET BRILLANCE,https://cosmeticstoredz.com/produit/sunsilk-shp-350ml-force-et-brillance/,350ML,,NO_MATCH,0,,,,No stock row matches enough brand/product/variant detail
SHEA-COS-84DA1DA61D3E,SUNSILK SHP,SUNSILK,"600ML ,ANTI PELLICULAIRE",SUNSILK SHP 600ML ANTI PELLICULAIRE,https://cosmeticstoredz.com/produit/sunsilk-shp-600ml-anti-pelliculaire/,600ML,,REVIEW_NO_SIZE,1,6192000752950 | CSV line 36186 | SH SUNSILK ANTI PELLICULAIRE | score 73 | name 0.75 variant 1.00,,,Catalog or stock designation lacks a matching size; physical pack required
SHEA-COS-40482F198110,SUNSILK SHP,SUNSILK,"600ML ,BEURRE DE KARITE NOURRISSANT",SUNSILK SHP 600ML BEURRE DE KARITE NOURRISSANT,https://cosmeticstoredz.com/produit/sunsilk-shp-600ml-beurre-de-karite-nourrissant/,600ML,,NO_MATCH,0,,,,No stock row matches enough brand/product/variant detail
SHEA-COS-B6B9C2056982,SUNSILK SHP,SUNSILK,"600ML, FORCE , BRILLANCE",SUNSILK SHP 600ML FORCE ET BRILLANCE,https://cosmeticstoredz.com/produit/sunsilk-shp-600ml-force-et-brillance/,600ML,,NO_MATCH,0,,,,No stock row matches enough brand/product/variant detail
SHEA-COS-40D1FE3854A5,SWALIS A/SHP,SWALIS,"250ML ,DETOX+",SWALIS A/SHP 250ML DETOX+,https://cosmeticstoredz.com/produit/swalis-a-shp-250ml-detox/,250ML,,NO_MATCH,0,,,,No stock row matches enough brand/product/variant detail
SHEA-COS-A1F08A50CCEA,SWALIS A/SHP,SWALIS,"250ML ,TOTAL REPAIR",SWALIS A/SHP 250ML TOTAL REPAIR,https://cosmeticstoredz.com/produit/swalis-a-shp-250ml-total-repair/,250ML,,NO_MATCH,0,,,,No stock row matches enough brand/product/variant detail
SHEA-COS-D26819EF2F8D,SWALIS A/SHP,SWALIS,"250ML ,ALOE VERA",SWALIS A/SHP 250ML ALOE VERA,https://cosmeticstoredz.com/produit/swalis-a-shp-250ml-aloe-vera/,250ML,,NO_MATCH,0,,,,No stock row matches enough brand/product/variant detail
SHEA-COS-A5D7ED752303,SWALIS ANTI-ACNE GEL NETTOYANT,SWALIS,200ML,SWALIS ANTI-ACNE GEL NETTOYANT 200ML,https://cosmeticstoredz.com/produit/swalis-anti-acne-gel-nettoyant-200ml/,200ML,,NO_MATCH,0,,,,No stock row matches enough brand/product/variant detail
SHEA-COS-F704225A5E96,SWALIS GEL DOUCHE,SWALIS,"250ML, ENERGISANT",SWALIS GEL DOUCHE 250ML ENERGISANT,https://cosmeticstoredz.com/produit/swalis-gel-douche-250ml-energisant/,250ML,,NO_MATCH,0,,,,No stock row matches enough brand/product/variant detail
SHEA-COS-B552B0FB1399,SWALIS GEL DOUCHE,SWALIS,"250ML ,TONIQUE",SWALIS GEL DOUCHE 250ML TONIQUE,https://cosmeticstoredz.com/produit/swalis-gel-douche-250ml-tonique/,250ML,,NO_MATCH,0,,,,No stock row matches enough brand/product/variant detail
SHEA-COS-F0C084DAFF2B,SWALIS LOTION TONIQUE,SWALIS,Default,SWALIS LOTION TONIQUE,https://cosmeticstoredz.com/produit/swalis-lotion-tonique/,,,NO_MATCH,0,,,,No stock row matches enough brand/product/variant detail
SHEA-COS-E04F045ED3A6,SWALIS SERUM,SWALIS,"90ML, ULTRA LISSANT VERT",SWALIS SERUM 90ML ULTRA LISSANT VERT,https://cosmeticstoredz.com/produit/swalis-serum-90ml-ultra-lissant-vert/,90ML,,NO_MATCH,0,,,,No stock row matches enough brand/product/variant detail
SHEA-COS-C87B2838DF99,SWALIS SERUM,SWALIS,"90ML, DISCIPLINANT ORANGE",SWALIS SERUM 90ML DISCIPLINANT ORANGE,https://cosmeticstoredz.com/produit/swalis-serum-90ml-disciplinant-orange/,90ML,,NO_MATCH,0,,,,No stock row matches enough brand/product/variant detail
SHEA-COS-CC14A332D6B0,SWALIS SHAMPOOING,SWALIS,"330ML ,DETOX+ KERATINE , AMLA",SWALIS SHAMPOOING 330ML DETOX+ KERATINE ET AMLA,https://cosmeticstoredz.com/produit/swalis-shampooing-330ml-detox-keratine-et-amla/,330ML,,NO_MATCH,0,,,,No stock row matches enough brand/product/variant detail
SHEA-COS-CBDC8C257859,SWALIS SHAMPOOING,SWALIS,"330ML ,DETOX+ CERAMINE , ALGUES MARINE",SWALIS SHAMPOOING 330ML DETOX+ CERAMINE ET ALGUES MARINE,https://cosmeticstoredz.com/produit/swalis-shp-330ml-detox-ceramine-et-algues-marine/,330ML,,NO_MATCH,0,,,,No stock row matches enough brand/product/variant detail
SHEA-COS-BE20D8C120A3,SWALIS SHAMPOOING,SWALIS,"BOTANIC OIL AIL ,NOIR",SWALIS SHAMPOOING BOTANIC OIL AIL NOIR,https://cosmeticstoredz.com/produit/swalis-shp-botanic-oil-ail-noir/,,,NO_MATCH,0,,,,No stock row matches enough brand/product/variant detail
SHEA-COS-8BE984474ADE,SWALIS SHAMPOOING,SWALIS,"COLOR INTENSE, ANTI-CHUTE",SWALIS SHAMPOOING COLOR INTENSE ANTI-CHUTE,https://cosmeticstoredz.com/produit/swalis-shp-color-intense-anti-chute/,,,NO_MATCH,0,,,,No stock row matches enough brand/product/variant detail
SHEA-COS-E2D934FECB38,SWALIS SHP,SWALIS,"330ML ,EXTRA NOURISSANT",SWALIS SHP 330ML EXTRA NOURISSANT,https://cosmeticstoredz.com/produit/swalis-shp-330ml-extra-nourissant/,330ML,,NO_MATCH,0,,,,No stock row matches enough brand/product/variant detail
SHEA-COS-4F0AF5098F62,SWALIS SHP,SWALIS,"330ML, VOLUME+ NOIR",SWALIS SHP 330ML VOLUME+ NOIR,https://cosmeticstoredz.com/produit/swalis-shp-330ml-volume-noir/,330ML,,NO_MATCH,0,,,,No stock row matches enough brand/product/variant detail
SHEA-COS-9BA1EA7AFB56,SWALIS SHP,SWALIS,"330ML, AIL",SWALIS SHP 330ML AIL,https://cosmeticstoredz.com/produit/swalis-shp-330ml-ail/,330ML,,NO_MATCH,0,,,,No stock row matches enough brand/product/variant detail
SHEA-COS-58F3EC333373,SWALIS SHP,SWALIS,"330ML ,KERATINE ARGAN",SWALIS SHP 330ML KERATINE ARGAN,https://cosmeticstoredz.com/produit/swalis-shp-330ml-keratine-argan/,330ML,,NO_MATCH,0,,,,No stock row matches enough brand/product/variant detail
SHEA-COS-F2136ED47487,SWALIS SHAMPOOING,SWALISS,"330ML ,TOTAL REPAIR",SWALIS SHAMPOOING 330ML TOTAL REPAIR,https://cosmeticstoredz.com/produit/swaliss-shp-330ml-total-repair/,330ML,,NO_MATCH,0,,,,No stock row matches enough brand/product/variant detail
SHEA-COS-F4EED957EE92,SWALISS EAU MICELLAIRE,SWALISS,Default,SWALISS EAU MICELLAIRE,https://cosmeticstoredz.com/produit/swaliss-eau-micellaire/,,,NO_MATCH,0,,,,No stock row matches enough brand/product/variant detail
SHEA-COS-4F7EC2EEBEA6,SYOSS SHP,SYOSS,"440ML ,CLEAN , COOL ,CHVX GRAS",SYOSS SHP 440ML CLEAN & COOL CHVX GRAS,https://cosmeticstoredz.com/produit/syoss-shp-440ml-clean-cool-chvx-gras/,440ML,,NO_MATCH,0,,,,No stock row matches enough brand/product/variant detail
SHEA-COS-FA5D7CFE0EF1,SYOSS SHP,SYOSS,"440ML ,KERATIN",SYOSS SHP 440ML KERATIN,https://cosmeticstoredz.com/produit/syoss-shp-440ml-keratin/,440ML,,NO_MATCH,0,,,,No stock row matches enough brand/product/variant detail
SHEA-COS-047F3D8075F3,SYOSS SHP,SYOSS,"440ML ,REPAIR",SYOSS SHP 440ML REPAIR,https://cosmeticstoredz.com/produit/syoss-shp-440ml-repair/,440ML,,NO_MATCH,0,,,,No stock row matches enough brand/product/variant detail
SHEA-COS-286EAEEB4EE3,TARTE CONTOUR CONCEALER,TARTE,"10ML ,22N, LIGHT NEUTRAL",TARTE CONTOUR CONCEALER 10ML 22N LIGHT NEUTRAL,https://cosmeticstoredz.com/produit/tarte-contour-concealer-10ml-22n-light-neutral/,10ML,,NO_MATCH,0,,,,No stock row matches enough brand/product/variant detail
SHEA-COS-CF3B319FB6D4,TECHNIC SHAPE STICK HIGHLIGHTER + COUNTOUR,TECHNIC,Default,TECHNIC SHAPE STICK HIGHLIGHTER + COUNTOUR,https://cosmeticstoredz.com/produit/technic-shape-stick-highlighter-countour/,,,NO_MATCH,0,,,,No stock row matches enough brand/product/variant detail
SHEA-COS-669260BF5CDF,THE ORDINARY AMINO ACIDS + B5,THE,Default,THE ORDINARY AMINO ACIDS + B5,https://cosmeticstoredz.com/produit/the-ordinary-amino-acids-b5/,,,NO_MATCH,0,,,,No stock row matches enough brand/product/variant detail
SHEA-COS-C8543213C828,THE ORDINARY GLYCOLIC ACID,THE,"SET ,250ML + 100ML",THE ORDINARY GLYCOLIC ACID SET 250ML + 100ML,https://cosmeticstoredz.com/produit/the-ordinary-glycolic-acid-set-250ml-100ml/,250ML,,NO_MATCH,0,,,,No stock row matches enough brand/product/variant detail
SHEA-COS-08F02CE25AA4,THE ORDINARY GLYCOLIC ACID,THE,"7% EXFOLIATING, TONER ,100ML",THE ORDINARY GLYCOLIC ACID 7% EXFOLIATING TONER 100ML,https://cosmeticstoredz.com/produit/the-ordinary-glycolis-acid-7-exfoliating-toner-100ml/,100ML,,NO_MATCH,0,,,,No stock row matches enough brand/product/variant detail
SHEA-COS-2C58145A18E7,THE ORDINARY GLYCOLIC ACIDE 7% TONING SOLUTION,THE,Default,THE ORDINARY GLYCOLIC ACIDE 7% TONING SOLUTION,https://cosmeticstoredz.com/produit/the-ordinary-glycolic-acide-7-toning-solution/,,,NO_MATCH,0,,,,No stock row matches enough brand/product/variant detail
SHEA-COS-00C5847A4E5B,THE ORDINARY LACTIC ACID 5%,THE,Default,THE ORDINARY LACTIC ACID 5%,https://cosmeticstoredz.com/produit/the-ordinary-lactic-acid-5/,,,NO_MATCH,0,,,,No stock row matches enough brand/product/variant detail
SHEA-COS-F9847B9EA4FF,TOBOCO SUN STICK,TOBOCO,"COTON SOFT ,SPF50, PA++++ ,BLEU",TOBOCO SUN STICK COTON SOFT SPF50 PA++++ BLEU,https://cosmeticstoredz.com/produit/toboco-coton-soft-sun-stick-spf50-pa-bleu/,,,NO_MATCH,0,,,,No stock row matches enough brand/product/variant detail
SHEA-COS-194565E0CA0E,TOBOCO SUN STICK,TOBOCO,"VITA, WATERPROOF, SPF50+ ,PA++++",TOBOCO SUN STICK VITA WATERPROOF SPF50+ PA++++,https://cosmeticstoredz.com/produit/toboco-vita-waterproof-sun-stick-spf50-pa/,,,NO_MATCH,0,,,,No stock row matches enough brand/product/variant detail
SHEA-COS-1EA943D8FA71,TOPFACE SENSITIVE CONCEALER COUNTOUR FONDATION,TOPFACE,"n 3 ,NATURAL",TOPFACE SENSITIVE CONCEALER COUNTOUR FONDATION n 3 NATURAL,https://cosmeticstoredz.com/produit/topface-sensitive-concealer-countour-fondation-n-3-natural/,,,NO_MATCH,0,,,,No stock row matches enough brand/product/variant detail
SHEA-COS-BEFB4A62201A,TOUCHE ACIDE HYALURONIQUE + NIACINAMIDE,TOUCHE,PEAUX SENSIBLES,TOUCHE ACIDE HYALURONIQUE + NIACINAMIDE PEAUX SENSIBLES,https://cosmeticstoredz.com/produit/touche-acide-hyaluronique-niacinamide-peaux-sensibles/,,,NO_MATCH,0,,,,No stock row matches enough brand/product/variant detail
SHEA-COS-F612F2CBBCC8,TOUCHE ACIDE SALICYLIQUE,TOUCHE,"10% ,ANTI-IMPERFECTION",TOUCHE ACIDE SALICYLIQUE 10% ANTI-IMPERFECTION,https://cosmeticstoredz.com/produit/touche-acide-salicylique-10-anti-imperfection/,,,NO_MATCH,0,,,,No stock row matches enough brand/product/variant detail
SHEA-COS-E494A089A71B,TOUCHE ANTI ACNE,TOUCHE,Default,TOUCHE ANTI ACNE,https://cosmeticstoredz.com/produit/touche-anti-acne/,,,NO_MATCH,0,,,,No stock row matches enough brand/product/variant detail
SHEA-COS-6876A44D659D,TOUCHE APRES SHAMPOING POUSSE ET CROISSANCE HUILE DE RICIN + BIOTINE,TOUCHE,Default,TOUCHE APRES SHAMPOING POUSSE ET CROISSANCE HUILE DE RICIN + BIOTINE,https://cosmeticstoredz.com/produit/touche-apres-shampoing-pousse-et-croissance-huile-de-ricin-biotine/,,,NO_MATCH,0,,,,No stock row matches enough brand/product/variant detail
SHEA-COS-08BF67570FED,TOUCHE BOOSTER D’ECLAT VITAMINE C 11%,TOUCHE,Default,TOUCHE BOOSTER D’ECLAT VITAMINE C 11%,https://cosmeticstoredz.com/produit/touche-booster-declat-vitamine-c-11/,,,NO_MATCH,0,,,,No stock row matches enough brand/product/variant detail
SHEA-COS-19F6166F8F49,TOUCHE GEL DOUCHE ANTI IMPERFECTION,TOUCHE,Default,TOUCHE GEL DOUCHE ANTI IMPERFECTION,https://cosmeticstoredz.com/produit/touche-gel-douche-anti-imperfection/,,,NO_MATCH,0,,,,No stock row matches enough brand/product/variant detail
SHEA-COS-38EBFFBBF015,TOUCHE GEL HYDRATANT,TOUCHE,"ACIDE HYALURONIQUE ,3.5%",TOUCHE GEL HYDRATANT ACIDE HYALURONIQUE 3.5%,https://cosmeticstoredz.com/produit/touche-gel-hydratant-acide-hyaluronique-3-5/,,,NO_MATCH,0,,,,No stock row matches enough brand/product/variant detail
SHEA-COS-EF56314F9CE9,TOUCHE NIACINAMIDE 10% ZINC 1%,TOUCHE,Default,TOUCHE NIACINAMIDE 10% ZINC 1%,https://cosmeticstoredz.com/produit/touche-niacinamide-10-zinc-1/,,,NO_MATCH,0,,,,No stock row matches enough brand/product/variant detail
SHEA-COS-54D77397ABDC,TOUCHE PROTECTION SOLAIRE EFFET SERUM,TOUCHE,50SPF,TOUCHE PROTECTION SOLAIRE EFFET SERUM 50SPF,https://cosmeticstoredz.com/produit/touche-protection-solaire-effet-serum-50spf/,,,NO_MATCH,0,,,,No stock row matches enough brand/product/variant detail
SHEA-COS-5E3DD79E2A51,TOUCHE SERUM CHVX ANTI CHUTE,TOUCHE,Default,TOUCHE SERUM CHVX ANTI CHUTE,https://cosmeticstoredz.com/produit/touche-serum-chvx-anti-chute/,,,NO_MATCH,0,,,,No stock row matches enough brand/product/variant detail
SHEA-COS-D99DD899C999,UDV COFFRET CHIC ISSIME,UDV,Default,UDV COFFRET CHIC ISSIME,https://cosmeticstoredz.com/produit/udv-coffret-chic-issime/,,,REVIEW_NO_SIZE,1,3326240002473 | CSV line 15030 | E/T UDV CHIC ISSIME | score 73 | name 0.75 variant 1.00,,,Catalog or stock designation lacks a matching size; physical pack required
SHEA-COS-9B8D438F244D,ULTRA DOUX APRES SHAMPOOING,ULTRA,"250ML ,HUILE DE COCO , BEURRE DE CACAO , CHEVEUX FRISES REBELLES",ULTRA DOUX APRES SHAMPOOING 250ML HUILE DE COCO ET BEURRE DE CACAO POUR CHEVEUX FRISES REBELLES,https://cosmeticstoredz.com/produit/ultra-doux-a-shp-250ml-huile-de-coco-et-beurre-de-cacao-pour-cheveux-frises-rebelles/,250ML,,NO_MATCH,0,,,,No stock row matches enough brand/product/variant detail
SHEA-COS-F1946A294099,ULTRA DOUX APRES SHAMPOOING,ULTRA,"300ML ,TRESORS DE MIEL",ULTRA DOUX APRES SHAMPOOING 300ML TRESORS DE MIEL,https://cosmeticstoredz.com/produit/ultra-doux-apres-shampooing-300ml-tresors-de-miel/,300ML,,NO_MATCH,0,,,,No stock row matches enough brand/product/variant detail
SHEA-COS-1131A97D8889,ULTRA DOUX MASQUE,ULTRA,"300ML, INTENSIF GINGEMBRE",ULTRA DOUX MASQUE 300ML INTENSIF GINGEMBRE,https://cosmeticstoredz.com/produit/ultra-doux-masque-300ml-intensif-gingembre/,300ML,,NO_MATCH,0,,,,No stock row matches enough brand/product/variant detail
SHEA-COS-D703F74D9C82,ULTRA DOUX MASQUE,ULTRA,"300ML, HUILE DE MONOI ET NEROLI",ULTRA DOUX MASQUE 300ML HUILE DE MONOI ET NEROLI,https://cosmeticstoredz.com/produit/ultra-doux-masque-300ml-huile-de-monoi-et-neroli/,300ML,,NO_MATCH,0,,,,No stock row matches enough brand/product/variant detail
SHEA-COS-8E49FA05D3A7,ULTRA DOUX SHAMPOOING,ULTRA,"300ML ,HUILE MERVEILLEUSE ARGAN , CAMELIA",ULTRA DOUX SHAMPOOING 300ML HUILE MERVEILLEUSE ARGAN ET CAMELIA,https://cosmeticstoredz.com/produit/ultra-doux-shampooing-300ml-huile-merveilleuse-argan-et-camelia/,300ML,,NO_MATCH,0,,,,No stock row matches enough brand/product/variant detail
SHEA-COS-232549E4F104,ULTRA DOUX SHAMPOOING,ULTRA,"300ML ,ILLUMINANT CAMOMILLE, ET MIEL DE FLEUR",ULTRA DOUX SHAMPOOING 300ML ILLUMINANT CAMOMILLE ET MIEL DE FLEUR,https://cosmeticstoredz.com/produit/ultra-doux-shampooing-300ml-illuminant-camomille-et-miel-de-fleur/,300ML,,NO_MATCH,0,,,,No stock row matches enough brand/product/variant detail
SHEA-COS-781B81DEC420,ULTRA DOUX SHAMPOOING,ULTRA,300ML TRESORS DE MIEL,ULTRA DOUX SHAMPOOING 300ML TRESORS DE MIEL,https://cosmeticstoredz.com/produit/ultra-doux-shampooing-300ml-tresors-de-miel/,300ML,,NO_MATCH,0,,,,No stock row matches enough brand/product/variant detail
SHEA-COS-B60EA21AB7C3,URIAGE CREME EXTREME 90,URIAGE,50ML,URIAGE CREME EXTREME 90 50ML,https://cosmeticstoredz.com/produit/uriage-creme-extreme-90-50ml/,50ML,,NO_MATCH,0,,,,No stock row matches enough brand/product/variant detail
SHEA-COS-18A5CCC398A7,URIAGE EAU THERMALE REPARATRICE,URIAGE,300ML,URIAGE EAU THERMALE REPARATRICE 300ML,https://cosmeticstoredz.com/produit/uriage-eau-thermale-reparatrice-300ml/,300ML,,NO_MATCH,0,,,,No stock row matches enough brand/product/variant detail
SHEA-COS-3CAABB1871EC,URIAGE HYSEAC MASQUE,URIAGE,Default,URIAGE HYSEAC MASQUE,https://cosmeticstoredz.com/produit/uriage-hyseac-masque/,,,NO_MATCH,0,,,,No stock row matches enough brand/product/variant detail
SHEA-COS-25E06391B811,USHUAIA DEODORANT ROLL-ON,USHUAIA,"BAHIA DO BRAZIL ,ARGILE ABSORBANTE , PARFUM MARACUJA",USHUAIA DEODORANT ROLL-ON BAHIA DO BRAZIL ARGILE ABSORBANTE ET PARFUM MARACUJA,https://cosmeticstoredz.com/produit/ushuaia-deodorant-roll-on-bahia-do-brazil-argile-absorbante-et-parfum-maracuja/,,,NO_MATCH,0,,,,No stock row matches enough brand/product/variant detail
SHEA-COS-87D4F86D621E,USHUAIA DEODORANT ROLL-ON,USHUAIA,GRENADE,USHUAIA DEODORANT ROLL-ON GRENADE,https://cosmeticstoredz.com/produit/ushuaia-deodorant-roll-on-grenade/,,,NO_MATCH,0,,,,No stock row matches enough brand/product/variant detail
SHEA-COS-D17D4D7262CB,USHUAIA DEODORANT ROLL-ON,USHUAIA,VANILLE,USHUAIA DEODORANT ROLL-ON VANILLE,https://cosmeticstoredz.com/produit/ushuaia-deodorant-roll-on-vanille/,,,NO_MATCH,0,,,,No stock row matches enough brand/product/variant detail
SHEA-COS-E8497540D215,VAGUE DE FRAICHEUR,VAGUE,CITRON VERT,VAGUE DE FRAICHEUR CITRON VERT,https://cosmeticstoredz.com/produit/vague-de-fraicheur-citron-vert/,,,NO_MATCH,0,,,,No stock row matches enough brand/product/variant detail
SHEA-COS-06BE136C820D,VAGUE DE FRAICHEUR BODY SPRAY,VAGUE,BLEU,VAGUE DE FRAICHEUR BODY SPRAY BLEU,https://cosmeticstoredz.com/produit/vague-de-fraicheur-body-spray-bleu/,,,NO_MATCH,0,,,,No stock row matches enough brand/product/variant detail
SHEA-COS-0229D1E16965,VAGUE DE FRAICHEUR BODY SPRAY,VAGUE,MAUVE,VAGUE DE FRAICHEUR BODY SPRAY MAUVE,https://cosmeticstoredz.com/produit/vague-de-fraicheur-body-spray-mauve/,,,NO_MATCH,0,,,,No stock row matches enough brand/product/variant detail
SHEA-COS-68BF71FC2B0B,VAGUE DE FRAICHEUR BODY SPRAY,VAGUE,ROSE,VAGUE DE FRAICHEUR BODY SPRAY ROSE,https://cosmeticstoredz.com/produit/vague-de-fraicheur-body-spray-rose/,,,NO_MATCH,0,,,,No stock row matches enough brand/product/variant detail
SHEA-COS-2F309386D8A8,VAGUE DE FRAICHEUR CREME DOUCHE,VAGUE,"300ML, HUILE DE MONOI , FLEUR DE TIARE",VAGUE DE FRAICHEUR CREME DOUCHE 300ML HUILE DE MONOI ET FLEUR DE TIARE,https://cosmeticstoredz.com/produit/vague-de-fraicheur-creme-douche-300ml-huile-de-monoi-et-fleur-de-tiare/,300ML,,NO_MATCH,0,,,,No stock row matches enough brand/product/variant detail
SHEA-COS-4A488A306B52,VAGUE DE FRAICHEUR DEO,VAGUE,FABULEUSE,VAGUE DE FRAICHEUR DEO FABULEUSE,https://cosmeticstoredz.com/produit/vague-de-fraicheur-deo-fabuleuse/,,,NO_MATCH,0,,,,No stock row matches enough brand/product/variant detail
SHEA-COS-C27C7E5C752E,VAGUE DE FRAICHEUR DEO,VAGUE,SEDUCTRICE,VAGUE DE FRAICHEUR DEO SEDUCTRICE,https://cosmeticstoredz.com/produit/vague-de-fraicheur-deo-seduction/,,,NO_MATCH,0,,,,No stock row matches enough brand/product/variant detail
SHEA-COS-6DFC26E48A1F,VAGUE DE FRAICHEUR DEO,VAGUE,CITRON VERT,VAGUE DE FRAICHEUR DEO CITRON VERT,https://cosmeticstoredz.com/produit/vague-de-fraicheur-deo-citron-vert/,,,NO_MATCH,0,,,,No stock row matches enough brand/product/variant detail
SHEA-COS-59CA3571C46A,VAGUE DE FRAICHEUR DOUCHE CREME,VAGUE,"250ML ,DOUCEUR GLACEE ,FRAMBOISE",VAGUE DE FRAICHEUR DOUCHE CREME 250ML DOUCEUR GLACEE FRAMBOISE,https://cosmeticstoredz.com/produit/vague-de-fraicheur-douche-creme-250ml-douceur-glacee-framboise/,250ML,,NO_MATCH,0,,,,No stock row matches enough brand/product/variant detail
SHEA-COS-24B5C7DF65D7,VAGUE DE FRAICHEUR DOUCHE CREME,VAGUE,"250ML ,DOUCEUR GLACEE ,PISTACHE",VAGUE DE FRAICHEUR DOUCHE CREME 250ML DOUCEUR GLACEE PISTACHE,https://cosmeticstoredz.com/produit/vague-de-fraicheur-douche-creme-250ml-douceur-glacee-pistache/,250ML,,NO_MATCH,0,,,,No stock row matches enough brand/product/variant detail
SHEA-COS-B89F5522486F,VAGUE DE FRAICHEUR EAU DE COLOGNE,VAGUE,LAVANDE,VAGUE DE FRAICHEUR EAU DE COLOGNE LAVANDE,https://cosmeticstoredz.com/produit/vague-de-fraicheur-lavande/,,,NO_MATCH,0,,,,No stock row matches enough brand/product/variant detail
SHEA-COS-D7E683AA40BE,VAGUE DE FRAICHEUR EAU DE COLOGNE NATURELLE,VAGUE,Default,VAGUE DE FRAICHEUR EAU DE COLOGNE NATURELLE,https://cosmeticstoredz.com/produit/vague-de-fraicheur-edc-naturelle/,,,NO_MATCH,0,,,,No stock row matches enough brand/product/variant detail
SHEA-COS-B98878C405EC,VAGUE DE FRAICHEUR EDC,VAGUE,"250ML, NATURELLE VAPO",VAGUE DE FRAICHEUR EDC 250ML NATURELLE VAPO,https://cosmeticstoredz.com/produit/vague-de-fraicheur-edc-250ml-naturelle-vapo/,250ML,,NO_MATCH,0,,,,No stock row matches enough brand/product/variant detail
SHEA-COS-132FCE53E37B,VAGUE DE FRAICHEUR GEL DOUCHE,VAGUE,"1L ,CERISE NOIR PISTACHE",VAGUE DE FRAICHEUR GEL DOUCHE 1L CERISE NOIR PISTACHE,https://cosmeticstoredz.com/produit/vague-de-fraicheur-gel-douche-1l-cerise-noir-pistache/,1000ML,,NO_MATCH,0,,,,No stock row matches enough brand/product/variant detail
SHEA-COS-5D0D197686CD,VAGUE DE FRAICHEUR GEL DOUCHE,VAGUE,"1L ,PECHES",VAGUE DE FRAICHEUR GEL DOUCHE 1L PECHES,https://cosmeticstoredz.com/produit/vague-de-fraicheur-gel-douche-1l-peches/,1000ML,,NO_MATCH,0,,,,No stock row matches enough brand/product/variant detail
SHEA-COS-251EEC2786F7,VAGUE DE FRAICHEUR GEL DOUCHE,VAGUE,"250ML, ENERGIE , GLAMOUR",VAGUE DE FRAICHEUR GEL DOUCHE 250ML ENERGIE ET GLAMOUR,https://cosmeticstoredz.com/produit/vague-de-fraicheur-gel-douche-250ml-energie-et-glamour/,250ML,,NO_MATCH,0,,,,No stock row matches enough brand/product/variant detail
SHEA-COS-93FCF0ED7EAA,VAGUE DE FRAICHEUR GEL DOUCHE,VAGUE,"300ML, FIGUE",VAGUE DE FRAICHEUR GEL DOUCHE 300ML FIGUE,https://cosmeticstoredz.com/produit/vague-de-fraicheur-gel-douche-300ml-figue/,300ML,,NO_MATCH,0,,,,No stock row matches enough brand/product/variant detail
SHEA-COS-C65CFF9AB744,VAGUE DE FRAICHEUR GEL DOUCHE,VAGUE,"300ML, COOKIES",VAGUE DE FRAICHEUR GEL DOUCHE 300ML COOKIES,https://cosmeticstoredz.com/produit/vague-de-fraicheur-gel-douche-300ml-cookies/,300ML,,NO_MATCH,0,,,,No stock row matches enough brand/product/variant detail
SHEA-COS-6C7E6EF6367F,VAGUE DE FRAICHEUR GEL DOUCHE,VAGUE,"300ML ,FRIANDISES",VAGUE DE FRAICHEUR GEL DOUCHE 300ML FRIANDISES,https://cosmeticstoredz.com/produit/vague-de-fraicheur-gel-douche-300ml-friandises/,300ML,,NO_MATCH,0,,,,No stock row matches enough brand/product/variant detail
SHEA-COS-52FEDC009B88,VAGUE DE FRAICHEUR LA LAQUE,VAGUE,"200ML ,A LA KERATINE",VAGUE DE FRAICHEUR LA LAQUE 200ML A LA KERATINE,https://cosmeticstoredz.com/produit/vague-de-fraicheur-la-laque-200ml-a-la-keratine/,200ML,,NO_MATCH,0,,,,No stock row matches enough brand/product/variant detail
SHEA-COS-D943E13F30BF,VAGUE DE FRAICHEUR LA LAQUE,VAGUE,"200ML, PROTEINE DE SOIE",VAGUE DE FRAICHEUR LA LAQUE 200ML PROTEINE DE SOIE,https://cosmeticstoredz.com/produit/vague-de-fraicheur-la-laque-200ml-proteine-de-soie/,200ML,,NO_MATCH,0,,,,No stock row matches enough brand/product/variant detail
SHEA-COS-6E27A18053A8,VAGUE DE FRAICHEUR LACTESCENCE,VAGUE,"DOUCE, 500 ML",VAGUE DE FRAICHEUR LACTESCENCE DOUCE 500 ML,https://cosmeticstoredz.com/produit/vague-de-fraicheur-lactescence-douce-500-ml/,500ML,,NO_MATCH,0,,,,No stock row matches enough brand/product/variant detail
SHEA-COS-1964450410EC,VAGUE DE FRAICHEUR LACTESCENCE,VAGUE,PROVITAMINE,VAGUE DE FRAICHEUR LACTESCENCE PROVITAMINE,https://cosmeticstoredz.com/produit/vague-de-fraicheur-lactescence-provitamine/,,,NO_MATCH,0,,,,No stock row matches enough brand/product/variant detail
SHEA-COS-D289DB2D2D92,VAGUE DE FRAICHEUR SAVON LIQUIDE,VAGUE,"400ML, MARINE",VAGUE DE FRAICHEUR SAVON LIQUIDE 400ML MARINE,https://cosmeticstoredz.com/produit/vague-de-fraicheur-savon-liquide-400ml-marine/,400ML,,NO_MATCH,0,,,,No stock row matches enough brand/product/variant detail
SHEA-COS-6EF928BE9061,VAGUE DE FRAICHEUR SERUM CHVX,VAGUE,"120ML ,CHEVEUX ABIMES",VAGUE DE FRAICHEUR SERUM CHVX 120ML CHEVEUX ABIMES,https://cosmeticstoredz.com/produit/vague-de-fraicheur-serum-chvx-120ml-cheveux-abimes/,120ML,,NO_MATCH,0,,,,No stock row matches enough brand/product/variant detail
SHEA-COS-C3B4D99C56F4,VAGUE DE FRAICHEUR SERUM CHVX,VAGUE,"120ML ,CHEVEUX SECS",VAGUE DE FRAICHEUR SERUM CHVX 120ML CHEVEUX SECS,https://cosmeticstoredz.com/produit/vague-de-fraicheur-serum-chvx-120ml-cheveux-secs/,120ML,,NO_MATCH,0,,,,No stock row matches enough brand/product/variant detail
SHEA-COS-9301A09EA495,VAGUE DE FRAICHEUR SHAMPOOING,VAGUE,"VIOLET DEJAUNISSEUR ,200ML",VAGUE DE FRAICHEUR SHAMPOOING VIOLET DEJAUNISSEUR 200ML,https://cosmeticstoredz.com/produit/vague-de-fraicheur-shampooing-violet-dejaunisseur-200ml/,200ML,,NO_MATCH,0,,,,No stock row matches enough brand/product/variant detail
SHEA-COS-FE9BFDDC2BE6,VAGUE DE FRAICHEUR SHAMPOOING,VAGUE,"300ML ,ANTI-PELLICULAIRE 3EN1 ,CITRON",VAGUE DE FRAICHEUR SHAMPOOING 300ML ANTI-PELLICULAIRE 3EN1 CITRON,https://cosmeticstoredz.com/produit/vague-de-fraicheur-shp-300ml-anti-pelliculaire-3en1-citron/,300ML,,NO_MATCH,0,,,,No stock row matches enough brand/product/variant detail
SHEA-COS-0E3445F830C8,VAGUE DE FRAICHEUR SHAMPOOING,VAGUE,"300ML ,ANTI-PELLICULAIRE 3EN1 ,LAVANDE",VAGUE DE FRAICHEUR SHAMPOOING 300ML ANTI-PELLICULAIRE 3EN1 LAVANDE,https://cosmeticstoredz.com/produit/vague-de-fraicheur-shp-300ml-anti-pelliculaire-3en1-lavande/,300ML,,NO_MATCH,0,,,,No stock row matches enough brand/product/variant detail
SHEA-COS-FF64CD9B1A30,VAGUE DE FRAICHEUR SHP,VAGUE,2EN1,VAGUE DE FRAICHEUR SHP 2EN1,https://cosmeticstoredz.com/produit/vague-de-fraicheur-shp-2en1/,,,NO_MATCH,0,,,,No stock row matches enough brand/product/variant detail
SHEA-COS-A4BCCCBFBECD,VAGUE DE FRAICHEUR SHP,VAGUE,"400ML, SANS SULFATE CARANBUR",VAGUE DE FRAICHEUR SHP 400ML SANS SULFATE CARANBUR,https://cosmeticstoredz.com/produit/vague-de-fraicheur-shp-400ml-sans-sulfate-caranbur/,400ML,,NO_MATCH,0,,,,No stock row matches enough brand/product/variant detail
SHEA-COS-2EC312E57A8F,VAGUE DE FRAICHEUR SHP,VAGUE,"400ML ,SANS SULFATE KERATINE",VAGUE DE FRAICHEUR SHP 400ML SANS SULFATE KERATINE,https://cosmeticstoredz.com/produit/vague-de-fraicheur-shp-400ml-sans-sulfate-keratine/,400ML,,NO_MATCH,0,,,,No stock row matches enough brand/product/variant detail
SHEA-COS-440C3281AB13,VAGUE DE FRAICHEUR SHP,VAGUE,"400ML, SANS SULFATE MIEL",VAGUE DE FRAICHEUR SHP 400ML SANS SULFATE MIEL,https://cosmeticstoredz.com/produit/vague-de-fraicheur-shp-400ml-sans-sulfate-miel/,400ML,,NO_MATCH,0,,,,No stock row matches enough brand/product/variant detail
SHEA-COS-F68EEEE36D92,VAGUE DE FRAICHEUR SHP,VAGUE,"400ML, SANS SULFATE OLIVE",VAGUE DE FRAICHEUR SHP 400ML SANS SULFATE OLIVE,https://cosmeticstoredz.com/produit/vague-de-fraicheur-shp-400ml-sans-sulfate-olive/,400ML,,NO_MATCH,0,,,,No stock row matches enough brand/product/variant detail
SHEA-COS-7CB3BD7D9615,VAGUE DE FRAICHEUR SHP,VAGUE,"500ML, NATUR ARGILE",VAGUE DE FRAICHEUR SHP 500ML NATUR ARGILE,https://cosmeticstoredz.com/produit/vague-de-fraicheur-shp-500ml-natur-argile/,500ML,,NO_MATCH,0,,,,No stock row matches enough brand/product/variant detail
SHEA-COS-A8E71E760842,VAGUE DE FRAICHEUR SHP,VAGUE,"500ML, REFLET D HENNE",VAGUE DE FRAICHEUR SHP 500ML REFLET D HENNE,https://cosmeticstoredz.com/produit/vague-de-fraicheur-shp-500ml-reflet-d-henne/,500ML,,NO_MATCH,0,,,,No stock row matches enough brand/product/variant detail
SHEA-COS-FF9B7451847F,VAGUE DE FRAICHEURS STICK ROLL ON,VAGUE,"50ML ,FABULEUSE",VAGUE DE FRAICHEURS STICK ROLL ON 50ML FABULEUSE,https://cosmeticstoredz.com/produit/vague-de-fraicheurs-stick-roll-on-50ml-fabuleuse/,50ML,,NO_MATCH,0,,,,No stock row matches enough brand/product/variant detail
SHEA-COS-F127F997A9F7,VALERIA BRUME CORPS,VALERIA,"250ML ,DEEP SEA",VALERIA BRUME CORPS 250ML DEEP SEA,https://cosmeticstoredz.com/produit/valeria-brume-corps-250ml-deep-sea/,250ML,,NO_MATCH,0,,,,No stock row matches enough brand/product/variant detail
SHEA-COS-3CC014E93669,VALERIA BRUME CORPS,VALERIA,"250ML, DONUTS",VALERIA BRUME CORPS 250ML DONUTS,https://cosmeticstoredz.com/produit/valeria-brume-corps-250ml-donuts/,250ML,,NO_MATCH,0,,,,No stock row matches enough brand/product/variant detail
SHEA-COS-CBC34FA8C864,VALERIA BRUME CORPS,VALERIA,"250ML ,DREAM OF QUEEN",VALERIA BRUME CORPS 250ML DREAM OF QUEEN,https://cosmeticstoredz.com/produit/valeria-brume-corps-250ml-dream-of-queen/,250ML,,NO_MATCH,0,,,,No stock row matches enough brand/product/variant detail
SHEA-COS-0C607563737C,VALERIA BRUME CORPS,VALERIA,"250ML ,FIRE OF THE NIGHT",VALERIA BRUME CORPS 250ML FIRE OF THE NIGHT,https://cosmeticstoredz.com/produit/valeria-brume-corps-250ml-fire-of-the-night/,250ML,,NO_MATCH,0,,,,No stock row matches enough brand/product/variant detail
SHEA-COS-A5DC5DEB8709,VALERIA BRUME CORPS,VALERIA,"250ML ,PINK MAGNOLIA",VALERIA BRUME CORPS 250ML PINK MAGNOLIA,https://cosmeticstoredz.com/produit/valeria-brume-corps-250ml-pink-magnolia/,250ML,,NO_MATCH,0,,,,No stock row matches enough brand/product/variant detail
SHEA-COS-D79E17AF033E,VALERIA BRUME CORPS,VALERIA,"250ML ,WINTER",VALERIA BRUME CORPS 250ML WINTER,https://cosmeticstoredz.com/produit/valeria-brume-corps-250ml-winter/,250ML,,NO_MATCH,0,,,,No stock row matches enough brand/product/variant detail
SHEA-COS-117003B58175,VALERIA BRUME CORPS ET CHEVEUX,VALERIA,"250ML ,BUTTERFLY",VALERIA BRUME CORPS ET CHEVEUX 250ML BUTTERFLY,https://cosmeticstoredz.com/produit/valeria-brume-corps-et-cheveux-250ml-butterfly/,250ML,,NO_MATCH,0,,,,No stock row matches enough brand/product/variant detail
SHEA-COS-304A3E34618B,VALERIA BRUME CORPS ET CHEVEUX,VALERIA,"250ML ,SAHAR AL LAYALI",VALERIA BRUME CORPS ET CHEVEUX 250ML SAHAR AL LAYALI,https://cosmeticstoredz.com/produit/valeria-brume-corps-et-cheveux-250ml-sahar-al-layali/,250ML,,NO_MATCH,0,,,,No stock row matches enough brand/product/variant detail
SHEA-COS-99CC0F93D086,VALERIA GEL DOUCHE,VALERIA,DOUCEURS SUCREES,VALERIA GEL DOUCHE DOUCEURS SUCREES,https://cosmeticstoredz.com/produit/valeria-gel-douche-douceurs-sucrees/,,,NO_MATCH,0,,,,No stock row matches enough brand/product/variant detail
SHEA-COS-E3E3A6161A61,VALERIA GEL DOUCHE,VALERIA,SWEET HEART,VALERIA GEL DOUCHE SWEET HEART,https://cosmeticstoredz.com/produit/valeria-gel-douche-sweet-heart/,,,NO_MATCH,0,,,,No stock row matches enough brand/product/variant detail
SHEA-COS-3432619682D2,VALERIA STICK,VALERIA,"50ML ,SUMMER ORCHID",VALERIA STICK 50ML SUMMER ORCHID,https://cosmeticstoredz.com/produit/valeria-stick-50ml-summer-orchid/,50ML,,NO_MATCH,0,,,,No stock row matches enough brand/product/variant detail
SHEA-COS-16217691F759,VALERIA STICK EN CREME,VALERIA,"50ML ,GUZEL",VALERIA STICK EN CREME 50ML GUZEL,https://cosmeticstoredz.com/produit/valeria-stick-en-creme-50ml-guzel/,50ML,,NO_MATCH,0,,,,No stock row matches enough brand/product/variant detail
SHEA-COS-95CC5BA1C2C6,VALERIA STICK EN CREME,VALERIA,"50ML ,MUSK TAHARA",VALERIA STICK EN CREME 50ML MUSK TAHARA,https://cosmeticstoredz.com/produit/valeria-stick-en-creme-50ml-musk-tahara/,50ML,,NO_MATCH,0,,,,No stock row matches enough brand/product/variant detail
SHEA-COS-A56ABDDCD981,VALERIA STICK EN CREME,VALERIA,"50ML ,MY DREAM",VALERIA STICK EN CREME 50ML MY DREAM,https://cosmeticstoredz.com/produit/valeria-stick-en-creme-50ml-my-dream/,50ML,,NO_MATCH,0,,,,No stock row matches enough brand/product/variant detail
SHEA-COS-D84FEFADE3E7,VALERIA STICK EN CREME,VALERIA,"50ML ,SUMMER ORCHID",VALERIA STICK EN CREME 50ML SUMMER ORCHID,https://cosmeticstoredz.com/produit/valeria-stick-en-creme-50ml-summer-orchid/,50ML,,NO_MATCH,0,,,,No stock row matches enough brand/product/variant detail
SHEA-COS-C48D78D35C3D,VALERIA STICK EN CREME,VALERIA,"50ML ,SWEET CHERRY",VALERIA STICK EN CREME 50ML SWEET CHERRY,https://cosmeticstoredz.com/produit/valeria-stick-en-creme-50ml-sweet-cherry/,50ML,,NO_MATCH,0,,,,No stock row matches enough brand/product/variant detail
SHEA-COS-EB4B129E255B,VALERIA STICK EN CREME,VALERIA,"50ML ,WEEK END",VALERIA STICK EN CREME 50ML WEEK END,https://cosmeticstoredz.com/produit/valeria-stick-en-creme-50ml-week-end/,50ML,,NO_MATCH,0,,,,No stock row matches enough brand/product/variant detail
SHEA-COS-73A4D5CD5B11,VASELINE CORPS,VASELINE,200ML,VASELINE CORPS 200ML,https://cosmeticstoredz.com/produit/vaseline-corps-200ml/,200ML,,NO_MATCH,0,,,,No stock row matches enough brand/product/variant detail
SHEA-COS-6642284EEE50,VASELINE INTENSIVE CARE,VASELINE,"COCOA RADIANT ,BODY OIL ,200ML",VASELINE INTENSIVE CARE COCOA RADIANT BODY OIL 200ML,https://cosmeticstoredz.com/produit/vaseline-intensive-care-cocoa-radiant-body-oil-200ml/,200ML,,NO_MATCH,0,,,,No stock row matches enough brand/product/variant detail
SHEA-COS-D028A3506B61,VASELINE INTENSIVE CARE,VASELINE,"VITAMIN B3, BADY OIL",VASELINE INTENSIVE CARE VITAMIN B3 BADY OIL,https://cosmeticstoredz.com/produit/vaseline-intensive-care-vitamin-b3-bady-oil/,,,NO_MATCH,0,,,,No stock row matches enough brand/product/variant detail
SHEA-COS-3547C552BE18,VATIKA APRES SHAMPOOING,VATIKA,"AIL ,200ML",VATIKA APRES SHAMPOOING AIL 200ML,https://cosmeticstoredz.com/produit/vatika-apres-shampooing-ail-200ml/,200ML,,NO_MATCH,0,,,,No stock row matches enough brand/product/variant detail
SHEA-COS-6B5C6D1FD46D,VATIKA APRES SHAMPOOING,VATIKA,"OEUF ,200ML",VATIKA APRES SHAMPOOING OEUF 200ML,https://cosmeticstoredz.com/produit/vatika-apres-shampooing-oeuf-200ml/,200ML,,NO_MATCH,0,,,,No stock row matches enough brand/product/variant detail
SHEA-COS-78CB6BF91982,VATIKA HAIR CREAM,VATIKA,"ANTI DANDRUFF, 70ML",VATIKA HAIR CREAM ANTI DANDRUFF 70ML,https://cosmeticstoredz.com/produit/vatika-hair-cream-anti-dandruff-70ml/,70ML,,NO_MATCH,0,,,,No stock row matches enough brand/product/variant detail
SHEA-COS-8FD09B43BA31,VATIKA HUILE,VATIKA,"200ML ,BLACK SEED",VATIKA HUILE 200ML BLACK SEED,https://cosmeticstoredz.com/produit/vatika-huile-200ml-black-seed/,200ML,,NO_MATCH,0,,,,No stock row matches enough brand/product/variant detail
SHEA-COS-48B4BFB7C684,VATIKA HUILE,VATIKA,"200ML ,COCONUT",VATIKA HUILE 200ML COCONUT,https://cosmeticstoredz.com/produit/vatika-huile-200ml-coconut/,200ML,,NO_MATCH,0,,,,No stock row matches enough brand/product/variant detail
SHEA-COS-703722BE4D2D,VATIKA SHP,VATIKA,"200ML ,AIL",VATIKA SHP 200ML AIL,https://cosmeticstoredz.com/produit/vatika-shp-200ml-ail/,200ML,,NO_MATCH,0,,,,No stock row matches enough brand/product/variant detail
SHEA-COS-1E3DA69565CE,VATIKA SHP,VATIKA,"200ML ,ALMOND",VATIKA SHP 200ML ALMOND,https://cosmeticstoredz.com/produit/vatika-shp-200ml-almond/,200ML,,NO_MATCH,0,,,,No stock row matches enough brand/product/variant detail
SHEA-COS-1111919B2A7C,VATIKA SHP,VATIKA,"200ML ,OLIVE",VATIKA SHP 200ML OLIVE,https://cosmeticstoredz.com/produit/vatika-shp-200ml-olive/,200ML,,NO_MATCH,0,,,,No stock row matches enough brand/product/variant detail
SHEA-COS-AC7283E5C9DA,VENUS APRES SHP HAIR REPAIR A L’ACIDE HYALURONIQUE,VENUS,200ML,VENUS APRES SHP HAIR REPAIR A L’ACIDE HYALURONIQUE 200ML,https://cosmeticstoredz.com/produit/venus-apres-shp-hair-repair-a-lacide-hyaluronique-200ml/,200ML,,NO_MATCH,0,,,,No stock row matches enough brand/product/variant detail
SHEA-COS-2B379F612BC3,VENUS BOTANICAL SHP,VENUS,"400ML, CHVX ABIMES",VENUS BOTANICAL SHP 400ML CHVX ABIMES,https://cosmeticstoredz.com/produit/venus-botanical-shp-400ml-chvx-abimes/,400ML,,NO_MATCH,0,,,,No stock row matches enough brand/product/variant detail
SHEA-COS-F0A341719893,VENUS BRUME PARFUMEE,VENUS,"150ML, ELIXIR FLORAL",VENUS BRUME PARFUMEE 150ML ELIXIR FLORAL,https://cosmeticstoredz.com/produit/venus-brume-parfumee-150ml-elixir-floral/,150ML,,NO_MATCH,0,,,,No stock row matches enough brand/product/variant detail
SHEA-COS-13FBA5BD67F1,VENUS CREME ANTI RIDE,VENUS,Default,VENUS CREME ANTI RIDE,https://cosmeticstoredz.com/produit/venus-creme-anti-ride/,,,REVIEW_NO_SIZE,1,6130024002200 | CSV line 5361 | C VENUS ANTI RIDE | score 73 | name 0.75 variant 1.00,,,Catalog or stock designation lacks a matching size; physical pack required
SHEA-COS-D1047A3C6722,VENUS DEODORANT,VENUS,"200ML ,COTON",VENUS DEODORANT 200ML COTON,https://cosmeticstoredz.com/produit/venus-deodorant-200ml-coton/,200ML,,NO_MATCH,0,,,,No stock row matches enough brand/product/variant detail
SHEA-COS-2F537DC67979,VENUS DEODORANT,VENUS,"200ML ,LOVE IS IN THE AIR",VENUS DEODORANT 200ML LOVE IS IN THE AIR,https://cosmeticstoredz.com/produit/venus-deodorant-200ml-love-is-in-the-air/,200ML,,NO_MATCH,0,,,,No stock row matches enough brand/product/variant detail
SHEA-COS-D8D621956206,VENUS EAU DE PARFUM,VENUS,"100ML ,EDEN LOVELY",VENUS EAU DE PARFUM 100ML EDEN LOVELY,https://cosmeticstoredz.com/produit/venus-eau-de-parfum-100ml-eden-lovely/,100ML,,NO_MATCH,0,,,,No stock row matches enough brand/product/variant detail
SHEA-COS-19A23414CC40,VENUS EAU DE PARFUM,VENUS,"100ML ,EDEN STAR",VENUS EAU DE PARFUM 100ML EDEN STAR,https://cosmeticstoredz.com/produit/venus-eau-de-parfum-100ml-eden-star/,100ML,,NO_MATCH,0,,,,No stock row matches enough brand/product/variant detail
SHEA-COS-38421D664E30,VENUS EAUX MICILLAIRE,VENUS,200ML,VENUS EAUX MICILLAIRE 200ML,https://cosmeticstoredz.com/produit/venus-eaux-micillaire-200ml/,200ML,,NO_MATCH,0,,,,No stock row matches enough brand/product/variant detail
SHEA-COS-3EA2D4329AD0,VENUS ECRAN TOTAL 60,VENUS,Default,VENUS ECRAN TOTAL 60,https://cosmeticstoredz.com/produit/venus-ecran-total-60/,,,NO_MATCH,0,,,,No stock row matches enough brand/product/variant detail
SHEA-COS-1ADEA1EBCA4E,VENUS GEL DOUCHE,VENUS,"240ML, EDEN LOVELY",VENUS GEL DOUCHE 240ML EDEN LOVELY,https://cosmeticstoredz.com/produit/venus-gel-douche-240ml-eden-lovely/,240ML,,NO_MATCH,0,,,,No stock row matches enough brand/product/variant detail
SHEA-COS-CD73A6EC0678,VENUS GEL DOUCHE,VENUS,"240ML ,TENTATION EXOTIQUE",VENUS GEL DOUCHE 240ML TENTATION EXOTIQUE,https://cosmeticstoredz.com/produit/venus-gel-douche-240ml-tentation-exotique/,240ML,,NO_MATCH,0,,,,No stock row matches enough brand/product/variant detail
SHEA-COS-6CF76D4842C2,VENUS GEL NETOYANT,VENUS,EXFOLIANT,VENUS GEL NETOYANT EXFOLIANT,https://cosmeticstoredz.com/produit/venus-gel-net-exfoliant/,,,NO_MATCH,0,,,,No stock row matches enough brand/product/variant detail
SHEA-COS-C8BC4D704C02,VENUS GEL NETOYANT,VENUS,PURIFIANT,VENUS GEL NETOYANT PURIFIANT,https://cosmeticstoredz.com/produit/venus-gel-net-purifiant/,,,NO_MATCH,0,,,,No stock row matches enough brand/product/variant detail
SHEA-COS-CC77DA84A403,VENUS GEL NETOYANT,VENUS,PURIFIANT 150ML P+,VENUS GEL NETOYANT PURIFIANT 150ML P+,https://cosmeticstoredz.com/produit/venus-gel-netoyant-purifiant-150ml-p/,150ML,,NO_MATCH,0,,,,No stock row matches enough brand/product/variant detail
SHEA-COS-9D66409A510E,VENUS GEL NETOYANT,VENUS,ECLAT PEAU SECHES,VENUS GEL NETOYANT ECLAT PEAU SECHES,https://cosmeticstoredz.com/produit/venus-gel-nett-eclat-peau-seches/,,,NO_MATCH,0,,,,No stock row matches enough brand/product/variant detail
SHEA-COS-B879D096CC66,VENUS GEL NETOYANT,VENUS,PURETE,VENUS GEL NETOYANT PURETE,https://cosmeticstoredz.com/produit/venus-gel-nett-purete/,,,NO_MATCH,0,,,,No stock row matches enough brand/product/variant detail
SHEA-COS-1E679CC5EE6E,VENUS GEL NETT DETOX PEAU MIXT,VENUS,Default,VENUS GEL NETT DETOX PEAU MIXT,https://cosmeticstoredz.com/produit/venus-gel-nett-detox-peau-mixt/,,,NO_MATCH,0,,,,No stock row matches enough brand/product/variant detail
SHEA-COS-48594E39751F,VENUS GILLETTE CONFORTGLIDE COCONUT 5LAME,VENUS,Default,VENUS GILLETTE CONFORTGLIDE COCONUT 5LAME,https://cosmeticstoredz.com/produit/venus-gillette-confortglide-coconut-5lame/,,,NO_MATCH,0,,,,No stock row matches enough brand/product/variant detail
SHEA-COS-27DBF7A9CA8E,VENUS LINGETTES DEMAQ MAKE UP WATERPROOF,VENUS,Default,VENUS LINGETTES DEMAQ MAKE UP WATERPROOF,https://cosmeticstoredz.com/produit/venus-lingettes-demaq-make-up-waterproof/,,,NO_MATCH,0,,,,No stock row matches enough brand/product/variant detail
SHEA-COS-412B1F19794F,VENUS MASQUE SANS SULFATE POT,VENUS,Default,VENUS MASQUE SANS SULFATE POT,https://cosmeticstoredz.com/produit/venus-masque-sans-sulfate-pot/,,,NO_MATCH,0,,,,No stock row matches enough brand/product/variant detail
SHEA-COS-EDB63A8EF9AC,VENUS SERUM,VENUS,"150ML, GLOSS CHVX COLORES",VENUS SERUM 150ML GLOSS CHVX COLORES,https://cosmeticstoredz.com/produit/venus-serum-150ml-gloss-chvx-colores/,150ML,,NO_MATCH,0,,,,No stock row matches enough brand/product/variant detail
SHEA-COS-0CB3A2E26F7D,VENUS SERUM,VENUS,"150ML, REPAIR CHVX SEC",VENUS SERUM 150ML REPAIR CHVX SEC,https://cosmeticstoredz.com/produit/venus-serum-150ml-repair-chvx-sec/,150ML,,NO_MATCH,0,,,,No stock row matches enough brand/product/variant detail
SHEA-COS-2DEF7F35DC2B,VENUS SHP MICILLAIRE,VENUS,"270ML ,RITUEL MICELLAIRE ,AU CONCOMBRE HYDRATANT",VENUS SHP MICILLAIRE 270ML RITUEL MICELLAIRE AU CONCOMBRE HYDRATANT,https://cosmeticstoredz.com/produit/venus-shp-micillaire-270ml-rituel-micellaire-au-concombre-hydratant/,270ML,,NO_MATCH,0,,,,No stock row matches enough brand/product/variant detail
SHEA-COS-056A726024AF,VENUS SHP MICILLAIRE,VENUS,"270ML ,RITUEL MICELLAIRE ,AU CONCOMBRE SENSITIVE",VENUS SHP MICILLAIRE 270ML RITUEL MICELLAIRE AU CONCOMBRE SENSITIVE,https://cosmeticstoredz.com/produit/venus-shp-micillaire-270ml-rituel-micellaire-au-concombre-sensitive/,270ML,,NO_MATCH,0,,,,No stock row matches enough brand/product/variant detail
SHEA-COS-45B6AB186FCA,VICHY ECRAN TOTAL CREME CAPITAL SOLEIL,VICHY,"50SPF ,PEAUX NORMALE , SECHE",VICHY ECRAN TOTAL CREME CAPITAL SOLEIL +50SPF PEAUX NORMALE A SECHE,https://cosmeticstoredz.com/produit/vichy-ecran-total-creme-capital-soleil-50spf-peaux-normale-a-seche/,,,NO_MATCH,0,,,,No stock row matches enough brand/product/variant detail
SHEA-COS-C56DAD24FA43,VICHY MINERAL 89,VICHY,"EAU VOLCANIQUE ,ACID HYALORONIQUE ,50ML",VICHY MINERAL 89 EAU VOLCANIQUE ACID HYALORONIQUE 50ML,https://cosmeticstoredz.com/produit/vichy-mineral-89-eau-volcanique-acid-hyaloronique-50ml/,50ML,,NO_MATCH,0,,,,No stock row matches enough brand/product/variant detail
SHEA-COS-E90CE1CC8EC7,VICHY MINERAL 89,VICHY,"PROBIOTIC FRACTION ,30ML",VICHY MINERAL 89 PROBIOTIC FRACTION 30ML,https://cosmeticstoredz.com/produit/vichy-mineral-89-probiotic-fraction-30ml/,30ML,,NO_MATCH,0,,,,No stock row matches enough brand/product/variant detail
SHEA-COS-05EDEBE70128,VICHY NORMADERM ANTI AGE,VICHY,50ML,VICHY NORMADERM ANTI AGE 50ML,https://cosmeticstoredz.com/produit/vichy-normaderm-anti-age-50ml/,50ML,,NO_MATCH,0,,,,No stock row matches enough brand/product/variant detail
SHEA-COS-804564F308F5,VIOLA A/SHP,VIOLA,"175ML,CHVX NORMAUX ,A PELLICULES",VIOLA A/SHP 175ML CHVX NORMAUX A PELLICULES,https://cosmeticstoredz.com/produit/viola-a-shp-175ml-chvx-normaux-a-pellicules/,175ML,,NO_MATCH,0,,,,No stock row matches enough brand/product/variant detail
SHEA-COS-06A88A868E93,VIOLA A/SHP,VIOLA,"350ML, CHVX NORMAUX, A PELLICULES",VIOLA A/SHP 350ML CHVX NORMAUX A PELLICULES,https://cosmeticstoredz.com/produit/viola-a-shp-350ml-chvx-normaux-a-pellicules/,350ML,,NO_MATCH,0,,,,No stock row matches enough brand/product/variant detail
SHEA-COS-7C8D368F6028,VIOLA APRES SHAMPOING,VIOLA,"175ML ,ANTI-OXYDANT ,CARE DETOX",VIOLA APRES SHAMPOING 175ML ANTI-OXYDANT CARE DETOX,https://cosmeticstoredz.com/produit/viola-a-shp-175ml-anti-oxydant-care-detox/,175ML,,NO_MATCH,0,,,,No stock row matches enough brand/product/variant detail
SHEA-COS-B61001450AFC,VIOLA APRES SHAMPOING,VIOLA,"350ML ,CHVX FRAGILES, TENDANCE A TOMBER",VIOLA APRES SHAMPOING 350ML CHVX FRAGILES TENDANCE A TOMBER,https://cosmeticstoredz.com/produit/viola-a-shp-350ml-chvx-fragiles-tendance-a-tomber/,350ML,,NO_MATCH,0,,,,No stock row matches enough brand/product/variant detail
SHEA-COS-3AA4355C5A2B,VIOLA APRES SHAMPOING,VIOLA,"350ML ,CHVX FRISES ,DIFFICILE A LISSER",VIOLA APRES SHAMPOING 350ML CHVX FRISES DIFFICILE A LISSER,https://cosmeticstoredz.com/produit/viola-a-shp-350ml-chvx-frises-difficile-a-lisser/,350ML,,NO_MATCH,0,,,,No stock row matches enough brand/product/variant detail
SHEA-COS-599251EE56FC,VIOLA APRES SHAMPOING,VIOLA,"175ML ,CHEVEUX COLORES, MECHES",VIOLA APRES SHAMPOING 175ML CHEVEUX COLORES MECHES,https://cosmeticstoredz.com/produit/viola-apres-shampooing-175ml-cheveux-colores-meches/,175ML,,NO_MATCH,0,,,,No stock row matches enough brand/product/variant detail
SHEA-COS-7B63E4186D53,VIOLA HUILE DE SOIN PRECIEUSE,VIOLA,7 HUILES ELIXIR,VIOLA HUILE DE SOIN PRECIEUSE 7 HUILES ELIXIR,https://cosmeticstoredz.com/produit/viola-huile-de-soin-precieuse-7-huiles-elixir/,,,NO_MATCH,0,,,,No stock row matches enough brand/product/variant detail
SHEA-COS-787E26CC8BA2,VIOLA HUILE DE SOIN PRECIEUSE,VIOLA,HUILE ORIGINALE,VIOLA HUILE DE SOIN PRECIEUSE HUILE ORIGINALE,https://cosmeticstoredz.com/produit/viola-huile-de-soin-precieuse-huile-originale/,,,NO_MATCH,0,,,,No stock row matches enough brand/product/variant detail
SHEA-COS-C1D01C5E8BD1,VIOLA SERUM DISCIPLINANT CHEVX,VIOLA,FRAGILES TENDANCE A TOMB,VIOLA SERUM DISCIPLINANT CHEVX FRAGILES TENDANCE A TOMB,https://cosmeticstoredz.com/produit/viola-serum-chvx-fragiles-tendance-a-tomb/,,,NO_MATCH,0,,,,No stock row matches enough brand/product/variant detail
SHEA-COS-3B4A21F9F828,VIOLA SERUM DISCIPLINANT CHEVX,VIOLA,A PELLICULES,VIOLA SERUM DISCIPLINANT CHEVX A PELLICULES,https://cosmeticstoredz.com/produit/viola-serum-disciplinant-chevx-a-pellicules/,,,NO_MATCH,0,,,,No stock row matches enough brand/product/variant detail
SHEA-COS-20CFEE7EF12A,VIOLA SERUM DISCIPLINANT CHEVX,VIOLA,PLATS TRES FINS,VIOLA SERUM DISCIPLINANT CHEVX PLATS TRES FINS,https://cosmeticstoredz.com/produit/viola-serum-disciplinant-chevx-plats-tres-fins/,,,NO_MATCH,0,,,,No stock row matches enough brand/product/variant detail
SHEA-COS-2418041E5EAF,VIOLA SERUM DISCIPLINANT CHEVX,VIOLA,PERLE ET PROTEINE TERNES,VIOLA SERUM DISCIPLINANT CHEVX PERLE ET PROTEINE TERNES,https://cosmeticstoredz.com/produit/viola-serum-disciplinant-perle-et-proteine-chvx-ternes/,,,NO_MATCH,0,,,,No stock row matches enough brand/product/variant detail
SHEA-COS-A562791554A0,VIOLA SERUM EN CREME,VIOLA,CHVX COLORES,VIOLA SERUM EN CREME CHVX COLORES,https://cosmeticstoredz.com/produit/viola-serum-en-creme-chvx-colores/,,,NO_MATCH,0,,,,No stock row matches enough brand/product/variant detail
SHEA-COS-2E02D5D6E27A,VIOLA SERUM EN CREME,VIOLA,CHVX PLAT TRES FINS,VIOLA SERUM EN CREME CHVX PLAT TRES FINS,https://cosmeticstoredz.com/produit/viola-serum-en-creme-chvx-plat-tres-fins/,,,NO_MATCH,0,,,,No stock row matches enough brand/product/variant detail
SHEA-COS-CAA03E448143,VIOLA SERUM EN CREME CHVX,VIOLA,FRAGILES TENDENCE A TOMBERS,VIOLA SERUM EN CREME CHVX FRAGILES TENDENCE A TOMBERS,https://cosmeticstoredz.com/produit/viola-serum-en-creme-chvx-fragiles-tendence-a-tombers/,,,NO_MATCH,0,,,,No stock row matches enough brand/product/variant detail
SHEA-COS-54472C406778,VIOLA SERUM EN CREME CHVX,VIOLA,FRISES DIFFICILES A LISSER,VIOLA SERUM EN CREME CHVX FRISES DIFFICILES A LISSER,https://cosmeticstoredz.com/produit/viola-serum-en-creme-chvx-frises-difficiles-a-lisser/,,,NO_MATCH,0,,,,No stock row matches enough brand/product/variant detail
SHEA-COS-2837E278657E,VIOLA SERUM EN CREME CHVX,VIOLA,"SECS CASSANTS , ABIMES",VIOLA SERUM EN CREME CHVX SECS CASSANTS ET ABIMES,https://cosmeticstoredz.com/produit/viola-serum-en-creme-chvx-secs-cassants-et-abimes/,,,NO_MATCH,0,,,,No stock row matches enough brand/product/variant detail
SHEA-COS-0AD0CEE4C478,VIOLA SHP,VIOLA,"175ML ,ANTI-OXYDANT ,CARE DETOX",VIOLA SHP 175ML ANTI-OXYDANT CARE DETOX,https://cosmeticstoredz.com/produit/viola-shp-175ml-anti-oxydant-care-detox/,175ML,,NO_MATCH,0,,,,No stock row matches enough brand/product/variant detail
SHEA-COS-336D713ABF16,VIOLA SHP,VIOLA,"175ML ,CHEVEAUX MECHES COLORES",VIOLA SHP 175ML CHEVEAUX MECHES COLORES,https://cosmeticstoredz.com/produit/viola-shp-175ml-cheveaux-meches-colores/,175ML,,NO_MATCH,0,,,,No stock row matches enough brand/product/variant detail
SHEA-COS-FA75480B8418,VIOLA SHP,VIOLA,"350ML, ANTI PELLICULES",VIOLA SHP 350ML ANTI PELLICULES,https://cosmeticstoredz.com/produit/viola-shp-350ml-anti-pellicules/,350ML,,NO_MATCH,0,,,,No stock row matches enough brand/product/variant detail
SHEA-COS-7EEB6459EF12,VIOLA SHP,VIOLA,"350ML ,CHVX COLORES MECHES",VIOLA SHP 350ML CHVX COLORES MECHES,https://cosmeticstoredz.com/produit/viola-shp-350ml-chvx-colores-meches/,350ML,,NO_MATCH,0,,,,No stock row matches enough brand/product/variant detail
SHEA-COS-771A322AB977,VIOLA SHP,VIOLA,"350ML ,CHVX FRISES ,DIFFICILE A LISSER",VIOLA SHP 350ML CHVX FRISES DIFFICILE A LISSER,https://cosmeticstoredz.com/produit/viola-shp-350ml-chvx-frises-difficile-a-lisser/,350ML,,NO_MATCH,0,,,,No stock row matches enough brand/product/variant detail
SHEA-COS-93566A967A39,VIOLA SHP,VIOLA,"350ML ,CHVX SECS CASSANT , ABIMES",VIOLA SHP 350ML CHVX SECS CASSANT & ABIMES,https://cosmeticstoredz.com/produit/viola-shp-350ml-chvx-secs-cassant-abimes/,350ML,,NO_MATCH,0,,,,No stock row matches enough brand/product/variant detail
SHEA-COS-87E94D7EC870,VIOLA SHP,VIOLA,"350ML ,CHVX TERNE, SANS ECLAT",VIOLA SHP 350ML CHVX TERNE SANS ECLAT,https://cosmeticstoredz.com/produit/viola-shp-350ml-chvx-terne-sans-eclat/,350ML,,NO_MATCH,0,,,,No stock row matches enough brand/product/variant detail
SHEA-COS-3297765E49BD,VIOLA SHP,VIOLA,"175ML, CHVX FRAGILES TENDANCE, A TOMBER",VIOLA SHP 175ML CHVX FRAGILES TENDANCE A TOMBER,https://cosmeticstoredz.com/produit/viola-shp-175ml-chvx-fragiles-tendance-a-tomber/,175ML,,NO_MATCH,0,,,,No stock row matches enough brand/product/variant detail
SHEA-COS-A4F4D6EF6E31,VIOLA SHP,VIOLA,"175ML, CHVX FRISES DIFFICILES, A LISSER",VIOLA SHP 175ML CHVX FRISES DIFFICILES A LISSER,https://cosmeticstoredz.com/produit/viola-shp-200ml-chvx-frises-difficiles-a-lisser/,175ML,,NO_MATCH,0,,,,No stock row matches enough brand/product/variant detail
SHEA-COS-5157C0B90139,VIOLA SHP,VIOLA,"200ML ,CHVX PLATS, TRES FINS",VIOLA SHP 200ML CHVX PLATS TRES FINS,https://cosmeticstoredz.com/produit/viola-shp-200ml-chvx-plats-tres-fins/,200ML,,NO_MATCH,0,,,,No stock row matches enough brand/product/variant detail
SHEA-COS-161EA544A6CD,VIOLA SHP,VIOLA,"200ML ,CHVX TERNES, SANS ECLAT",VIOLA SHP 200ML CHVX TERNES SANS ECLAT,https://cosmeticstoredz.com/produit/viola-shp-200ml-chvx-ternes-sans-eclat/,200ML,,NO_MATCH,0,,,,No stock row matches enough brand/product/variant detail
SHEA-COS-558D8D8C678E,VIOLA SHP,VIOLA,"350 ML ,CHVX FRAGILES, TENDANCE A TOMBER",VIOLA SHP 350 ML CHVX FRAGILES TENDANCE A TOMBER,https://cosmeticstoredz.com/produit/viola-shp-400ml-chvx-fragiles-tendance-a-tomber/,350ML,,NO_MATCH,0,,,,No stock row matches enough brand/product/variant detail
SHEA-COS-251B2B433EFC,VIOLA SHP,VIOLA,"400ML ,CHVX TERNES, SANS ECLAT",VIOLA SHP 400ML CHVX TERNES SANS ECLAT,https://cosmeticstoredz.com/produit/viola-shp-400ml-chvx-ternes-sans-eclat/,400ML,,NO_MATCH,0,,,,No stock row matches enough brand/product/variant detail
SHEA-COS-08F48256F4A6,VOLUME 3*1 NAIL CAMOUFLAGE,VOLUME,Default,VOLUME 3*1 NAIL CAMOUFLAGE,https://cosmeticstoredz.com/produit/volume-31-nail-camouflage/,,,NO_MATCH,0,,,,No stock row matches enough brand/product/variant detail
SHEA-COS-ED83E8CF7598,VOLUME COLORATION,VOLUME,1.1 BLUE BLACK,VOLUME COLORATION 1.1 BLUE BLACK,https://cosmeticstoredz.com/produit/volume-coloration-1-1-blue-black/,,,NO_MATCH,0,,,,No stock row matches enough brand/product/variant detail
SHEA-COS-345729DDDFA8,VOLUME COLORATION,VOLUME,10 BLOND PLATINE,VOLUME COLORATION 10 BLOND PLATINE,https://cosmeticstoredz.com/produit/volume-coloration-10-blond-platine/,,,NO_MATCH,0,,,,No stock row matches enough brand/product/variant detail
SHEA-COS-4EEF87D76797,VOLUME COLORATION,VOLUME,10.1 LASH CLAIR,VOLUME COLORATION 10.1 LASH CLAIR,https://cosmeticstoredz.com/produit/volume-coloration-10-1-lash-clair/,,,NO_MATCH,0,,,,No stock row matches enough brand/product/variant detail
SHEA-COS-195E6D44090D,VOLUME COLORATION,VOLUME,10.3 BLOND DORE PLATINE,VOLUME COLORATION 10.3 BLOND DORE PLATINE,https://cosmeticstoredz.com/produit/volume-coloration-10-3-blond-dore-platine/,,,NO_MATCH,0,,,,No stock row matches enough brand/product/variant detail
SHEA-COS-64A33EA11420,VOLUME COLORATION,VOLUME,10.9 PLATNUM NACRE BLOND,VOLUME COLORATION 10.9 PLATNUM NACRE BLOND,https://cosmeticstoredz.com/produit/volume-coloration-10-9-platnum-nacre-blond/,,,NO_MATCH,0,,,,No stock row matches enough brand/product/variant detail
SHEA-COS-1E372756E653,VOLUME COLORATION,VOLUME,3 MARRON FONCE,VOLUME COLORATION 3 MARRON FONCE,https://cosmeticstoredz.com/produit/volume-coloration-3-marron-fonce/,,,NO_MATCH,0,,,,No stock row matches enough brand/product/variant detail
SHEA-COS-0B87C5D31188,VOLUME COLORATION,VOLUME,5.1 MARRON CLAIR CENDRE,VOLUME COLORATION 5.1 MARRON CLAIR CENDRE,https://cosmeticstoredz.com/produit/volume-coloration-5-1-marron-clair-cendre/,,,NO_MATCH,0,,,,No stock row matches enough brand/product/variant detail
SHEA-COS-27B8CF4E79C0,VOLUME COLORATION,VOLUME,5.5 MAHOGANY LIGHT,VOLUME COLORATION 5.5 MAHOGANY LIGHT,https://cosmeticstoredz.com/produit/volume-coloration-5-5-mahogany-light/,,,NO_MATCH,0,,,,No stock row matches enough brand/product/variant detail
SHEA-COS-5C60390ECC0A,VOLUME COLORATION,VOLUME,6 BLOND FONCE,VOLUME COLORATION 6 BLOND FONCE,https://cosmeticstoredz.com/produit/volume-coloration-6-blond-fonce/,,,NO_MATCH,0,,,,No stock row matches enough brand/product/variant detail
SHEA-COS-58219CC44B49,VOLUME COLORATION,VOLUME,6.66 BLOND FONCE ROUGE FONCE,VOLUME COLORATION 6.66 BLOND FONCE ROUGE FONCE,https://cosmeticstoredz.com/produit/volume-coloration-6-66-blond-fonce-rouge-fonce/,,,NO_MATCH,0,,,,No stock row matches enough brand/product/variant detail
SHEA-COS-03A8665B5304,VOLUME COLORATION,VOLUME,7 MEDIUM BLOND,VOLUME COLORATION 7 MEDIUM BLOND,https://cosmeticstoredz.com/produit/volume-coloration-7-medium-blond/,,,NO_MATCH,0,,,,No stock row matches enough brand/product/variant detail
SHEA-COS-2F5CFDDCF798,VOLUME COLORATION,VOLUME,7.1 BLOND CENDRE,VOLUME COLORATION 7.1 BLOND CENDRE,https://cosmeticstoredz.com/produit/volume-coloration-7-1-blond-cendre-3/,,,NO_MATCH,0,,,,No stock row matches enough brand/product/variant detail
SHEA-COS-172106002D42,VOLUME COLORATION,VOLUME,7.3 BLOND DORE,VOLUME COLORATION 7.3 blond dore,https://cosmeticstoredz.com/produit/volume-coloration-7-3-blond-dore/,,,NO_MATCH,0,,,,No stock row matches enough brand/product/variant detail
SHEA-COS-E1E0D29D5B08,VOLUME COLORATION,VOLUME,8 BLOND CLAIR,VOLUME COLORATION 8 BLOND CLAIR,https://cosmeticstoredz.com/produit/volume-coloration-8-blond-clair/,,,NO_MATCH,0,,,,No stock row matches enough brand/product/variant detail
SHEA-COS-3A5F0DF49E70,VOLUME COLORATION,VOLUME,8.1 BLOND CLAIR CENDRE,VOLUME COLORATION 8.1 BLOND CLAIR CENDRE,https://cosmeticstoredz.com/produit/volume-coloration-8-1-blond-clair-cendre/,,,NO_MATCH,0,,,,No stock row matches enough brand/product/variant detail
SHEA-COS-D656A4B65234,VOLUME COLORATION,VOLUME,8.3 BLOND CLAIR DORE,VOLUME COLORATION 8.3 BLOND CLAIR DORE,https://cosmeticstoredz.com/produit/volume-coloration-8-3-blond-clair-dore/,,,NO_MATCH,0,,,,No stock row matches enough brand/product/variant detail
SHEA-COS-8AA04593F5AE,VOLUME COLORATION,VOLUME,9 BLOND TRES CLAIR,VOLUME COLORATION 9 BLOND TRES CLAIR,https://cosmeticstoredz.com/produit/volume-coloration-9-blond-tres-clair/,,,NO_MATCH,0,,,,No stock row matches enough brand/product/variant detail
SHEA-COS-72EE5F9B7F31,VOLUME COLORATION,VOLUME,9.1 BLOND TRES CLAIR CENDRE,VOLUME COLORATION 9.1 BLOND TRES CLAIR CENDRE,https://cosmeticstoredz.com/produit/volume-coloration-9-1-blond-tres-clair-cendre/,,,NO_MATCH,0,,,,No stock row matches enough brand/product/variant detail
SHEA-COS-5F11E4066671,VOLUME COLORATION,VOLUME,9.11 VERY LAIGHT MATT BLOND,VOLUME COLORATION 9.11 VERY LAIGHT MATT BLOND,https://cosmeticstoredz.com/produit/volume-coloration-9-11-very-laight-matt-blond/,,,NO_MATCH,0,,,,No stock row matches enough brand/product/variant detail
SHEA-COS-85B9AAA1D9C4,VOLUME COLORATION,VOLUME,9.3 VERY GOLDEN BLOND,VOLUME COLORATION 9.3 VERY GOLDEN BLOND,https://cosmeticstoredz.com/produit/volume-coloration-9-3-very-golden-blond/,,,NO_MATCH,0,,,,No stock row matches enough brand/product/variant detail
SHEA-COS-74505D081BBB,VOLUME CRAYON KAJAL,VOLUME,BLANC,VOLUME CRAYON KAJAL BLANC,https://cosmeticstoredz.com/produit/volume-crayon-kajal-blanc/,,,NO_MATCH,0,,,,No stock row matches enough brand/product/variant detail
SHEA-COS-7DEF30D4279D,VOLUME CRAYON KAJAL,VOLUME,BLEU,VOLUME CRAYON KAJAL BLEU,https://cosmeticstoredz.com/produit/volume-crayon-kajal-bleu/,,,NO_MATCH,0,,,,No stock row matches enough brand/product/variant detail
SHEA-COS-53915771A4D7,VOLUME CRAYON KAJAL,VOLUME,VERT,VOLUME CRAYON KAJAL VERT,https://cosmeticstoredz.com/produit/volume-crayon-kajal-vert/,,,NO_MATCH,0,,,,No stock row matches enough brand/product/variant detail
SHEA-COS-A42E2E7A7118,VOLUME EYEBROW AND EYELINER COLOSSAL,VOLUME,101,VOLUME EYEBROW AND EYELINER COLOSSAL 101,https://cosmeticstoredz.com/produit/volume-eyebrow-and-eyeliner-colossal-101/,,,NO_MATCH,0,,,,No stock row matches enough brand/product/variant detail
SHEA-COS-50A151440356,VOLUME EYEBROW AND EYELINER COLOSSAL,VOLUME,102,VOLUME EYEBROW AND EYELINER COLOSSAL 102,https://cosmeticstoredz.com/produit/volume-eyebrow-and-eyeliner-colossal-102/,,,NO_MATCH,0,,,,No stock row matches enough brand/product/variant detail
SHEA-COS-2FE6B1A0852F,VOLUME EYEBROW AND EYELINER COLOSSAL,VOLUME,103,VOLUME EYEBROW AND EYELINER COLOSSAL 103,https://cosmeticstoredz.com/produit/volume-eyebrow-and-eyeliner-colossal-103/,,,NO_MATCH,0,,,,No stock row matches enough brand/product/variant detail
SHEA-COS-29A7CE795F0F,VOLUME EYEBROW AND EYELINER COLOSSAL,VOLUME,104,VOLUME EYEBROW AND EYELINER COLOSSAL 104,https://cosmeticstoredz.com/produit/volume-eyebrow-and-eyeliner-colossal-104/,,,NO_MATCH,0,,,,No stock row matches enough brand/product/variant detail
SHEA-COS-675BF8920A16,VOLUME FDT VEGAN VELVET,VOLUME,80,VOLUME FDT VEGAN VELVET 80,https://cosmeticstoredz.com/produit/volume-fdt-vegan-velvet-80/,,,NO_MATCH,0,,,,No stock row matches enough brand/product/variant detail
SHEA-COS-0AE22E580122,VOLUME FDT VEGAN VELVET,VOLUME,91,VOLUME FDT VEGAN VELVET 91,https://cosmeticstoredz.com/produit/volume-fdt-vegan-velvet-91/,,,NO_MATCH,0,,,,No stock row matches enough brand/product/variant detail
SHEA-COS-7941ECBFD606,VOLUME FDT VEGAN VELVET,VOLUME,92,VOLUME FDT VEGAN VELVET 92,https://cosmeticstoredz.com/produit/volume-fdt-vegan-velvet-92/,,,NO_MATCH,0,,,,No stock row matches enough brand/product/variant detail
SHEA-COS-AB5DBBBD204A,VOLUME FDT VEGAN VELVET,VOLUME,93,VOLUME FDT VEGAN VELVET 93,https://cosmeticstoredz.com/produit/volume-fdt-vegan-velvet-93/,,,NO_MATCH,0,,,,No stock row matches enough brand/product/variant detail
SHEA-COS-E43D37E47594,VOLUME FOND DE TEINT,VOLUME,TUBE,VOLUME FOND DE TEINT TUBE,https://cosmeticstoredz.com/produit/volume-fdt-tube/,,,NO_MATCH,0,,,,No stock row matches enough brand/product/variant detail
SHEA-COS-894B5DBBCEFF,VOLUME FOND DE TEINT VEGAN TUBE,VOLUME,12,VOLUME FOND DE TEINT VEGAN TUBE 12,https://cosmeticstoredz.com/produit/volume-fond-de-teint-vegan-tube-12/,,,NO_MATCH,0,,,,No stock row matches enough brand/product/variant detail
SHEA-COS-ABE5AC7ED12F,VOLUME FOND DE TEINT VEGAN TUBE,VOLUME,14,VOLUME FOND DE TEINT VEGAN TUBE 14,https://cosmeticstoredz.com/produit/volume-fond-de-teint-vegan-tube-14/,,,NO_MATCH,0,,,,No stock row matches enough brand/product/variant detail
SHEA-COS-18A2F72C94F7,VOLUME FOUNDATION H24,VOLUME,N°2,VOLUME FOUNDATION H24 N°2,https://cosmeticstoredz.com/produit/volume-foundation-h24-n2/,,,NO_MATCH,0,,,,No stock row matches enough brand/product/variant detail
SHEA-COS-1DB895EF84C6,VOLUME FOUNDATION H24,VOLUME,N°1,VOLUME FOUNDATION H24 N°1,https://cosmeticstoredz.com/produit/volume-foundation-h24-n1/,,,NO_MATCH,0,,,,No stock row matches enough brand/product/variant detail
SHEA-COS-0BEC8F8D1103,VOLUME FOUNDATION H24,VOLUME,N°3,VOLUME FOUNDATION H24 N°3,https://cosmeticstoredz.com/produit/volume-foundation-h24-n3/,,,NO_MATCH,0,,,,No stock row matches enough brand/product/variant detail
SHEA-COS-E0230B184D8D,VOLUME FOUNDATION H24,VOLUME,N°4,VOLUME FOUNDATION H24 N°4,https://cosmeticstoredz.com/produit/volume-foundation-h24-n4/,,,NO_MATCH,0,,,,No stock row matches enough brand/product/variant detail
SHEA-COS-486ED788ADAF,VOLUME FOUNDATION H24,VOLUME,N°5,VOLUME FOUNDATION H24 N°5,https://cosmeticstoredz.com/produit/volume-foundation-h24-n5/,,,NO_MATCH,0,,,,No stock row matches enough brand/product/variant detail
SHEA-COS-32F2273A6460,VOLUME FOUNDATION H25,VOLUME,"VOLUME FOUNDATION ,H24, N°6",VOLUME FOUNDATION H24 N°6,https://cosmeticstoredz.com/produit/volume-foundation-h24-n6/,,,NO_MATCH,0,,,,No stock row matches enough brand/product/variant detail
SHEA-COS-8ADEE67E5078,ZORAH CREME VISAGE,ZORAH,LEGERE JOUR,ZORAH CREME VISAGE LEGERE JOUR,https://cosmeticstoredz.com/produit/zorah-creme-visage-legere-jour/,,,NO_MATCH,0,,,,No stock row matches enough brand/product/variant detail
SHEA-COS-722DD794233F,ZORAH CREME VISAGE,ZORAH,"RICHE NUIT ,ULTRA HYDRATANTE",ZORAH CREME VISAGE RICHE NUIT ULTRA HYDRATANTE,https://cosmeticstoredz.com/produit/zorah-creme-visage-riche-nuit-ultra-hydratante/,,,NO_MATCH,0,,,,No stock row matches enough brand/product/variant detail
SHEA-COS-A9EBD0C8612E,ZORAH LOTION ECLAIRCISSANTE,ZORAH,INTIME VERT,ZORAH LOTION ECLAIRCISSANTE INTIME VERT,https://cosmeticstoredz.com/produit/zorah-gel-eclaircissannt/,,,NO_MATCH,0,,,,No stock row matches enough brand/product/variant detail
SHEA-COS-EB2FCFB4DC15,ZORAH LOTION ECLAIRCISSANTE,ZORAH,INTIME ROSE,ZORAH LOTION ECLAIRCISSANTE INTIME ROSE,https://cosmeticstoredz.com/produit/zorah-lotion-eclaircissante-intime/,,,NO_MATCH,0,,,,No stock row matches enough brand/product/variant detail
