product_url,product_name,description,tags,brand,pack_size,url_pack_size,pack_count,current_barcode,status,candidate_count,candidate_1,candidate_2,candidate_3,reason
https://candy-days.com/fr/product/nutella-b-ready,Nutella B-ready,Nutella B-ready 22g — Chocolat.,22g,Nutella,22G,,,,NO_MATCH,0,,,,No plausible stock row has the same name and pack size
https://candy-days.com/fr/product/noix-de-cajou-1er,Noix De Cajou 1ER,Noix De Cajou 1ER — Fruits secs et Nuts.,,,,,,,NEEDS_PACK_SIZE,0,,,,No pack size or plausible stock row; supplier identification required
https://candy-days.com/fr/product/qaada-chocolat,Qaada Chocolat,Qaada Chocolat — Chocolat.,,Qaâda,,,,,REVIEW_NO_SIZE,4,6135129000021 | CSV line 31822 | QAADA AMANDES CITRON | score 70 (1/1 name tokens; brand),6135129000045 | CSV line 31823 | QAADA BEURRE | score 70 (1/1 name tokens; brand),6135129000014 | CSV line 31824 | QAADA CHOCO | score 70 (1/1 name tokens; brand),"Possible name/brand matches, but pack size is missing; do not import"
https://candy-days.com/fr/product/noix-2eme,Noix 2EME,Noix 2EME — Fruits secs et Nuts.,,,,,,,NEEDS_PACK_SIZE,0,,,,No pack size or plausible stock row; supplier identification required
https://candy-days.com/fr/product/noix-chocolat,Noix Chocolat,Noix Chocolat — Fruits secs et Nuts.,,,,,,,REVIEW_NO_SIZE,96,6132501740391 | CSV line 1181 | AMI BILL NOIX DE CALOU | score 60 (1/1 name tokens),6130114000178 | CSV line 1767 | AROME NOIX 60ML | score 60 (1/1 name tokens),6130015063142 | CSV line 3256 | BIMO COOKIES NOIX DE COCO | score 60 (1/1 name tokens),"Possible name/brand matches, but pack size is missing; do not import"
https://candy-days.com/fr/product/mais-mixo,Mais Mixo,Mais Mixo — Fruits secs et Nuts.,,,,,,,NEEDS_PACK_SIZE,0,,,,No pack size or plausible stock row; supplier identification required
https://candy-days.com/fr/product/jelly-been,Jelly Been,Jelly Been — Bonbons gélifiés.,,,,,,,NEEDS_PACK_SIZE,0,,,,No pack size or plausible stock row; supplier identification required
https://candy-days.com/fr/product/pistache,Pistache,Pistache — Fruits secs et Nuts.,,,,,,,REVIEW_NO_SIZE,71,6131508000682 | CSV line 788 | AL AKSA 300G PISTACHE | score 60 (1/1 name tokens),6131508000552 | CSV line 793 | AL AKSA PISTACHE | score 60 (1/1 name tokens),6132504780547 | CSV line 1768 | AROME PISTACHE | score 60 (1/1 name tokens),"Possible name/brand matches, but pack size is missing; do not import"
https://candy-days.com/fr/product/pacan,Pacan,Pacan — Fruits secs et Nuts.,,,,,,,NEEDS_PACK_SIZE,0,,,,No pack size or plausible stock row; supplier identification required
https://candy-days.com/fr/product/freedent-dragees,Freedent Dragees,Freedent Dragees — Chewing-gum.,,Freedent,,,,,NEEDS_PACK_SIZE,0,,,,No pack size or plausible stock row; supplier identification required
https://candy-days.com/fr/product/raisin-jaune,Raisin Jaune,Raisin Jaune — Fruits secs et Nuts.,,,,,,,NEEDS_PACK_SIZE,0,,,,No pack size or plausible stock row; supplier identification required
https://candy-days.com/fr/product/zaria-noir,Zaria Noir,Zaria Noir — Fruits secs et Nuts.,,,,,,,NEEDS_PACK_SIZE,0,,,,No pack size or plausible stock row; supplier identification required
https://candy-days.com/fr/product/kawkaw-normal,Kawkaw Normal,Kawkaw Normal — Fruits secs et Nuts.,,,,,,,NEEDS_PACK_SIZE,0,,,,No pack size or plausible stock row; supplier identification required
https://candy-days.com/fr/product/melody-pops,Melody Pops,Melody Pops — Bonbons gélifiés.,,Chupa Chups,,,,,NEEDS_PACK_SIZE,0,,,,No pack size or plausible stock row; supplier identification required
https://candy-days.com/fr/product/buldak-2-spicy,Buldak 2*SPICY,Buldak 2*SPICY — Snacks & indomie.,,Buldak,,,,,NEEDS_PACK_SIZE,0,,,,No pack size or plausible stock row; supplier identification required
https://candy-days.com/fr/product/kawkaw-fume,Kawkaw Fume,Kawkaw Fume — Fruits secs et Nuts.,,,,,,,NEEDS_PACK_SIZE,0,,,,No pack size or plausible stock row; supplier identification required
https://candy-days.com/fr/product/kawkaw-blanc-fume,Kawkaw Blanc Fume,Kawkaw Blanc Fume — Fruits secs et Nuts.,,,,,,,REVIEW_NO_SIZE,1,8410530505456 | CSV line 4039 | BLANC DINDE FUME | score 40 (2/3 name tokens),,,"Possible name/brand matches, but pack size is missing; do not import"
https://candy-days.com/fr/product/flayk-chips-potato-gm,Flayk Chips Potato GM,Flayk Chips Potato GM — Chips.,,Flayk,,,,,NEEDS_PACK_SIZE,0,,,,No pack size or plausible stock row; supplier identification required
https://candy-days.com/fr/product/kinder-whit,Kinder Whit,Kinder Whit — Chocolat.,,Kinder,,,,,NEEDS_PACK_SIZE,0,,,,No pack size or plausible stock row; supplier identification required
https://candy-days.com/fr/product/quality-street-265g,Quality Street,Quality Street 265G — Chocolat.,265g,Quality Street,265G,265G,,,NO_MATCH,0,,,,No plausible stock row has the same name and pack size
https://candy-days.com/fr/product/lutti-roll-up,Lutti Roll Up,Lutti Roll Up — Bonbons gélifiés.,,Lutti,,,,,NEEDS_PACK_SIZE,0,,,,No pack size or plausible stock row; supplier identification required
https://candy-days.com/fr/product/milka-cookies,Milka Cookies,Milka Cookies — Chocolat.,,Milka,,,,,REVIEW_NO_SIZE,11,7622210005984 | CSV line 19064 | GATO MILKA CHOCO COOKIES | score 70 (2/2 name tokens; brand),7622300356767 | CSV line 27522 | MILKA CHOCO COOKIES | score 70 (2/2 name tokens; brand),7622300665968 | CSV line 27523 | MILKA CHOCO COOKIES NUTS | score 70 (2/2 name tokens; brand),"Possible name/brand matches, but pack size is missing; do not import"
https://candy-days.com/fr/product/toblerone-50g,Toblerone,Toblerone 50G — Chocolat.,50g,Toblerone,50G,50G,,76145513,SOURCED,1,76145513 | CSV line 7366 | CHOC TOBLERONE 50G | score 95 (1/1 name tokens; same 50G pack; brand),,,Barcode already present in catalog; see source and research report
https://candy-days.com/fr/product/kawkaw-mixo,Kawkaw Mixo,Kawkaw Mixo — Fruits secs et Nuts.,,,,,,,NEEDS_PACK_SIZE,0,,,,No pack size or plausible stock row; supplier identification required
https://candy-days.com/fr/product/noix-de-cajou-2em,Noix De Cajou 2EM,Noix De Cajou 2EM — Fruits secs et Nuts.,,,,,,,NEEDS_PACK_SIZE,0,,,,No pack size or plausible stock row; supplier identification required
https://candy-days.com/fr/product/amande-sans-sel,Amande Sans Sel,Amande Sans Sel — Fruits secs et Nuts.,,,,,,,REVIEW_NO_SIZE,8,6132500950029 | CSV line 3365 | BISC SALEM SANS SEL | score 40 (2/3 name tokens),6132508030419 | CSV line 3451 | BISCOTE CHAFIA SANS SEL | score 40 (2/3 name tokens),3760099593407 | CSV line 12195 | DEO CADUM SANS SEL | score 40 (2/3 name tokens),"Possible name/brand matches, but pack size is missing; do not import"
https://candy-days.com/fr/product/noix-melange-sale,Noix Melange Sale,Noix Melange Sale — Fruits secs et Nuts.,,,,,,,NEEDS_PACK_SIZE,0,,,,No pack size or plausible stock row; supplier identification required
https://candy-days.com/fr/product/snickers-50g,Snickers,Snickers 50G — Chocolat.,50g,Snickers,50G,50G,,,NO_MATCH,0,,,,No plausible stock row has the same name and pack size
https://candy-days.com/fr/product/amande-sale,Amande Sale,Amande Sale — Fruits secs et Nuts.,,,,,,,REVIEW_NO_SIZE,3,2002021201990 | CSV line 1067 | AMANDE SALE 100G | score 60 (2/2 name tokens),8410148500027 | CSV line 1068 | AMANDE SALE BORGES | score 60 (2/2 name tokens),4018077775932 | CSV line 25962 | LORENZ/AMANDE SALE | score 60 (2/2 name tokens),"Possible name/brand matches, but pack size is missing; do not import"
https://candy-days.com/fr/product/noix-de-cajou-fume,Noix De Cajou Fume,Noix De Cajou Fume — Fruits secs et Nuts.,,,,,,,NEEDS_PACK_SIZE,0,,,,No pack size or plausible stock row; supplier identification required
https://candy-days.com/fr/product/kids-joy-max,Kids Joy Max,Kids Joy Max — Chocolat.,,,,,,,NEEDS_PACK_SIZE,0,,,,No pack size or plausible stock row; supplier identification required
https://candy-days.com/fr/product/silver-cheps-pm,Silver Cheps PM,Silver Cheps PM — Chips.,,Silver Chips,,,,,NEEDS_PACK_SIZE,0,,,,No pack size or plausible stock row; supplier identification required
https://candy-days.com/fr/product/marshamallow-playta,Marshamallow Playta,Marshamallow Playta — Bonbons gélifiés.,,Playta,,,,,NEEDS_PACK_SIZE,0,,,,No pack size or plausible stock row; supplier identification required
https://candy-days.com/fr/product/kinder-maxi-t-11,Kinder Maxi,Kinder Maxi T 11 — Chocolat.,T11,Kinder,,,11,4008400828022,SOURCED,1,4008400828022 | CSV line 23443 | KINDER MAXI 11U | score 90 (2/2 name tokens; same 11-unit pack; brand),,,Barcode already present in catalog; see source and research report
https://candy-days.com/fr/product/flayk-potato-mm,Flayk Potato Mm,Flayk Potato Mm — Chips.,,Flayk,,,,,NEEDS_PACK_SIZE,0,,,,No pack size or plausible stock row; supplier identification required
https://candy-days.com/fr/product/kawkaw-jaljlan,Kawkaw Jaljlan,Kawkaw Jaljlan — Fruits secs et Nuts.,,,,,,,NEEDS_PACK_SIZE,0,,,,No pack size or plausible stock row; supplier identification required
https://candy-days.com/fr/product/raisan-noir,Raisan Noir,Raisan Noir — Fruits secs et Nuts.,,,,,,,NEEDS_PACK_SIZE,0,,,,No pack size or plausible stock row; supplier identification required
https://candy-days.com/fr/product/kinder-maxi,Kinder Maxi,Kinder Maxi — Chocolat.,,Kinder,,,,,REVIEW_NO_SIZE,6,4008400221021 | CSV line 23442 | KINDER MAXI 10BATON | score 70 (2/2 name tokens; brand),4008400828022 | CSV line 23443 | KINDER MAXI 11U | score 70 (2/2 name tokens; brand),40084077 | CSV line 23444 | KINDER MAXI 1U | score 70 (2/2 name tokens; brand),"Possible name/brand matches, but pack size is missing; do not import"
https://candy-days.com/fr/product/pistache-sale,Pistache Sale,Pistache Sale — Fruits secs et Nuts.,,,,,,,NEEDS_PACK_SIZE,0,,,,No pack size or plausible stock row; supplier identification required
https://candy-days.com/fr/product/buldak-3-spicy,Buldak 3*SPICY,Buldak 3*SPICY — Snacks & indomie.,,Buldak,,,,,NEEDS_PACK_SIZE,0,,,,No pack size or plausible stock row; supplier identification required
https://candy-days.com/fr/product/noix-de-cajou-sans-sel,Noix De Cajou Sans Sel*,Noix De Cajou Sans Sel* — Fruits secs et Nuts.,,,,,,,NEEDS_PACK_SIZE,0,,,,No pack size or plausible stock row; supplier identification required
https://candy-days.com/fr/product/amayas-chips-potato-gm,Amayas Chips Potato GM,Amayas Chips Potato GM — Chips.,,Amayas,,,,,NEEDS_PACK_SIZE,0,,,,No pack size or plausible stock row; supplier identification required
https://candy-days.com/fr/product/zaria-blanc-sale,Zaria Blanc Sale,Zaria Blanc Sale — Fruits secs et Nuts.,,,,,,,NEEDS_PACK_SIZE,0,,,,No pack size or plausible stock row; supplier identification required
https://candy-days.com/fr/product/mentos-pure-fresh,Mentos Pure Fresh,Mentos Pure Fresh — Chewing-gum.,,Mentos,,,,,REVIEW_NO_SIZE,1,80874959 | CSV line 27231 | MENTOS PURE FRESH | score 70 (3/3 name tokens; brand),,,"Possible name/brand matches, but pack size is missing; do not import"
https://candy-days.com/fr/product/amande,Amande,Amande — Fruits secs et Nuts.,,,,,,,REVIEW_NO_SIZE,143,3251248034105 | CSV line 292 | A/SH P.MARS AMANDE | score 60 (1/1 name tokens),6131508000330 | CSV line 784 | AL AKSA 230G AMANDE | score 60 (1/1 name tokens),6131508000699 | CSV line 787 | AL AKSA 300G AMANDE | score 60 (1/1 name tokens),"Possible name/brand matches, but pack size is missing; do not import"
https://candy-days.com/fr/product/graine-vete-sale,Graine Vete Sale,Graine Vete Sale — Fruits secs et Nuts.,,,,,,,NEEDS_PACK_SIZE,0,,,,No pack size or plausible stock row; supplier identification required
https://candy-days.com/fr/product/amande-fume,Amande Fume,Amande Fume — Fruits secs et Nuts.,,,,,,,REVIEW_NO_SIZE,1,4018077642050 | CSV line 25961 | LORENZ/AMANDE FUME | score 60 (2/2 name tokens),,,"Possible name/brand matches, but pack size is missing; do not import"
https://candy-days.com/fr/product/jelly-candy,Jelly Candy,Jelly Candy — Bonbons gélifiés.,,,,,,,REVIEW_NO_SIZE,29,4820046862938 | CSV line 4591 | BONBON ROSHEN JELLY | score 60 (1/1 name tokens),8697422936684 | CSV line 8744 | COFFRET JELLY | score 60 (1/1 name tokens),8697422936554 | CSV line 16882 | FARINE JELLY | score 60 (1/1 name tokens),"Possible name/brand matches, but pack size is missing; do not import"
https://candy-days.com/fr/product/mars,Mars,Mars — Chocolat.,,Mars,,,,,REVIEW_NO_SIZE,79,3251248034105 | CSV line 292 | A/SH P.MARS AMANDE | score 70 (1/1 name tokens; brand),3251248034204 | CSV line 293 | A/SH P.MARS AV/COQ | score 70 (1/1 name tokens; brand),3251248034303 | CSV line 294 | A/SH P.MARS IRIS BL | score 70 (1/1 name tokens; brand),"Possible name/brand matches, but pack size is missing; do not import"
https://candy-days.com/fr/product/fruit-sec-melange,Fruit Sec Melange,Fruit Sec Melange — Fruits secs et Nuts.,,,,,,,REVIEW_NO_SIZE,4,6291014110722 | CSV line 2964 | BEST MELANGE FRUIT/S | score 40 (2/3 name tokens),3451040102082 | CSV line 27152 | MELANGE F SEC 250G | score 40 (2/3 name tokens),3451040021314 | CSV line 27153 | MELANGE FRUIT SEC125 | score 40 (2/3 name tokens),"Possible name/brand matches, but pack size is missing; do not import"
https://candy-days.com/fr/product/noix-du-brisel,Noix Du Brisel,Noix Du Brisel — Fruits secs et Nuts.,,,,,,,NEEDS_PACK_SIZE,0,,,,No pack size or plausible stock row; supplier identification required
https://candy-days.com/fr/product/grain-verte,graines de citrouille,graines de citrouille — Fruits secs et Nuts.,,,,,,,NEEDS_PACK_SIZE,0,,,,No pack size or plausible stock row; supplier identification required
https://candy-days.com/fr/product/dips-crazy,Crazy Dips,Crazy Dips — Bonbons gélifiés.,,Chupa Chups,,,,,NEEDS_PACK_SIZE,0,,,,No pack size or plausible stock row; supplier identification required
https://candy-days.com/fr/product/noix-1er,Noix 1ER,Noix 1ER — Fruits secs et Nuts.,,,,,,,NEEDS_PACK_SIZE,0,,,,No pack size or plausible stock row; supplier identification required
https://candy-days.com/fr/product/macadamia,Macadamia,Macadamia — Fruits secs et Nuts.,,,,,,,REVIEW_NO_SIZE,1,4018077747090 | CSV line 25957 | LORENZ MACADAMIA | score 60 (1/1 name tokens),,,"Possible name/brand matches, but pack size is missing; do not import"
https://candy-days.com/fr/product/smarties-t3,Smarties,Smarties 38g — Chocolat.,38g,Smarties,38G,,,40057781,SOURCED,1,40057781 | CSV line 36773 | SMARTIES 38G | score 95 (1/1 name tokens; same 38G pack; brand),,,Barcode already present in catalog; see source and research report
https://candy-days.com/fr/product/kinder-bueno,Kinder Bueno Dark,Kinder Bueno Dark 43g | — Chocolat.,43g,Kinder,43G,,,,NO_MATCH,0,,,,No plausible stock row has the same name and pack size
https://candy-days.com/fr/product/smarties-gm,Smarties GM,Smarties GM — Chocolat.,,Smarties,,,,,REVIEW_NO_SIZE,17,40056487 | CSV line 4596 | BONBON SMARTIES | score 70 (1/1 name tokens; brand),40345178 | CSV line 4597 | BONBON SMARTIES 170G | score 70 (1/1 name tokens; brand),50249466 | CSV line 4648 | BONBONS SMARTIES | score 70 (1/1 name tokens; brand),"Possible name/brand matches, but pack size is missing; do not import"
https://candy-days.com/fr/product/noix-melange-sans-sel,Noix Melange Sans Sel,Noix Melange Sans Sel — Fruits secs et Nuts.,,,,,,,NEEDS_PACK_SIZE,0,,,,No pack size or plausible stock row; supplier identification required
https://candy-days.com/fr/product/kinder-country,Kinder Country,Kinder Country — Chocolat.,,Kinder,,,,,REVIEW_NO_SIZE,4,80310266 | CSV line 23424 | KINDER COUNTRY | score 70 (2/2 name tokens; brand),80177180 | CSV line 23425 | KINDER COUNTRY | score 70 (2/2 name tokens; brand),80176831 | CSV line 23426 | KINDER COUNTRY 9 U | score 70 (2/2 name tokens; brand),"Possible name/brand matches, but pack size is missing; do not import"
https://candy-days.com/fr/product/nutella-750g,Nutella,Nutella 750G — Chocolat.,750g,Nutella,750G,750G,,3017624047509,SOURCED,2,80176800 | CSV line 29075 | NUTELLA 750 GRS | score 95 (1/1 name tokens; same 750G pack; brand),3017624047509 | CSV line 29076 | NUTELLA 750G | score 95 (1/1 name tokens; same 750G pack; brand),,Barcode already present in catalog; see source and research report
https://candy-days.com/fr/product/toblerone-100g,Toblerone Lait Or,Toblerone Lait Or 100g — Chocolat.,100g,Toblerone,100G,100G,,7614500010013,SOURCED,1,7614500010013 | CSV line 7375 | CHOC/TOBLERONE 100G | score 95 (1/1 name tokens; same 100G pack; brand),,,Barcode already present in catalog; see source and research report
https://candy-days.com/fr/product/marribo-marshamallow,Marribo Marshamallow,Marribo Marshamallow — Bonbons gélifiés.,,Haribo,,,,,NEEDS_PACK_SIZE,0,,,,No pack size or plausible stock row; supplier identification required
https://candy-days.com/fr/product/kit-kat-white,Nestlé KitKat,Nestlé KitKat 41.5G — Chocolat.,41.5g,KitKat,41.5G,,,,NO_MATCH,0,,,,No plausible stock row has the same name and pack size
https://candy-days.com/fr/product/kinder-joy,Kinder Joy,Kinder Joy — Chocolat.,,Kinder,,,,,REVIEW_NO_SIZE,7,80310891 | CSV line 23435 | KINDER JOY | score 70 (2/2 name tokens; brand),8000500101308 | CSV line 23436 | KINDER JOY | score 70 (2/2 name tokens; brand),80050360 | CSV line 23437 | KINDER JOY | score 70 (2/2 name tokens; brand),"Possible name/brand matches, but pack size is missing; do not import"
https://candy-days.com/fr/product/ritter-srort,Ritter Srort,Ritter Srort — Chocolat.,,Ritter Sport,,,,,NEEDS_PACK_SIZE,0,,,,No pack size or plausible stock row; supplier identification required
https://candy-days.com/fr/product/twix-bar,Twix Bar,Twix Bar — Chocolat.,,Twix,,,,,REVIEW_NO_SIZE,11,5000159459228 | CSV line 7821 | CHOCOLAT TWIX | score 70 (1/1 name tokens; brand),40111315 | CSV line 7822 | CHOCOLAT TWIX | score 70 (1/1 name tokens; brand),5900951018176 | CSV line 7823 | CHOCOLAT TWIX | score 70 (1/1 name tokens; brand),"Possible name/brand matches, but pack size is missing; do not import"
https://candy-days.com/fr/product/kinder-bons-225g,Kinder Bons,Kinder Bons 225G — Chocolat.,225g,Kinder,225G,225G,,,NO_MATCH,0,,,,No plausible stock row has the same name and pack size
https://candy-days.com/fr/product/kids-marsh-mallow,Kids Marsh Mallow Sachet de guimauves Shneider’s Kid,Kids Marsh Mallow Sachet de guimauves Shneider’s Kid — Bonbons gélifiés.,,Shneider's,,,,,NEEDS_PACK_SIZE,0,,,,No pack size or plausible stock row; supplier identification required
https://candy-days.com/fr/product/nutella-biscuits-304g,Nutella Biscuits,Nutella Biscuits 196 G — Biscuits.,196g,Nutella,196G,304G,,,CONFLICTING_SIZE,0,,,,Catalog pack size 196G disagrees with product URL size 304G; resolve before matching
https://candy-days.com/fr/product/tofita,Tofita,Tofita — Chewing-gum.,,Tofita,,,,,REVIEW_NO_SIZE,1,8690515223913 | CSV line 39704 | TOFITA YUMI KENT 130 | score 70 (1/1 name tokens; brand),,,"Possible name/brand matches, but pack size is missing; do not import"
https://candy-days.com/fr/product/clavileno-100g,CLAVILENO CHOCOLAT LECHE,CLAVILENO CHOCOLAT LECHE 100G — Chocolat.,100g,Clavileño,100G,100G,,,NO_MATCH,0,,,,No plausible stock row has the same name and pack size
https://candy-days.com/fr/product/bountu-bar,Bountu Bar,Bountu Bar — Chocolat.,,Bounty,,,,,NEEDS_PACK_SIZE,0,,,,No pack size or plausible stock row; supplier identification required
https://candy-days.com/fr/product/nutella-400g,Nutella,Nutella 400G — Chocolat.,400g,Nutella,400G,400G,,,REVIEW_MULTIPLE,2,80135876 | CSV line 29071 | NUTELLA 400G | score 95 (1/1 name tokens; same 400G pack; brand),80177128 | CSV line 29072 | NUTELLA 400G | score 95 (1/1 name tokens; same 400G pack; brand),,Multiple plausible codes; inspect the physical pack
https://candy-days.com/fr/product/lindt-excellence-100g,Lindt Excellence 85% Cacao Noir Puissant,Lindt Excellence 85% Cacao Noir Puissant — Chocolat.,,Lindt,,100G,,,REVIEW_NO_SIZE,1,3046920029582 | CSV line 25453 | LINDT NOIR 85 CACAO | score 46 (3/5 name tokens; brand),,,"Possible name/brand matches, but pack size is missing; do not import"
https://candy-days.com/fr/product/ferrero-rocher,Ferrero Rocher,Ferrero Rocher — Chocolat.,,Ferrero Rocher,,,,,REVIEW_NO_SIZE,11,5413548190501 | CSV line 17023 | FERRERO ROCHER 125G | score 70 (2/2 name tokens; brand),8000500037874 | CSV line 17024 | FERRERO ROCHER 16 U | score 70 (2/2 name tokens; brand),8000500013984 | CSV line 17025 | FERRERO ROCHER 16P | score 70 (2/2 name tokens; brand),"Possible name/brand matches, but pack size is missing; do not import"
https://candy-days.com/fr/product/quality-street-357g,Quality Street,Quality Street 357G — Chocolat.,357g,Quality Street,357G,357G,,,NO_MATCH,0,,,,No plausible stock row has the same name and pack size
https://candy-days.com/fr/product/toblerone-35g,Toblerone,Toblerone 35G — Chocolat.,35g,Toblerone,35G,35G,,76145759,SOURCED,1,76145759 | CSV line 39698 | TOBLERONE 35G | score 95 (1/1 name tokens; same 35G pack; brand),,,Barcode already present in catalog; see source and research report
https://candy-days.com/fr/product/chupa-chups,Chupa Chups,Chupa Chups — Sucettes & bonbons durs.,,Chupa Chups,,,,,REVIEW_NO_SIZE,9,4601798048012 | CSV line 7923 | CHUPA CHUPS 48U | score 70 (2/2 name tokens; brand),4601798048036 | CSV line 7924 | CHUPA CHUPS 48U | score 70 (2/2 name tokens; brand),8410031996852 | CSV line 7925 | CHUPA CHUPS FRUITS | score 70 (2/2 name tokens; brand),"Possible name/brand matches, but pack size is missing; do not import"
https://candy-days.com/fr/product/milka-chocolat-100g,Milka Chocolat,Milka Chocolat 100G — Chocolat.,100g,Milka,100G,100G,,,REVIEW_MULTIPLE,27,7622300754860 | CSV line 27482 | MILKA ALMOND/100G | score 95 (1/1 name tokens; same 100G pack; brand),7622300108540 | CSV line 27499 | MILKA CACAO 100G | score 95 (1/1 name tokens; same 100G pack; brand),7622400015632 | CSV line 27500 | MILKA CAFE 100G | score 95 (1/1 name tokens; same 100G pack; brand),Multiple plausible codes; inspect the physical pack
https://candy-days.com/fr/product/lindt-lindor-150g,Lindt lindor Caramel & Salz,Lindt lindor Caramel & Salz 150g — Chocolat.,150g,Lindt,150G,150G,,,NO_MATCH,0,,,,No plausible stock row has the same name and pack size
https://candy-days.com/fr/product/mentos-t20,Mentos,Mentos T20 — Chewing-gum.,T20,Mentos,,,20,,NEEDS_PACK_SIZE,0,,,,No pack size or plausible stock row; supplier identification required
https://candy-days.com/fr/product/cote-dor-200g,Cote Dor,Cote Dor 200G — Chocolat.,200g,Côte d'Or,200G,200G,,,NO_MATCH,0,,,,No plausible stock row has the same name and pack size
https://candy-days.com/fr/product/happy-full,Happy Full,Happy Full — Bonbons gélifiés.,,Happy Full,,,,,NEEDS_PACK_SIZE,0,,,,No pack size or plausible stock row; supplier identification required
https://candy-days.com/fr/product/ferrero-rocher-t16,Ferrero Rocher,Ferrero Rocher T16 — Chocolat.,T16,Ferrero Rocher,,,16,8000500037874,SOURCED,1,8000500037874 | CSV line 17024 | FERRERO ROCHER 16 U | score 90 (2/2 name tokens; same 16-unit pack; brand),,,Barcode already present in catalog; see source and research report
https://candy-days.com/fr/product/crunch-lait-100g,Crunch Lait,Crunch Lait 100G — Chocolat.,100g,Crunch,100G,100G,,3033710001279,SOURCED,1,3033710001279 | CSV line 7639 | CHOCOLAT CRUNCH 100G | score 95 (1/1 name tokens; same 100G pack; brand),,,Barcode already present in catalog; see source and research report
https://candy-days.com/fr/product/coeur-de-cereale-500g,Coeur De Cereale,Coeur De Cereale 500G — Biscuits.,500g,Cœur de Céréale,500G,500G,,,NO_MATCH,0,,,,No plausible stock row has the same name and pack size
https://candy-days.com/fr/product/cote-dor-45g,Cote Dor,Cote Dor 45G — Chocolat.,45g,Côte d'Or,45G,45G,,,NO_MATCH,0,,,,No plausible stock row has the same name and pack size
https://candy-days.com/fr/product/nestle-atelier,Nestle Atelier,Nestle Atelier — Chocolat.,,Nestlé,,,,,NEEDS_PACK_SIZE,0,,,,No pack size or plausible stock row; supplier identification required
https://candy-days.com/fr/product/ferrero-t-25,Ferrero,Ferrero T 25 — Chocolat.,T25,Ferrero,,,25,,NEEDS_PACK_SIZE,0,,,,No pack size or plausible stock row; supplier identification required
https://candy-days.com/fr/product/haribo-roulette,Haribo Roulette,Haribo Roulette — Bonbons gélifiés.,,Haribo,,,,8691216019805,SOURCED,1,8691216019805 | CSV line 20919 | HARIBO ROULETTE | score 70 (2/2 name tokens; brand),,,Barcode already present in catalog; see source and research report
https://candy-days.com/fr/product/nutella-1kg,Nutella,Nutella 1KG — Chocolat.,1kg,Nutella,1000G,1000G,,,NO_MATCH,0,,,,No plausible stock row has the same name and pack size
https://candy-days.com/fr/product/big-babol-gum,Big Babol Gum,Big Babol Gum — Chewing-gum.,,Big Babol,,,,,NEEDS_PACK_SIZE,0,,,,No pack size or plausible stock row; supplier identification required
https://candy-days.com/fr/product/mnms-1kg,Mnms,Mnms 1KG — Chocolat.,1kg,M&M's,1000G,1000G,,,NO_MATCH,0,,,,No plausible stock row has the same name and pack size
https://candy-days.com/fr/product/ferrero-rocher-100g,Ferrero Rocher,Ferrero Rocher 100G — Chocolat.,100g,Ferrero Rocher,100G,100G,,,NO_MATCH,0,,,,No plausible stock row has the same name and pack size
https://candy-days.com/fr/product/nestle-atelier-170g,Nestle Atelier,Nestle Atelier 170G — Chocolat.,170g,Nestlé,170G,170G,,,NO_MATCH,0,,,,No plausible stock row has the same name and pack size
https://candy-days.com/fr/product/freedent-t6,Freedent,Freedent T6 — Chewing-gum.,T6,Freedent,,,6,,NEEDS_PACK_SIZE,0,,,,No pack size or plausible stock row; supplier identification required
https://candy-days.com/fr/product/kinder-cards,Kinder Cards,Kinder Cards — Chocolat.,,Kinder,,,,,NEEDS_PACK_SIZE,0,,,,No pack size or plausible stock row; supplier identification required
https://candy-days.com/fr/product/kinder-chocolat-t16,Kinder Chocolat,Kinder Chocolat T16 — Chocolat.,T16,Kinder,,,16,,NEEDS_PACK_SIZE,0,,,,No pack size or plausible stock row; supplier identification required
https://candy-days.com/fr/product/cote-dor-mignonnette,Cote Dor Mignonnette,Cote Dor Mignonnette — Chocolat.,,Côte d'Or,,,,,REVIEW_NO_SIZE,1,7622200002290 | CSV line 9739 | COTE D'OR MIGNONNETTE NOIR | score 50 (2/3 name tokens; brand),,,"Possible name/brand matches, but pack size is missing; do not import"
https://candy-days.com/fr/product/galaxy-bar,Galaxy Bar,Galaxy Bar — Chocolat.,,Galaxy,,,,,REVIEW_NO_SIZE,11,6132082200079 | CSV line 909 | ALM GALAXY 10M | score 70 (1/1 name tokens; brand),8410525150364 | CSV line 4469 | BONBON FINI GALAXY | score 70 (1/1 name tokens; brand),6294001806035 | CSV line 7660 | CHOCOLAT GALAXY LAIT | score 70 (1/1 name tokens; brand),"Possible name/brand matches, but pack size is missing; do not import"
https://candy-days.com/fr/product/nutella-500g,Nutella,Nutella 500G — Chocolat.,500g,Nutella,500G,500G,,,NO_MATCH,0,,,,No plausible stock row has the same name and pack size
https://candy-days.com/fr/product/lindt-lindor-75g,Lindt Lindor,Lindt Lindor 75G — Chocolat.,75g,Lindt,75G,75G,,,NO_MATCH,0,,,,No plausible stock row has the same name and pack size
https://candy-days.com/fr/product/lindt-creation-dessert,Lindt Creation Dessert,Lindt Creation Dessert — Chocolat.,,Lindt,,,,,REVIEW_NO_SIZE,15,4000539014307 | CSV line 7531 | CHOCO/LINDT CREATION | score 50 (2/3 name tokens; brand),3046920045896 | CSV line 25342 | LINDT CREATION | score 50 (2/3 name tokens; brand),3046920047128 | CSV line 25343 | LINDT CREATION | score 50 (2/3 name tokens; brand),"Possible name/brand matches, but pack size is missing; do not import"
https://candy-days.com/fr/product/lindt-les-pyreneens-204g,Lindt Les Pyreneens,Lindt Les Pyreneens 204G — Chocolat.,204g,Lindt,204G,204G,,,NO_MATCH,0,,,,No plausible stock row has the same name and pack size
https://candy-days.com/fr/product/lindor-balls-sprungli-500-g,Lindor Balls Sprungli,Lindor Balls Sprungli 500 G — Chocolat.,500g,Lindt,500G,500G,,,NO_MATCH,0,,,,No plausible stock row has the same name and pack size
https://candy-days.com/fr/product/quality-street-600g,Quality Street,Quality Street 600G — Chocolat.,600g,Quality Street,600G,600G,,,NO_MATCH,0,,,,No plausible stock row has the same name and pack size
https://candy-days.com/fr/product/raffaello-t15,Raffaello,Raffaello T15 — Chocolat.,T15,Raffaello,,,15,,NEEDS_PACK_SIZE,0,,,,No pack size or plausible stock row; supplier identification required
https://candy-days.com/fr/product/soray-jelly-200g,Soray Jelly,Soray Jelly 200G — Bonbons gélifiés.,200g,Şoray,200G,200G,,,NO_MATCH,0,,,,No plausible stock row has the same name and pack size
https://candy-days.com/fr/product/kinder-shocolat-t-8,Kinder Shocolat,Kinder Shocolat T 8 — Chocolat.,T8,Kinder,,,8,,NEEDS_PACK_SIZE,0,,,,No pack size or plausible stock row; supplier identification required
https://candy-days.com/fr/product/nutella-25g,Nutella,Nutella 25G — Chocolat.,25g,Nutella,25G,25G,,,NO_MATCH,0,,,,No plausible stock row has the same name and pack size
https://candy-days.com/fr/product/cool-break-choco,Cool Break Choco,Cool Break Choco — Chocolat.,,,,,,,NEEDS_PACK_SIZE,0,,,,No pack size or plausible stock row; supplier identification required
https://candy-days.com/fr/product/merci-250g,Merci,Merci 250G — Chocolat.,250g,Merci,250G,250G,,,NO_MATCH,0,,,,No plausible stock row has the same name and pack size
https://candy-days.com/fr/product/lindt-champs-elysees-468,Lindt Champs Elysees 468,Lindt Champs Elysees 468 — Chocolat.,,Lindt,,,,,NEEDS_PACK_SIZE,0,,,,No pack size or plausible stock row; supplier identification required
https://candy-days.com/fr/product/lindt-lindor-337g,Lindt Lindor,Lindt Lindor 337G — Chocolat.,337g,Lindt,337G,337G,,,NO_MATCH,0,,,,No plausible stock row has the same name and pack size
https://candy-days.com/fr/product/kinder-shocko-bons-125-g,Kinder Shocko Bons,Kinder Shocko Bons 125 G — Chocolat.,125g,Kinder,125G,125G,,,NO_MATCH,0,,,,No plausible stock row has the same name and pack size
https://candy-days.com/fr/product/lindt-connaisseurs-183g,Lindt Connaisseurs,Lindt Connaisseurs 183G — Chocolat.,183g,Lindt,183G,183G,,,NO_MATCH,0,,,,No plausible stock row has the same name and pack size
https://candy-days.com/fr/product/lindt-lapin-100g,Lindt Lapin,Lindt Lapin 100G — Chocolat.,100g,Lindt,100G,100G,,,NO_MATCH,0,,,,No plausible stock row has the same name and pack size
https://candy-days.com/fr/product/lindt-lindor-500g,Lindt Lindor,Lindt Lindor 500G — Chocolat.,500g,Lindt,500G,500G,,,NO_MATCH,0,,,,No plausible stock row has the same name and pack size
https://candy-days.com/fr/product/lindt-coffret-180g-168g,Lindt Coffret,Lindt Coffret 180G/168G — Chocolat.,"180g,168g",Lindt,180G,180G,,,NO_MATCH,0,,,,No plausible stock row has the same name and pack size
https://candy-days.com/fr/product/lindt-choco-fruit-180g,Lindt Choco Fruit,Lindt Choco Fruit 180G — Chocolat.,180g,Lindt,180G,180G,,,NO_MATCH,0,,,,No plausible stock row has the same name and pack size
https://candy-days.com/fr/product/nutella-go,Nutella Go,Nutella Go — Chocolat.,,Nutella,,,,,REVIEW_NO_SIZE,20,80051428 | CSV line 7549 | CHOCO/NUTELLA 825G | score 70 (1/1 name tokens; brand),80177425 | CSV line 29067 | NUTELLA 180 G | score 70 (1/1 name tokens; brand),80135463 | CSV line 29068 | NUTELLA 200G | score 70 (1/1 name tokens; brand),"Possible name/brand matches, but pack size is missing; do not import"
https://candy-days.com/fr/product/moment-tab-eclat-resin,Chocolat Moment Evasion -Praline feuillantine,Chocolat Moment Evasion -Praline feuillantine – 95g — Chocolat.,95g,Moment,95G,,,,NO_MATCH,0,,,,No plausible stock row has the same name and pack size
https://candy-days.com/fr/product/celebrations-dolce-gusto,Celebrations Dolce Gusto,Celebrations Dolce Gusto — Chocolat.,,Celebrations,,,,,NEEDS_PACK_SIZE,0,,,,No pack size or plausible stock row; supplier identification required
https://candy-days.com/fr/product/moment-caremal-tab-17pc,Moment Caremal Tab,Moment Caremal Tab 17PC — Chocolat.,x17,Moment,,,17,,NEEDS_PACK_SIZE,0,,,,No pack size or plausible stock row; supplier identification required
https://candy-days.com/fr/product/moment-blanc-tab,Moment Blanc Tab,Moment Blanc Tab — Chocolat.,,Moment,,,,,NEEDS_PACK_SIZE,0,,,,No pack size or plausible stock row; supplier identification required
https://candy-days.com/fr/product/lindt-excellence,Lindt Excellence,Lindt Excellence — Chocolat.,,Lindt,,,,,REVIEW_NO_SIZE,13,3046920029452 | CSV line 25364 | LINDT EXCELLENCE | score 70 (2/2 name tokens; brand),3046920017565 | CSV line 25365 | LINDT EXCELLENCE | score 70 (2/2 name tokens; brand),7610400069731 | CSV line 25366 | LINDT EXCELLENCE 55 | score 70 (2/2 name tokens; brand),"Possible name/brand matches, but pack size is missing; do not import"
https://candy-days.com/fr/product/moment-bar-oreo,Moment Bar Oreo,Moment Bar Oreo — Chocolat.,,Moment,,,,,NEEDS_PACK_SIZE,0,,,,No pack size or plausible stock row; supplier identification required
https://candy-days.com/fr/product/damak-60g,Damak,Damak 60G — Chocolat.,60g,Damak,60G,60G,,,NO_MATCH,0,,,,No plausible stock row has the same name and pack size
https://candy-days.com/fr/product/moment-tab-noisette,Moment Tab Noisette,Moment Tab Noisette — Chocolat.,,Moment,,,,,NEEDS_PACK_SIZE,0,,,,No pack size or plausible stock row; supplier identification required
https://candy-days.com/fr/product/lindt-champs-elysees-482g,Lindt Champs Elysees,Lindt Champs Elysees 482G — Chocolat.,482g,Lindt,482G,482G,,,NO_MATCH,0,,,,No plausible stock row has the same name and pack size
https://candy-days.com/fr/product/cote-dor,Cote Dor,Cote Dor — Chocolat.,,Côte d'Or,,,,,REVIEW_NO_SIZE,5,7622210995087 | CSV line 9725 | COTE D'DOR BLOC NOIR NOISETTE | score 70 (2/2 name tokens; brand),7622210117830 | CSV line 9734 | COTE DOR BOUCHEE TRUFFE | score 70 (2/2 name tokens; brand),7622210995025 | CSV line 9735 | COTE DOR CARAMELISEE | score 70 (2/2 name tokens; brand),"Possible name/brand matches, but pack size is missing; do not import"
https://candy-days.com/fr/product/moment-dore-bar,Moment Dore Bar,Moment Dore Bar — Chocolat.,,Moment,,,,,NEEDS_PACK_SIZE,0,,,,No pack size or plausible stock row; supplier identification required
https://candy-days.com/fr/product/fererrero-rocher-100g,Fererrero Rocher,Fererrero Rocher 100G — Chocolat.,100g,Ferrero Rocher,100G,100G,,,NO_MATCH,0,,,,No plausible stock row has the same name and pack size
https://candy-days.com/fr/product/moment-bar-blanc,Moment Bar Blanc,Moment Bar Blanc — Chocolat.,,Moment,,,,,NEEDS_PACK_SIZE,0,,,,No pack size or plausible stock row; supplier identification required
https://candy-days.com/fr/product/moment-bar-noisettes,Moment Bar Noisettes,Moment Bar Noisettes — Chocolat.,,Moment,,,,,NEEDS_PACK_SIZE,0,,,,No pack size or plausible stock row; supplier identification required
https://candy-days.com/fr/product/louz-chikoula,Amandes enrobées de chocolat,Amandes enrobées de chocolat — Fruits secs et Nuts.,,,,,,,NEEDS_PACK_SIZE,0,,,,No pack size or plausible stock row; supplier identification required
https://candy-days.com/fr/product/hitschies-cola-125g,Hitschies Strings Cola,Hitschies Strings Cola 125 g — Bonbons gélifiés.,125g,Hitschies,125G,125G,,,NO_MATCH,0,,,,No plausible stock row has the same name and pack size
https://candy-days.com/fr/product/nutella-15-g,Nutella,Nutella 15 G — Chocolat.,15g,Nutella,15G,15G,,,NO_MATCH,0,,,,No plausible stock row has the same name and pack size
https://candy-days.com/fr/product/wherthers-original-120g,Wherthers Original,Wherthers Original 120G — Sucettes & bonbons durs.,120g,Werther's Original,120G,120G,,,NO_MATCH,0,,,,No plausible stock row has the same name and pack size
https://candy-days.com/fr/product/kinder-happy-hippo,Kinder Happy Hippo,Kinder Happy Hippo — Chocolat.,,Kinder,,,,,REVIEW_NO_SIZE,2,80136194 | CSV line 23433 | KINDER HAPPY HIPPO | score 70 (3/3 name tokens; brand),4008400836423 | CSV line 23434 | KINDER HAPPY HIPPO | score 70 (3/3 name tokens; brand),,"Possible name/brand matches, but pack size is missing; do not import"
https://candy-days.com/fr/product/mnms-550g,M&m,M&m 550G — Chocolat.,550g,M&M's,550G,550G,,,NEEDS_DETAILS,0,,,,Product name is too generic to match safely
https://candy-days.com/fr/product/coca-cola-f,Coca Cola F,Coca Cola F — Boissons.,,Coca-Cola,,,,,REVIEW_NO_SIZE,36,6133553000242 | CSV line 4421 | BONBON COCA COLA | score 70 (2/2 name tokens; brand),54492790 | CSV line 8325 | COCA  COLA CERISE/50 | score 70 (2/2 name tokens; brand),5449000024312 | CSV line 8329 | COCA COLA  CHERRY/6 | score 70 (2/2 name tokens; brand),"Possible name/brand matches, but pack size is missing; do not import"
https://candy-days.com/fr/product/moment-ecalts-blanc,Moment Ecalts Blanc,Moment Ecalts Blanc — Chocolat.,,Moment,,,,,NEEDS_PACK_SIZE,0,,,,No pack size or plausible stock row; supplier identification required
https://candy-days.com/fr/product/moment-croquants,Moment Croquants,Moment Croquants — Chocolat.,,Moment,,,,,NEEDS_PACK_SIZE,0,,,,No pack size or plausible stock row; supplier identification required
https://candy-days.com/fr/product/moment-croqu,Moment Croqu,Moment Croqu — Chocolat.,,Moment,,,,,NEEDS_PACK_SIZE,0,,,,No pack size or plausible stock row; supplier identification required
https://candy-days.com/fr/product/moment-bar-caremal,Moment Bar Caremal,Moment Bar Caremal — Chocolat.,,Moment,,,,,NEEDS_PACK_SIZE,0,,,,No pack size or plausible stock row; supplier identification required
https://candy-days.com/fr/product/moment-tab-biscuits,Moment Tab Biscuits,Moment Tab Biscuits — Chocolat.,,Moment,,,,,NEEDS_PACK_SIZE,0,,,,No pack size or plausible stock row; supplier identification required
https://candy-days.com/fr/product/kinder-country-t15,Kinder Country,Kinder Country T15 — Chocolat.,T15,Kinder,,,15,,NEEDS_PACK_SIZE,0,,,,No pack size or plausible stock row; supplier identification required
https://candy-days.com/fr/product/kinder-chocolat,Kinder Chocolat,Kinder Chocolat — Chocolat.,,Kinder,,,,,REVIEW_NO_SIZE,61,40084107 | CSV line 7359 | CHOC KINDER SURPRISE | score 70 (1/1 name tokens; brand),80052760 | CSV line 7418 | CHOCO KINDER BUENO | score 70 (1/1 name tokens; brand),80052463 | CSV line 7419 | CHOCO KINDER DELICE | score 70 (1/1 name tokens; brand),"Possible name/brand matches, but pack size is missing; do not import"
https://candy-days.com/fr/product/wherthers-153g,Werther's Original,Werther's Original  153g — Sucettes & bonbons durs.,153g,Werther's Original,153G,153G,,,NO_MATCH,0,,,,No plausible stock row has the same name and pack size
https://candy-days.com/fr/product/lion-t6,Lion,Lion T6 — Chocolat.,T6,Lion,,,6,,NEEDS_PACK_SIZE,0,,,,No pack size or plausible stock row; supplier identification required
https://candy-days.com/fr/product/lindt-creation,Lindt Creation,Lindt Creation — Chocolat.,,Lindt,,,,,REVIEW_NO_SIZE,15,4000539014307 | CSV line 7531 | CHOCO/LINDT CREATION | score 70 (2/2 name tokens; brand),3046920045896 | CSV line 25342 | LINDT CREATION | score 70 (2/2 name tokens; brand),3046920047128 | CSV line 25343 | LINDT CREATION | score 70 (2/2 name tokens; brand),"Possible name/brand matches, but pack size is missing; do not import"
https://candy-days.com/fr/product/lion-t11,Lion,Lion T10 — Chocolat.,T10,Lion,,,10,,NEEDS_PACK_SIZE,0,,,,No pack size or plausible stock row; supplier identification required
https://candy-days.com/fr/product/ritter-sort,Ritter Sort,Ritter Sort — Chocolat.,,Ritter Sport,,,,,NEEDS_PACK_SIZE,0,,,,No pack size or plausible stock row; supplier identification required
https://candy-days.com/fr/product/toffifee-boit-125g,Toffifee Boit,Toffifee Boit 125G — Biscuits.,125g,Toffifee,125G,125G,,,NO_MATCH,0,,,,No plausible stock row has the same name and pack size
https://candy-days.com/fr/product/milka-choco-supreme,Milka Choco Supreme,Milka Choco Supreme — Biscuits.,,Milka,,,,,NEEDS_PACK_SIZE,0,,,,No pack size or plausible stock row; supplier identification required
https://candy-days.com/fr/product/twix-t10,Twix,Twix T10 — Chocolat.,T10,Twix,,,10,,NEEDS_PACK_SIZE,0,,,,No pack size or plausible stock row; supplier identification required
https://candy-days.com/fr/product/merci-petits-125g,Merci Petits,Merci Petits 125G — Chocolat.,125g,Merci,125G,125G,,,NO_MATCH,0,,,,No plausible stock row has the same name and pack size
https://candy-days.com/fr/product/raffaello-t4,Raffaello,Raffaello T4 40g — Chocolat.,"40g,T4",Raffaello,40G,,4,,NO_MATCH,0,,,,No plausible stock row has the same name and pack size
https://candy-days.com/fr/product/schoko-bons-300g,Schoko Bons,Schoko Bons 300G — Chocolat.,300g,Kinder,300G,300G,,4008400280127,SOURCED,1,4008400280127 | CSV line 34754 | SCHOKO BONS 300G | score 85 (2/2 name tokens; same 300G pack),,,Barcode already present in catalog; see source and research report
https://candy-days.com/fr/product/bueno-mini,Bueno Mini,Bueno Mini — Chocolat.,,Kinder,,,,,REVIEW_NO_SIZE,2,8000500180709 | CSV line 23410 | KINDER BUENO MINI | score 70 (2/2 name tokens; brand),8000500253687 | CSV line 23411 | KINDER BUENO MINI T18 | score 70 (2/2 name tokens; brand),,"Possible name/brand matches, but pack size is missing; do not import"
https://candy-days.com/fr/product/lion-maxi,Lion Maxi,Lion Maxi — Chocolat.,,Lion,,,,,NEEDS_PACK_SIZE,0,,,,No pack size or plausible stock row; supplier identification required
https://candy-days.com/fr/product/snickers-t5,Snickers,Snickers T5 — Chocolat.,T5,Snickers,,,5,,NEEDS_PACK_SIZE,0,,,,No pack size or plausible stock row; supplier identification required
https://candy-days.com/fr/product/kinder-schoko-bons-350g,Kinder Schoko Bons,Kinder Schoko Bons 350G — Chocolat.,350g,Kinder,350G,350G,,,NO_MATCH,0,,,,No plausible stock row has the same name and pack size
https://candy-days.com/fr/product/ferrero-rocher-t4,Ferrero Rocher,Ferrero Rocher T4 — Chocolat.,T4,Ferrero Rocher,,,4,,NEEDS_PACK_SIZE,0,,,,No pack size or plausible stock row; supplier identification required
https://candy-days.com/fr/product/kit-kat-t10,Kit Kat,Kit Kat T10 — Chocolat.,T10,KitKat,,,10,,NEEDS_PACK_SIZE,0,,,,No pack size or plausible stock row; supplier identification required
https://candy-days.com/fr/product/alesto-pacan,Alesto Pacan,Alesto Pacan — Fruits secs et Nuts.,,Alesto,,,,,NEEDS_PACK_SIZE,0,,,,No pack size or plausible stock row; supplier identification required
https://candy-days.com/fr/product/milka-coco-creme,Milka Coco Creme,Milka Coco Creme — Biscuits.,,Milka,,,,,NEEDS_PACK_SIZE,0,,,,No pack size or plausible stock row; supplier identification required
https://candy-days.com/fr/product/raffaello-t22,Raffaello,Raffaello T22 230gr — Chocolat.,"230g,T22",Raffaello,230G,,22,,NO_MATCH,0,,,,No plausible stock row has the same name and pack size
https://candy-days.com/fr/product/hitschies-tropical-mix-140g,Hitschies Tropical Mix,Hitschies Tropical Mix 140G — Bonbons gélifiés.,140g,Hitschies,140G,140G,,,NO_MATCH,0,,,,No plausible stock row has the same name and pack size
https://candy-days.com/fr/product/nutella-bready-t15,Nutella Bready,Nutella Bready T15 — Biscuits.,T15,Nutella,,,15,,NEEDS_PACK_SIZE,0,,,,No pack size or plausible stock row; supplier identification required
https://candy-days.com/fr/product/lu-peoito-choco-150g,Lu Peoito Choco,Lu Peoito Choco 150G — Biscuits.,150g,LU,150G,150G,,,NO_MATCH,0,,,,No plausible stock row has the same name and pack size
https://candy-days.com/fr/product/schoko-bons-white,Schoko Bons White,Schoko Bons White — Chocolat.,,Kinder,,,,,REVIEW_NO_SIZE,3,5413548280189 | CSV line 23454 | KINDER SCHOKO BONS | score 50 (2/3 name tokens; brand),8000500256152 | CSV line 23455 | KINDER SCHOKO BONS 465G | score 50 (2/3 name tokens; brand),5413548001739 | CSV line 23456 | KINDER SCHOKO-BONS | score 50 (2/3 name tokens; brand),"Possible name/brand matches, but pack size is missing; do not import"
https://candy-days.com/fr/product/milka-100g,Milka,Milka 100G — Chocolat.,100g,Milka,100G,100G,,,REVIEW_MULTIPLE,27,7622300754860 | CSV line 27482 | MILKA ALMOND/100G | score 95 (1/1 name tokens; same 100G pack; brand),7622300108540 | CSV line 27499 | MILKA CACAO 100G | score 95 (1/1 name tokens; same 100G pack; brand),7622400015632 | CSV line 27500 | MILKA CAFE 100G | score 95 (1/1 name tokens; same 100G pack; brand),Multiple plausible codes; inspect the physical pack
https://candy-days.com/fr/product/toblerone-360g,Toblerone au miel et nougat d'amandes,Toblerone au miel et nougat d'amandes. 360G — Chocolat.,360g,Toblerone,360G,360G,,,NO_MATCH,0,,,,No plausible stock row has the same name and pack size
https://candy-days.com/fr/product/milka-wafer-30g,Milka Wafer,Milka Wafer 30G — Chocolat.,30g,Milka,30G,30G,,,REVIEW_SINGLE,1,59939788 | CSV line 26068 | LU MILKA WAFER 30G | score 95 (2/2 name tokens; same 30G pack; brand),,,"One plausible name-and-size candidate; verify flavor, wrapper, and unit code"
https://candy-days.com/fr/product/celebrations-312g,Celebrations,Celebrations 312G — Chocolat.,312g,Celebrations,312G,312G,,,NO_MATCH,0,,,,No plausible stock row has the same name and pack size
https://candy-days.com/fr/product/cote-dor-sachet-choco,Cote Dor Sachet Choco,Cote Dor Sachet Choco — Chocolat.,,Côte d'Or,,,,,REVIEW_NO_SIZE,5,7622210995087 | CSV line 9725 | COTE D'DOR BLOC NOIR NOISETTE | score 50 (2/3 name tokens; brand),7622210117830 | CSV line 9734 | COTE DOR BOUCHEE TRUFFE | score 50 (2/3 name tokens; brand),7622210995025 | CSV line 9735 | COTE DOR CARAMELISEE | score 50 (2/3 name tokens; brand),"Possible name/brand matches, but pack size is missing; do not import"
https://candy-days.com/fr/product/milka-preo-100g,Milka Preo,Milka Preo 100G — Chocolat.,100g,Milka,100G,100G,,,NO_MATCH,0,,,,No plausible stock row has the same name and pack size
https://candy-days.com/fr/product/damak-bar,Damak Bar,Damak Bar — Chocolat.,,Damak,,,,,NEEDS_PACK_SIZE,0,,,,No pack size or plausible stock row; supplier identification required
https://candy-days.com/fr/product/werthers-140g,Werthers,Werthers 140G — Sucettes & bonbons durs.,140g,Werther's Original,140G,140G,,,NO_MATCH,0,,,,No plausible stock row has the same name and pack size
https://candy-days.com/fr/product/milka-bis-cake-choco-maxi,Milka Bis Cake Choco Maxi,Milka Bis Cake Choco Maxi — Biscuits.,,Milka,,,,,NEEDS_PACK_SIZE,0,,,,No pack size or plausible stock row; supplier identification required
https://candy-days.com/fr/product/lion-xxl,Lion XXL,Lion XXL — Chocolat.,,Lion,,,,,NEEDS_PACK_SIZE,0,,,,No pack size or plausible stock row; supplier identification required
https://candy-days.com/fr/product/opo-corn-werthers,Opo Corn Werthers,Opo Corn Werthers — Sucettes & bonbons durs.,,Werther's Original,,,,,NEEDS_PACK_SIZE,0,,,,No pack size or plausible stock row; supplier identification required
https://candy-days.com/fr/product/nutela-200g,Nutela,Nutela 200G — Chocolat.,200g,Nutella,200G,200G,,,NO_MATCH,0,,,,No plausible stock row has the same name and pack size
https://candy-days.com/fr/product/nutella-biscuits-t3,Nutella Biscuits,Nutella Biscuits T3 — Chocolat.,T3,Nutella,,,3,,NEEDS_PACK_SIZE,0,,,,No pack size or plausible stock row; supplier identification required
https://candy-days.com/fr/product/patswiss,Patswiss,Patswiss — Chocolat.,,Patiswiss,,,,,NEEDS_PACK_SIZE,0,,,,No pack size or plausible stock row; supplier identification required
https://candy-days.com/fr/product/cote-dor-mingnonnet,Cote Dor Mingnonnet,Cote Dor Mingnonnet — Chocolat.,,Côte d'Or,,,,,REVIEW_NO_SIZE,5,7622210995087 | CSV line 9725 | COTE D'DOR BLOC NOIR NOISETTE | score 50 (2/3 name tokens; brand),7622210117830 | CSV line 9734 | COTE DOR BOUCHEE TRUFFE | score 50 (2/3 name tokens; brand),7622210995025 | CSV line 9735 | COTE DOR CARAMELISEE | score 50 (2/3 name tokens; brand),"Possible name/brand matches, but pack size is missing; do not import"
https://candy-days.com/fr/product/mnms-biscuit,Mnms Biscuit,Mnms Biscuit — Chocolat.,,M&M's,,,,,NEEDS_PACK_SIZE,0,,,,No pack size or plausible stock row; supplier identification required
https://candy-days.com/fr/product/suchard-pic,Suchard Pic,Suchard Pic — Chocolat.,,Suchard,,,,,NEEDS_PACK_SIZE,0,,,,No pack size or plausible stock row; supplier identification required
https://candy-days.com/fr/product/lindor-100g,Lindor,Lindor 100G — Chocolat.,100g,Lindt,100G,100G,,,NO_MATCH,0,,,,No plausible stock row has the same name and pack size
https://candy-days.com/fr/product/milka-cornet,Milka Cornet,Milka Cornet — Chocolat.,,Milka,,,,,NEEDS_PACK_SIZE,0,,,,No pack size or plausible stock row; supplier identification required
https://candy-days.com/fr/product/nesquik-bar,Nesquik Bar,Nesquik Bar — Chocolat.,,Nesquik,,,,,REVIEW_NO_SIZE,33,8000300093650 | CSV line 4565 | BONBON NESQUIK 120G | score 70 (1/1 name tokens; brand),3033710065066 | CSV line 5614 | C.P NESQUIK 250G | score 70 (1/1 name tokens; brand),6130137000230 | CSV line 5626 | C.POUDRE NESQUIK 250G | score 70 (1/1 name tokens; brand),"Possible name/brand matches, but pack size is missing; do not import"
https://candy-days.com/fr/product/chocolat-nestle-desser-noir,Chocolat Nestle Desser Noir,Chocolat Nestle Desser Noir — Chocolat.,,Nestlé,,,,,NEEDS_PACK_SIZE,0,,,,No pack size or plausible stock row; supplier identification required
https://candy-days.com/fr/product/krema-360g,Krema,Krema 360G — Bonbons gélifiés.,360g,Krema,360G,360G,,,NO_MATCH,0,,,,No plausible stock row has the same name and pack size
https://candy-days.com/fr/product/crunch-bar,Crunch Bar,Crunch Bar — Chocolat.,,Crunch,,,,,REVIEW_NO_SIZE,24,3387390324082 | CSV line 6652 | CEREAL CRUNCH 375 | score 70 (1/1 name tokens; brand),8000300256154 | CSV line 6775 | CH CRUNCH CARAMEL100 | score 70 (1/1 name tokens; brand),3033710015573 | CSV line 7358 | CHOC CRUNCH BISCUIT | score 70 (1/1 name tokens; brand),"Possible name/brand matches, but pack size is missing; do not import"
https://candy-days.com/fr/product/bonbon-krema-580g,Krema Bonbon,Krema Bonbon  580G — Bonbons gélifiés.,580g,Krema,580G,580G,,,NO_MATCH,0,,,,No plausible stock row has the same name and pack size
https://candy-days.com/fr/product/merci-lovelis,Merci Lovelis,Merci Lovelis — Chocolat.,,Merci,,,,,NEEDS_PACK_SIZE,0,,,,No pack size or plausible stock row; supplier identification required
https://candy-days.com/fr/product/lindt-excellence-100-99,Lindt Excellence 100 /99,Lindt Excellence 100 /99 — Chocolat.,,Lindt,,,,,REVIEW_NO_SIZE,13,3046920029452 | CSV line 25364 | LINDT EXCELLENCE | score 50 (2/3 name tokens; brand),3046920017565 | CSV line 25365 | LINDT EXCELLENCE | score 50 (2/3 name tokens; brand),7610400069731 | CSV line 25366 | LINDT EXCELLENCE 55 | score 50 (2/3 name tokens; brand),"Possible name/brand matches, but pack size is missing; do not import"
https://candy-days.com/fr/product/chips-pringles,Pringles hot and spicy,Pringles hot and spicy 70g — Chips.,70g,Pringles,70G,,,,NO_MATCH,0,,,,No plausible stock row has the same name and pack size
https://candy-days.com/fr/product/bounty-biscuits,Bounty Biscuits,Bounty Biscuits — Biscuits.,,Bounty,,,,,NEEDS_PACK_SIZE,0,,,,No pack size or plausible stock row; supplier identification required
https://candy-days.com/fr/product/nutella-900g,Nutella,Nutella 900G — Chocolat.,900g,Nutella,900G,900G,,,NO_MATCH,0,,,,No plausible stock row has the same name and pack size
https://candy-days.com/fr/product/maltesers-biscuits,Maltesers Biscuits,Maltesers Biscuits — Chocolat.,,Maltesers,,,,,NEEDS_PACK_SIZE,0,,,,No pack size or plausible stock row; supplier identification required
https://candy-days.com/fr/product/tetes-brulees-sachet,Tetes Brulees Sachet,Tetes Brulees Sachet — Bonbons gélifiés.,,Têtes Brûlées,,,,,NEEDS_PACK_SIZE,0,,,,No pack size or plausible stock row; supplier identification required
https://candy-days.com/fr/product/milka-cake,Milka Cake,Milka Cake — Biscuits.,,Milka,,,,,REVIEW_NO_SIZE,3,7622300784751 | CSV line 27501 | MILKA CAKE CHOCO | score 70 (2/2 name tokens; brand),7622210295965 | CSV line 27502 | MILKA CAKE&CHOCO*5 | score 70 (2/2 name tokens; brand),7622210411655 | CSV line 27666 | MILKA TWISTE CAKE | score 70 (2/2 name tokens; brand),"Possible name/brand matches, but pack size is missing; do not import"
https://candy-days.com/fr/product/lindt-excellence-fruit,Lindt Excellence Fruit,Lindt Excellence Fruit — Chocolat.,,Lindt,,,,,REVIEW_NO_SIZE,13,3046920029452 | CSV line 25364 | LINDT EXCELLENCE | score 50 (2/3 name tokens; brand),3046920017565 | CSV line 25365 | LINDT EXCELLENCE | score 50 (2/3 name tokens; brand),7610400069731 | CSV line 25366 | LINDT EXCELLENCE 55 | score 50 (2/3 name tokens; brand),"Possible name/brand matches, but pack size is missing; do not import"
https://candy-days.com/fr/product/haribo-dragi-bus,Haribo Dragi Bus,Haribo Dragi Bus — Bonbons gélifiés.,,Haribo,,,,,NEEDS_PACK_SIZE,0,,,,No pack size or plausible stock row; supplier identification required
https://candy-days.com/fr/product/lindt,Lindt,Lindt — Chocolat.,,Lindt,,,,,REVIEW_NO_SIZE,222,7610400070195 | CSV line 5554 | C.LINDT CLASSIC BLAN | score 70 (1/1 name tokens; brand),7610400013024 | CSV line 7354 | CHO/LINDT CRESTA | score 70 (1/1 name tokens; brand),7610400013857 | CSV line 7368 | CHOC/ LINDT LAIT300G | score 70 (1/1 name tokens; brand),"Possible name/brand matches, but pack size is missing; do not import"
https://candy-days.com/fr/product/milka-max,Milka Max,Milka Max — Chocolat.,,Milka,,,,,NEEDS_PACK_SIZE,0,,,,No pack size or plausible stock row; supplier identification required
https://candy-days.com/fr/product/lindt-les-pyeneens,Lindt Les Pyeneens,Lindt Les Pyeneens — Chocolat.,,Lindt,,,,,REVIEW_NO_SIZE,5,3046920002059 | CSV line 25402 | LINDT LES COLLECTION | score 50 (2/3 name tokens; brand),3046920021401 | CSV line 25403 | LINDT LES GRAANDES PRALINE NOISETTES | score 50 (2/3 name tokens; brand),3046920021425 | CSV line 25404 | LINDT LES GRANDES PRALINE NOISETTES | score 50 (2/3 name tokens; brand),"Possible name/brand matches, but pack size is missing; do not import"
https://candy-days.com/fr/product/nutella-biscuit,Nutella Biscuit,Nutella Biscuit — Biscuits.,,Nutella,,,,,NEEDS_PACK_SIZE,0,,,,No pack size or plausible stock row; supplier identification required
https://candy-days.com/fr/product/maltesers-37-g,Maltesers Chocolate Bag,Maltesers Chocolate Bag 37G — Chocolat.,37g,Maltesers,37G,37G,,,REVIEW_SINGLE,1,500159020312 | CSV line 26586 | MALTESERS CHOCO 37G | score 95 (1/1 name tokens; same 37G pack; brand),,,"One plausible name-and-size candidate; verify flavor, wrapper, and unit code"
https://candy-days.com/fr/product/nutella-350g,Nutella,Nutella 350G — Chocolat.,350g,Nutella,350G,350G,,80177173,SOURCED,1,80177173 | CSV line 29085 | NUTELLA/350 GRS | score 95 (1/1 name tokens; same 350G pack; brand),,,Barcode already present in catalog; see source and research report
https://candy-days.com/fr/product/red-bull,Red Bull,Red Bull — Boissons.,,Red Bull,,,,,REVIEW_NO_SIZE,9,90415593 | CSV line 4254 | BOISSON RED BULL/S/S | score 70 (2/2 name tokens; brand),9002490205973 | CSV line 32814 | RED BULL 250ML | score 70 (2/2 name tokens; brand),90162602 | CSV line 32815 | RED BULL 250ML | score 70 (2/2 name tokens; brand),"Possible name/brand matches, but pack size is missing; do not import"
https://candy-days.com/fr/product/wherthers-180,Wherthers,Wherthers 180G — Sucettes & bonbons durs.,180g,Werther's Original,180G,,,,NO_MATCH,0,,,,No plausible stock row has the same name and pack size
https://candy-days.com/fr/product/lindt-lindor-cofret,Lindt Lindor Cofret,Lindt Lindor Cofret — Chocolat.,,Lindt,,,,,REVIEW_NO_SIZE,2,3046920001038 | CSV line 8889 | COFRET LINDT DESSERT | score 50 (2/3 name tokens; brand),3046920000420 | CSV line 8896 | COFRET/LINDT CHAMPS | score 50 (2/3 name tokens; brand),,"Possible name/brand matches, but pack size is missing; do not import"
https://candy-days.com/fr/product/lindt-les-grandes,Lindt Les Grandes,Lindt Les Grandes — Chocolat.,,Lindt,,,,,REVIEW_NO_SIZE,5,3046920021425 | CSV line 25404 | LINDT LES GRANDES PRALINE NOISETTES | score 70 (3/3 name tokens; brand),7610400081863 | CSV line 25405 | LINDT LES GRANDES/CN | score 70 (3/3 name tokens; brand),7610400074469 | CSV line 25387 | LINDT GRANDES AMA/N | score 50 (2/3 name tokens; brand),"Possible name/brand matches, but pack size is missing; do not import"
https://candy-days.com/fr/product/lion-white,Lion White,Lion White — Chocolat.,,Lion,,,,,REVIEW_NO_SIZE,2,7613032630409 | CSV line 7535 | CHOCO/LION WHITE | score 70 (2/2 name tokens; brand),7613031006267 | CSV line 25763 | LION BARS WHITE | score 70 (2/2 name tokens; brand),,"Possible name/brand matches, but pack size is missing; do not import"
https://candy-days.com/fr/product/nesquik-700g,Nesquik - Chocolat en poudre - Boîte,Nesquik - Chocolat en poudre - Boîte 800 g — Biscuits.,800g,Nesquik,800G,700G,,,CONFLICTING_SIZE,1,8410100025131 | CSV line 28674 | NESQUIK POUDRE/800G | score 75 (2/3 name tokens; same 800G pack; brand),,,Catalog pack size 800G disagrees with product URL size 700G; resolve before matching
https://candy-days.com/fr/product/kinder-kinderini,Kinder Kinderini,Kinder Kinderini — Chocolat.,,Kinder,,,,,NEEDS_PACK_SIZE,0,,,,No pack size or plausible stock row; supplier identification required
https://candy-days.com/fr/product/mnms-374g,Mnms,Mnms 374G — Chocolat.,374g,M&M's,374G,374G,,,NO_MATCH,0,,,,No plausible stock row has the same name and pack size
https://candy-days.com/fr/product/lion-peanut,Lion Peanut,Lion Peanut — Chocolat.,,Lion,,,,,REVIEW_NO_SIZE,1,5900862017886 | CSV line 7689 | CHOCOLAT LION PEANUT | score 70 (2/2 name tokens; brand),,,"Possible name/brand matches, but pack size is missing; do not import"
https://candy-days.com/fr/product/milka-choco-moo,Milka Choco Moo,Milka Choco Moo — Biscuits.,,Milka,,,,,NEEDS_PACK_SIZE,0,,,,No pack size or plausible stock row; supplier identification required
https://candy-days.com/fr/product/suchard,Suchard,Suchard — Chocolat.,,Suchard,,,,,REVIEW_NO_SIZE,1,7622300002800 | CSV line 7807 | CHOCOLAT SUCHARD EX | score 70 (1/1 name tokens; brand),,,"Possible name/brand matches, but pack size is missing; do not import"
https://candy-days.com/fr/product/merci-petits,Merci Petits,Merci Petits — Chocolat.,,Merci,,,,,NEEDS_PACK_SIZE,0,,,,No pack size or plausible stock row; supplier identification required
https://candy-days.com/fr/product/milka-brownie,Milka Brownie,Milka Brownie — Chocolat.,,Milka,,,,,NEEDS_PACK_SIZE,0,,,,No pack size or plausible stock row; supplier identification required
https://candy-days.com/fr/product/lindt-vollmilch,Lindt Vollmilch,Lindt Vollmilch — Chocolat.,,Lindt,,,,,NEEDS_PACK_SIZE,0,,,,No pack size or plausible stock row; supplier identification required
https://candy-days.com/fr/product/lindt-cofret-337g,Lindt Cofret,Lindt Cofret 337G — Chocolat.,337g,Lindt,337G,337G,,,NO_MATCH,0,,,,No plausible stock row has the same name and pack size
https://candy-days.com/fr/product/merci-210g,Merci,Merci 210G — Chocolat.,210g,Merci,210G,210G,,,NO_MATCH,0,,,,No plausible stock row has the same name and pack size
https://candy-days.com/fr/product/kinder-surprise,Kinder Surprise,Kinder Surprise — Chocolat.,,Kinder,,,,,REVIEW_NO_SIZE,6,40084107 | CSV line 7359 | CHOC KINDER SURPRISE | score 70 (2/2 name tokens; brand),3017620734984 | CSV line 23457 | KINDER SURPRISE 3PS | score 70 (2/2 name tokens; brand),8000500035184 | CSV line 23458 | KINDER SURPRISE 4U | score 70 (2/2 name tokens; brand),"Possible name/brand matches, but pack size is missing; do not import"
https://candy-days.com/fr/product/lindt-cofret-500g,Lindt Cofret,Lindt Cofret 500G — Chocolat.,500g,Lindt,500G,500G,,,NO_MATCH,0,,,,No plausible stock row has the same name and pack size
https://candy-days.com/fr/product/poulain-tab,Poulain Tab,Poulain Tab — Chocolat.,,Poulain,,,,,NEEDS_PACK_SIZE,0,,,,No pack size or plausible stock row; supplier identification required
https://candy-days.com/fr/product/kinder-t32,Kinder,Kinder T32 — Chocolat.,T32,Kinder,,,32,,NEEDS_PACK_SIZE,0,,,,No pack size or plausible stock row; supplier identification required
https://candy-days.com/fr/product/kinder-bueno-mini,Kinder Bueno Mini,Kinder Bueno Mini — Chocolat.,,Kinder,,,,,REVIEW_NO_SIZE,10,8000500180709 | CSV line 23410 | KINDER BUENO MINI | score 70 (3/3 name tokens; brand),8000500253687 | CSV line 23411 | KINDER BUENO MINI T18 | score 70 (3/3 name tokens; brand),80052760 | CSV line 7418 | CHOCO KINDER BUENO | score 50 (2/3 name tokens; brand),"Possible name/brand matches, but pack size is missing; do not import"
https://candy-days.com/fr/product/toblerone,Toblerone,Toblerone 360G — Chocolat.,360g,Toblerone,360G,,,,NO_MATCH,0,,,,No plausible stock row has the same name and pack size
https://candy-days.com/fr/product/kinder-t6,Kinder,Kinder T6 — Chocolat.,T6,Kinder,,,6,,NEEDS_PACK_SIZE,0,,,,No pack size or plausible stock row; supplier identification required
https://candy-days.com/fr/product/nutella-630g,Nutella,Nutella 630G — Chocolat.,630g,Nutella,630G,630G,,59032823,SOURCED,1,59032823 | CSV line 29073 | NUTELLA 630G | score 95 (1/1 name tokens; same 630G pack; brand),,,Barcode already present in catalog; see source and research report
https://candy-days.com/fr/product/snickers-t10,Snickers,Snickers T10 — Chocolat.,T10,Snickers,,,10,,NEEDS_PACK_SIZE,0,,,,No pack size or plausible stock row; supplier identification required
https://candy-days.com/fr/product/reeses-white,Reeses White,Reeses White — Chocolat.,,Reese's,,,,,NEEDS_PACK_SIZE,0,,,,No pack size or plausible stock row; supplier identification required
https://candy-days.com/fr/product/mnms-340g,Mnms,Mnms 340G — Chocolat.,340g,M&M's,340G,340G,,,NO_MATCH,0,,,,No plausible stock row has the same name and pack size
https://candy-days.com/fr/product/mnms-310g,Mnms,Mnms 310G — Chocolat.,310g,M&M's,310G,310G,,,NO_MATCH,0,,,,No plausible stock row has the same name and pack size
https://candy-days.com/fr/product/milka-mini-eggs-350g,Milka Mini Eggs,Milka Mini Eggs 350G — Chocolat.,350g,Milka,350G,350G,,,NO_MATCH,0,,,,No plausible stock row has the same name and pack size
https://candy-days.com/fr/product/lindt-cofret-225g,Lindt Cofret,Lindt Cofret 225G — Chocolat.,225g,Lindt,225G,225G,,,NO_MATCH,0,,,,No plausible stock row has the same name and pack size
https://candy-days.com/fr/product/milka-choco-biscuits,Milka Choco Biscuits,Milka Choco Biscuits — Biscuits.,,Milka,,,,,REVIEW_NO_SIZE,6,7622300479084 | CSV line 3914 | BISCUITS MILKA CHOCO | score 70 (2/2 name tokens; brand),7622300479138 | CSV line 3915 | BISCUITS MILKA DESSE | score 70 (2/2 name tokens; brand),7622300479107 | CSV line 3916 | BISCUITS MILKA FRAMB | score 70 (2/2 name tokens; brand),"Possible name/brand matches, but pack size is missing; do not import"
https://candy-days.com/fr/product/kinder-chocolate-t12,Kinder Chocolate,Kinder Chocolate T12 — Chocolat.,T12,Kinder,,,12,,REVIEW_COUNT_ONLY,1,8000500147672 | CSV line 23462 | KINDER T12 | score 90 (1/1 name tokens; same 12-unit pack; brand),,,Name and unit count match; confirm the exact retail pack
https://candy-days.com/fr/product/kit-kat-chunky,Kit Kat Chunky,Kit Kat Chunky 40g — Chocolat.,40g,KitKat,40G,,,,NO_MATCH,0,,,,No plausible stock row has the same name and pack size
https://candy-days.com/fr/product/warheads-cubes,Warheads Cubes,Warheads Cubes — Bonbons gélifiés.,,Warheads,,,,,NEEDS_PACK_SIZE,0,,,,No pack size or plausible stock row; supplier identification required
https://candy-days.com/fr/product/kinder-duo,Kinder Duo,Kinder Duo — Chocolat.,,Kinder,,,,,NEEDS_PACK_SIZE,0,,,,No pack size or plausible stock row; supplier identification required
https://candy-days.com/fr/product/cote-dor-bar,Cote Dor Bar,Cote Dor Bar — Chocolat.,,Côte d'Or,,,,,REVIEW_NO_SIZE,5,7622210995087 | CSV line 9725 | COTE D'DOR BLOC NOIR NOISETTE | score 70 (2/2 name tokens; brand),7622210117830 | CSV line 9734 | COTE DOR BOUCHEE TRUFFE | score 70 (2/2 name tokens; brand),7622210995025 | CSV line 9735 | COTE DOR CARAMELISEE | score 70 (2/2 name tokens; brand),"Possible name/brand matches, but pack size is missing; do not import"
https://candy-days.com/fr/product/haribo-roulat,Haribo Roulat,Haribo Roulat — Bonbons gélifiés.,,Haribo,,,,,NEEDS_PACK_SIZE,0,,,,No pack size or plausible stock row; supplier identification required
https://candy-days.com/fr/product/bis-milka-sensations,Bis Milka Sensations,Bis Milka Sensations — Biscuits.,,Milka,,,,,NEEDS_PACK_SIZE,0,,,,No pack size or plausible stock row; supplier identification required
https://candy-days.com/fr/product/kinder-bueno-t12,Kinder Bueno,Kinder Bueno T12 — Chocolat.,T12,Kinder,,,12,,NEEDS_PACK_SIZE,0,,,,No pack size or plausible stock row; supplier identification required
https://candy-days.com/fr/product/werthers-t3,Werthers,Werthers T3 — Sucettes & bonbons durs.,T3,Werther's Original,,,3,,NEEDS_PACK_SIZE,0,,,,No pack size or plausible stock row; supplier identification required
https://candy-days.com/fr/product/dr-sour-75g,Dr Sour,Dr Sour 75G — Bonbons gélifiés.,75g,Dr. Sour,75G,75G,,,NO_MATCH,0,,,,No plausible stock row has the same name and pack size
https://candy-days.com/fr/product/mentos-90g,Mentos Red FRUIT & LIME Gum (Mentos),Mentos Red FRUIT & LIME Gum (Mentos) — Chewing-gum.,,Mentos,,90G,,,NEEDS_PACK_SIZE,0,,,,No pack size or plausible stock row; supplier identification required
https://candy-days.com/fr/product/kinder-tronky,Kinder Tronky,Kinder Tronky 18g — Chocolat.,18g,Kinder,18G,,,,NO_MATCH,0,,,,No plausible stock row has the same name and pack size
https://candy-days.com/fr/product/kunder-tronky,Kinder Tronky Chocolate,Kinder Tronky Chocolate 90g — Chocolat.,90g,Kinder,90G,,,,NO_MATCH,0,,,,No plausible stock row has the same name and pack size
https://candy-days.com/fr/product/toffifee-t48,Toffifee,Toffifee T48 — Biscuits.,T48,Toffifee,,,48,,NEEDS_PACK_SIZE,0,,,,No pack size or plausible stock row; supplier identification required
https://candy-days.com/fr/product/pringles,Pringles Hot & Spicy,Pringles Hot & Spicy 40g — Chips.,40g,Pringles,40G,,,,NO_MATCH,0,,,,No plausible stock row has the same name and pack size
https://candy-days.com/fr/product/doritos-crem,Doritos Goût Sour Cream,Doritos Goût Sour Cream 160g — Chips.,160g,Doritos,160G,,,,NO_MATCH,0,,,,No plausible stock row has the same name and pack size
https://candy-days.com/fr/product/kinder-cornetti,Kinder Cornetti,Kinder Cornetti — Chocolat.,,Kinder,,,,,NEEDS_PACK_SIZE,0,,,,No pack size or plausible stock row; supplier identification required
https://candy-days.com/fr/product/lindt-lindor-100g,Lindt Lindor,Lindt Lindor 100G — Chocolat.,100g,Lindt,100G,100G,,,NO_MATCH,0,,,,No plausible stock row has the same name and pack size
https://candy-days.com/fr/product/mnms-220g,Mnms,Mnms 220G — Chocolat.,220g,M&M's,220G,220G,,,NO_MATCH,0,,,,No plausible stock row has the same name and pack size
https://candy-days.com/fr/product/mnms-125g,Mnms,Mnms 125G — Chocolat.,125g,M&M's,125G,125G,,,NO_MATCH,0,,,,No plausible stock row has the same name and pack size
https://candy-days.com/fr/product/ferrero-t3,Ferrero Rocher,Ferrero Rocher 37.5g   T3 — Chocolat.,"37.5g,T3",Ferrero Rocher,37.5G,,3,,NO_MATCH,0,,,,No plausible stock row has the same name and pack size
https://candy-days.com/fr/product/toffifee-t3,Toffifee,Toffifee T3 — Chocolat.,T3,Toffifee,,,3,,NEEDS_PACK_SIZE,0,,,,No pack size or plausible stock row; supplier identification required
https://candy-days.com/fr/product/kinder-cards-t10,Kinder Cards,Kinder Cards T10 — Chocolat.,T10,Kinder,,,10,,NEEDS_PACK_SIZE,0,,,,No pack size or plausible stock row; supplier identification required
https://candy-days.com/fr/product/kinder-delice,Kinder Delice,Kinder Delice — Chocolat.,,Kinder,,,,,REVIEW_NO_SIZE,7,80052463 | CSV line 7419 | CHOCO KINDER DELICE | score 70 (2/2 name tokens; brand),8000500142127 | CSV line 23428 | KINDER DELICE 10U | score 70 (2/2 name tokens; brand),8000500042854 | CSV line 23429 | KINDER DELICE 20U | score 70 (2/2 name tokens; brand),"Possible name/brand matches, but pack size is missing; do not import"
https://candy-days.com/fr/product/vimto,Vimto,Vimto — Boissons.,,Vimto,,,,,REVIEW_NO_SIZE,1,5010438005237 | CSV line 4265 | BOISSON VIMTO/33CL | score 70 (1/1 name tokens; brand),,,"Possible name/brand matches, but pack size is missing; do not import"
https://candy-days.com/fr/product/ferrero,Ferrero,Ferrero — Chocolat.,,Ferrero,,,,,REVIEW_NO_SIZE,22,8000500003787 | CSV line 17015 | FERRERO BOITE 16 | score 70 (1/1 name tokens; brand),80176848 | CSV line 17016 | FERRERO COEUR | score 70 (1/1 name tokens; brand),8000500178669 | CSV line 17017 | FERRERO COLECTION T24 | score 70 (1/1 name tokens; brand),"Possible name/brand matches, but pack size is missing; do not import"
https://candy-days.com/fr/product/milka-wafer,Milka Wafer,Milka Wafer — Chocolat.,,Milka,,,,,REVIEW_NO_SIZE,4,59939788 | CSV line 26068 | LU MILKA WAFER 30G | score 70 (2/2 name tokens; brand),7622300761455 | CSV line 27521 | MILKA CHOC WAFER | score 70 (2/2 name tokens; brand),7622300499709 | CSV line 27537 | MILKA CHOCO WAFER/30 | score 70 (2/2 name tokens; brand),"Possible name/brand matches, but pack size is missing; do not import"
https://candy-days.com/fr/product/twix-mnms-top,Twix / Mnms Top,Twix / Mnms Top — Chocolat.,,,,,,,REVIEW_NO_SIZE,1,5900951251849 | CSV line 40104 | TWIX BAR TOP | score 40 (2/3 name tokens),,,"Possible name/brand matches, but pack size is missing; do not import"
https://candy-days.com/fr/product/milka,Milka,Milka — Chocolat.,,Milka,,,,,REVIEW_NO_SIZE,263,7622300434373 | CSV line 3691 | BISCUIT MILKA JAFFA | score 70 (1/1 name tokens; brand),7622300434472 | CSV line 3692 | BISCUIT MILKA JAFFA | score 70 (1/1 name tokens; brand),7622300434502 | CSV line 3693 | BISCUIT MILKA JAFFA | score 70 (1/1 name tokens; brand),"Possible name/brand matches, but pack size is missing; do not import"
https://candy-days.com/fr/product/milka-nussini,Milka Nussini,Milka Nussini — Chocolat.,,Milka,,,,,NEEDS_PACK_SIZE,0,,,,No pack size or plausible stock row; supplier identification required
https://candy-days.com/fr/product/pringles-mm,Pringles Sour Cream & Onion,Pringles Sour Cream & Onion 165g — Chips.,165g,Pringles,165G,,,,NO_MATCH,0,,,,No plausible stock row has the same name and pack size
https://candy-days.com/fr/product/kinder-joy-t3,Kinder Joy,Kinder Joy T3 — Chocolat.,T3,Kinder,,,3,,NEEDS_PACK_SIZE,0,,,,No pack size or plausible stock row; supplier identification required
https://candy-days.com/fr/product/raffaello-160g,Raffaello,Raffaello 160G — Chocolat.,160g,Raffaello,160G,160G,,,NO_MATCH,0,,,,No plausible stock row has the same name and pack size
https://candy-days.com/fr/product/kit-kat-whte,White Chocolate Biscuit Bar Kit Kat,White Chocolate Biscuit Bar Kit Kat — Chocolat.,,KitKat,,,,,NEEDS_PACK_SIZE,0,,,,No pack size or plausible stock row; supplier identification required
https://candy-days.com/fr/product/warheads-99g,Warheads,Warheads 99G — Bonbons gélifiés.,99g,Warheads,99G,99G,,,NO_MATCH,0,,,,No plausible stock row has the same name and pack size
https://candy-days.com/fr/product/lips-candy-unicorn,Lips Candy Unicorn,Lips Candy Unicorn — Bonbons gélifiés.,,,,,,,NEEDS_PACK_SIZE,0,,,,No pack size or plausible stock row; supplier identification required
https://candy-days.com/fr/product/coca-cola-vanilla,Coca Cola Vanilla,Coca Cola Vanilla — Boissons.,,Coca-Cola,,,,,NEEDS_PACK_SIZE,0,,,,No pack size or plausible stock row; supplier identification required
https://candy-days.com/fr/product/milka-175g,Milka - Cake & Choc Gâteaux Chocolat,Milka - Cake & Choc Gâteaux Chocolat 175g — Biscuits.,175g,Milka,175G,175G,,,NO_MATCH,0,,,,No plausible stock row has the same name and pack size
https://candy-days.com/fr/product/nutella-825g,Nutella,Nutella 825G — Chocolat.,825g,Nutella,825G,825G,,3017620428258,SOURCED,2,80051428 | CSV line 7549 | CHOCO/NUTELLA 825G | score 95 (1/1 name tokens; same 825G pack; brand),3017620428258 | CSV line 29078 | NUTELLA 825G | score 95 (1/1 name tokens; same 825G pack; brand),,Barcode already present in catalog; see source and research report
https://candy-days.com/fr/product/red-bull-bouteille,Red Bull Bouteille,Red Bull Bouteille — Boissons.,,Red Bull,,,,,NEEDS_PACK_SIZE,0,,,,No pack size or plausible stock row; supplier identification required
https://candy-days.com/fr/product/skittles,Skittles,Skittles 38g — Bonbons gélifiés.,38g,Skittles,38G,,,,NO_MATCH,0,,,,No plausible stock row has the same name and pack size
https://candy-days.com/fr/product/haribo-tagada,Haribo Tagada,Haribo Tagada — Bonbons gélifiés.,,Haribo,,,,,REVIEW_NO_SIZE,2,8691216050495 | CSV line 20922 | HARIBO TAGADA | score 70 (2/2 name tokens; brand),3103220009079 | CSV line 20923 | HARIBO TAGADA | score 70 (2/2 name tokens; brand),,"Possible name/brand matches, but pack size is missing; do not import"
https://candy-days.com/fr/product/pringels,Pringels,Pringels 175 g — Chips.,175g,Pringles,175G,,,,NO_MATCH,0,,,,No plausible stock row has the same name and pack size
https://candy-days.com/fr/product/milka-wafer-choco-180g,Milka Wafer Choco,Milka Wafer Choco 180G — Chocolat.,180g,Milka,180G,180G,,,NO_MATCH,0,,,,No plausible stock row has the same name and pack size
https://candy-days.com/fr/product/werthers-soft-180g,Werther's Original Schoko Toffees,Werther's Original Schoko Toffees 180g — Bonbons gélifiés.,180g,Werther's Original,180G,180G,,,NO_MATCH,0,,,,No plausible stock row has the same name and pack size
https://candy-days.com/fr/product/coca-cola-cherry,Coca Cola Cherry,Coca Cola Cherry — Boissons.,,Coca-Cola,,,,,REVIEW_NO_SIZE,5,5449000024312 | CSV line 8329 | COCA COLA  CHERRY/6 | score 70 (3/3 name tokens; brand),5449000109255 | CSV line 8338 | COCA COLA CHERRY 1.5 | score 70 (3/3 name tokens; brand),2000000003184 | CSV line 8339 | COCA COLA CHERRY SLIM | score 70 (3/3 name tokens; brand),"Possible name/brand matches, but pack size is missing; do not import"
https://candy-days.com/fr/product/merci-gm,Merci GM,Merci GM — Chocolat.,,Merci,,,,,REVIEW_NO_SIZE,5,4014400911923 | CSV line 4557 | BONBON MERCI/125G | score 70 (1/1 name tokens; brand),4014400911015 | CSV line 4651 | BONBPN MERCI PETIT | score 70 (1/1 name tokens; brand),4014400901191 | CSV line 8867 | COFFRET/CHOCO/MERCI | score 70 (1/1 name tokens; brand),"Possible name/brand matches, but pack size is missing; do not import"
https://candy-days.com/fr/product/kit-kat-ball-250g,Kit Kat Ball,Kit Kat Ball 250G — Chocolat.,250g,KitKat,250G,250G,,,NO_MATCH,0,,,,No plausible stock row has the same name and pack size
https://candy-days.com/fr/product/skittles-174g,Skittles,Skittles 174G — Bonbons gélifiés.,174g,Skittles,174G,174G,,,NO_MATCH,0,,,,No plausible stock row has the same name and pack size
https://candy-days.com/fr/product/lutti-180g,Lutti,Lutti 180G — Bonbons gélifiés.,180g,Lutti,180G,180G,,,NO_MATCH,0,,,,No plausible stock row has the same name and pack size
https://candy-days.com/fr/product/trolli,Trolli,Trolli — Bonbons gélifiés.,,Trolli,,,,,REVIEW_NO_SIZE,6,6132501290032 | CSV line 2363 | B.TROLLI FRAISE 40G | score 70 (1/1 name tokens; brand),6132501290049 | CSV line 2364 | B.TROLLI FRAISE 75G | score 70 (1/1 name tokens; brand),6132501290063 | CSV line 2365 | B.TROLLI LUCIOLES75G | score 70 (1/1 name tokens; brand),"Possible name/brand matches, but pack size is missing; do not import"
https://candy-days.com/fr/product/werthers-original-225g,Werthers Original,Werthers Original 225G — Sucettes & bonbons durs.,225g,Werther's Original,225G,225G,,,NO_MATCH,0,,,,No plausible stock row has the same name and pack size
https://candy-days.com/fr/product/ferrero-moments,Ferrero Moments,Ferrero Moments — Chocolat.,,Ferrero,,,,,NEEDS_PACK_SIZE,0,,,,No pack size or plausible stock row; supplier identification required
https://candy-days.com/fr/product/crl-nesquik-450g,Crl Nesquik,Crl Nesquik 450G — Biscuits.,450g,Nesquik,450G,450G,,,NO_MATCH,0,,,,No plausible stock row has the same name and pack size
https://candy-days.com/fr/product/crl-nesquik-310g,Nesquik - Chocolat en poudre - Boîte,Nesquik - Chocolat en poudre - Boîte 300 g — Biscuits.,300g,Nesquik,300G,310G,,,CONFLICTING_SIZE,0,,,,Catalog pack size 300G disagrees with product URL size 310G; resolve before matching
https://candy-days.com/fr/product/crunch,Crunch,Crunch 27g — Chocolat.,27g,Crunch,27G,,,,NO_MATCH,0,,,,No plausible stock row has the same name and pack size
https://candy-days.com/fr/product/crunch-ceral,Crunch Ceral,Crunch Ceral — Chocolat.,,Crunch,,,,,NEEDS_PACK_SIZE,0,,,,No pack size or plausible stock row; supplier identification required
https://candy-days.com/fr/product/krema-580g,Krema,Krema 580G — Bonbons gélifiés.,580g,Krema,580G,580G,,,NO_MATCH,0,,,,No plausible stock row has the same name and pack size
https://candy-days.com/fr/product/lotus-biscoff-cream,Lotus Biscoff Creamy,Lotus Biscoff Creamy 400g — Biscuits.,400g,Lotus Biscoff,400G,,,,NO_MATCH,0,,,,No plausible stock row has the same name and pack size
https://candy-days.com/fr/product/fanta-fruit-de-dragon,Fanta orange boîte,Fanta orange boîte 33 cl — Boissons.,33cl,Fanta,330ML,,,,NO_MATCH,0,,,,No plausible stock row has the same name and pack size
https://candy-days.com/fr/product/kinder-chocolat-t24,Kinder Chocolat,Kinder Chocolat T24 — Chocolat.,T24,Kinder,,,24,,NEEDS_PACK_SIZE,0,,,,No pack size or plausible stock row; supplier identification required
https://candy-days.com/fr/product/sour-pach,Sour Pach,Sour Pach — Bonbons gélifiés.,,Sour Patch Kids,,,,,NEEDS_PACK_SIZE,0,,,,No pack size or plausible stock row; supplier identification required
https://candy-days.com/fr/product/vip-candy,Vip Candy,Vip Candy — Bonbons gélifiés.,,Vip Candy,,,,,REVIEW_NO_SIZE,10,8411061711767 | CSV line 45 | 212 VIP 80ML | score 70 (1/1 name tokens; brand),8411061804025 | CSV line 46 | 212 VIP CLUB EDITION | score 70 (1/1 name tokens; brand),8411061711804 | CSV line 47 | 212 VIP FEMME 50ML | score 70 (1/1 name tokens; brand),"Possible name/brand matches, but pack size is missing; do not import"
https://candy-days.com/fr/product/skittles-190g,Skittles,Skittles 190G — Bonbons gélifiés.,190g,Skittles,190G,190G,,,NO_MATCH,0,,,,No plausible stock row has the same name and pack size
https://candy-days.com/fr/product/haribo-500g,Haribo,Haribo 500G — Bonbons gélifiés.,500g,Haribo,500G,500G,,,NO_MATCH,0,,,,No plausible stock row has the same name and pack size
https://candy-days.com/fr/product/moment-noir,Moment Noir,Moment Noir — Chocolat.,,Moment,,,,,NEEDS_PACK_SIZE,0,,,,No pack size or plausible stock row; supplier identification required
https://candy-days.com/fr/product/hersheys,Hersheys Milk Chocolate Almonds Bar,Hersheys Milk Chocolate Almonds Bar 41g — Chocolat.,41g,Hershey's,41G,,,,NO_MATCH,0,,,,No plausible stock row has the same name and pack size
https://candy-days.com/fr/product/coca-cola-jpn,Coca Cola Jpn,Coca Cola Jpn — Boissons.,,Coca-Cola,,,,,REVIEW_NO_SIZE,36,6133553000242 | CSV line 4421 | BONBON COCA COLA | score 50 (2/3 name tokens; brand),54492790 | CSV line 8325 | COCA  COLA CERISE/50 | score 50 (2/3 name tokens; brand),5449000024312 | CSV line 8329 | COCA COLA  CHERRY/6 | score 50 (2/3 name tokens; brand),"Possible name/brand matches, but pack size is missing; do not import"
https://candy-days.com/fr/product/haribo-250g,Haribo,Haribo 250G — Bonbons gélifiés.,250g,Haribo,250G,250G,,,REVIEW_SINGLE,1,8691216018693 | CSV line 20921 | HARIBO SOFTBONS/250G | score 95 (1/1 name tokens; same 250G pack; brand),,,"One plausible name-and-size candidate; verify flavor, wrapper, and unit code"
https://candy-days.com/fr/product/milka-choco-cookies-xl,Milka Choco Cookies XL,Milka Choco Cookies XL — Biscuits.,,Milka,,,,,REVIEW_NO_SIZE,11,7622210005984 | CSV line 19064 | GATO MILKA CHOCO COOKIES | score 70 (2/2 name tokens; brand),7622300356767 | CSV line 27522 | MILKA CHOCO COOKIES | score 70 (2/2 name tokens; brand),7622300665968 | CSV line 27523 | MILKA CHOCO COOKIES NUTS | score 70 (2/2 name tokens; brand),"Possible name/brand matches, but pack size is missing; do not import"
https://candy-days.com/fr/product/chupa-chups-120g,Chupa Chups,Chupa Chups T10.120G — Sucettes & bonbons durs.,"120g,T10",Chupa Chups,120G,120G,10,,NO_MATCH,0,,,,No plausible stock row has the same name and pack size
https://candy-days.com/fr/product/red-bull-350ml,Red Bull,Red Bull 350ML — Boissons.,350ml,Red Bull,350ML,350ML,,,NO_MATCH,0,,,,No plausible stock row has the same name and pack size
https://candy-days.com/fr/product/dubai-bar,Barra de Chocolate Ulker Dubai con Pistacho de,Barra de Chocolate Ulker Dubai con Pistacho de 93 g — Chocolat.,93g,Ülker,93G,,,,NO_MATCH,0,,,,No plausible stock row has the same name and pack size
https://candy-days.com/fr/product/milka-sensations-cookies,Milka Sensations Cookies,Milka Sensations Cookies — Biscuits.,,Milka,,,,,NEEDS_PACK_SIZE,0,,,,No pack size or plausible stock row; supplier identification required
https://candy-days.com/fr/product/krema-batna-580g,Krema Batna,Krema Batna 580G — Bonbons gélifiés.,580g,Krema,580G,580G,,,NO_MATCH,0,,,,No plausible stock row has the same name and pack size
https://candy-days.com/fr/product/maruja-au-lait,Maruja Au Lait,Maruja Au Lait — Chocolat.,,Maruja,,,,,REVIEW_NO_SIZE,17,8425197800097 | CSV line 3687 | BISCUIT MARUJA | score 70 (1/1 name tokens; brand),8425197800028 | CSV line 3688 | BISCUIT MARUJA 500G | score 70 (1/1 name tokens; brand),8425197800011 | CSV line 3689 | BISCUIT MARUJA CHOCO | score 70 (1/1 name tokens; brand),"Possible name/brand matches, but pack size is missing; do not import"
https://candy-days.com/fr/product/milka-milkinis,Milka Milkinis,Milka Milkinis 100g — Chocolat.,100g,Milka,100G,,,,NO_MATCH,0,,,,No plausible stock row has the same name and pack size
https://candy-days.com/fr/product/kinder-crispy,Kinder Crispy,Kinder Crispy — Chocolat.,,Kinder,,,,,NEEDS_PACK_SIZE,0,,,,No pack size or plausible stock row; supplier identification required
https://candy-days.com/fr/product/mentos-iznh,Mentos strawberry,Mentos strawberry — Chewing-gum.,,Mentos,,,,,REVIEW_NO_SIZE,1,8990800000176 | CSV line 27232 | MENTOS STRAWBERRY | score 70 (2/2 name tokens; brand),,,"Possible name/brand matches, but pack size is missing; do not import"
https://candy-days.com/fr/product/mentos-strawberry-k9st,Mentos rainbow,Mentos rainbow — Chewing-gum.,,Mentos,,,,,NEEDS_PACK_SIZE,0,,,,No pack size or plausible stock row; supplier identification required
https://candy-days.com/fr/product/mentos-strawberry-r5lb,Mentos Buah,Mentos Buah — Chewing-gum.,,Mentos,,,,,NEEDS_PACK_SIZE,0,,,,No pack size or plausible stock row; supplier identification required
https://candy-days.com/fr/product/mentos-strawberry-s69p,Mentos COLA,Mentos COLA — Chewing-gum.,,Mentos,,,,,REVIEW_NO_SIZE,1,8990800012209 | CSV line 27195 | MENTOS COLA | score 70 (2/2 name tokens; brand),,,"Possible name/brand matches, but pack size is missing; do not import"
https://candy-days.com/fr/product/vivident-gum-338c,Vivident 45Dk Strawberry Chewing Gum,Vivident 45Dk Strawberry Chewing Gum — Chewing-gum.,,Vivident,,,,,NEEDS_PACK_SIZE,0,,,,No pack size or plausible stock row; supplier identification required
https://candy-days.com/fr/product/vivident-45dk-strawberry-chewing-gum-55fr,Vivident 45Dk Wallet Watermelon Gum,Vivident 45Dk Wallet Watermelon Gum 0.9 oz (26 g) — Chewing-gum.,"0.9oz,26g",Vivident,26G,,,,NO_MATCH,0,,,,No plausible stock row has the same name and pack size
https://candy-days.com/fr/product/vivident-45dk-wallet-watermelon-gum-0-9--8eok,vivident 45min wallet-gum-raspberry,vivident 45min wallet-gum-raspberry — Chewing-gum.,,Vivident,,,,,NEEDS_PACK_SIZE,0,,,,No pack size or plausible stock row; supplier identification required
https://candy-days.com/fr/product/vivident-45dk-wallet-watermelon-gum-0-9--dla0,Vivident 45 Minutes Sugar-Free Strip Gum,Vivident 45 Minutes Sugar-Free Strip Gum — Chewing-gum.,,Vivident,,,,,NEEDS_PACK_SIZE,0,,,,No pack size or plausible stock row; supplier identification required
https://candy-days.com/fr/product/freedent-dragees-zv9h,"Freedent – Chewing-gum blanc fort à la menthe, sans sucre, 10 dragées","Freedent – Chewing-gum blanc fort à la menthe, sans sucre, 10 dragées — Chewing-gum.",,Freedent,,,,,NEEDS_PACK_SIZE,0,,,,No pack size or plausible stock row; supplier identification required
https://candy-days.com/fr/product/freedent-dragees-hrht,Freedent White – Chewing-gum blanc à la fraise,Freedent White – Chewing-gum blanc à la fraise — Chewing-gum.,,Freedent,,,,,NEEDS_PACK_SIZE,0,,,,No pack size or plausible stock row; supplier identification required
https://candy-days.com/fr/product/freedent-chewing-gum-blanc-fort-a-la-men-l8n1,Freedent – Chewing-gum sans sucres à la fraise,"Freedent – Chewing-gum sans sucres à la fraise, 14 g — Chewing-gum.",14g,Freedent,14G,,,,NO_MATCH,0,,,,No plausible stock row has the same name and pack size
https://candy-days.com/fr/product/freedent-chewing-gum-sans-sucres-a-la-fr-n4le,Freedent White – Chewing-gum blanc aux fruits,Freedent White – Chewing-gum blanc aux fruits — Chewing-gum.,,Freedent,,,,,NEEDS_PACK_SIZE,0,,,,No pack size or plausible stock row; supplier identification required
https://candy-days.com/fr/product/pringles-40g-0t89,Pringles Sour Cream & Onion,Pringles Sour Cream & Onion 40 g — Chips.,40g,Pringles,40G,40G,,,NO_MATCH,0,,,,No plausible stock row has the same name and pack size
https://candy-days.com/fr/product/pringles-40g-6l5c,Pringles Original – Snack Salé Croustillant,Pringles  Original – Snack Salé Croustillant 40g — Chips.,40g,Pringles,40G,40G,,,NO_MATCH,0,,,,No plausible stock row has the same name and pack size
https://candy-days.com/fr/product/pringles-40g-d09f,Pringles Texas BBQ Sauce Crisps Can40g,Pringles Texas BBQ Sauce Crisps Can40g — Chips.,,Pringles,,40G,,,NEEDS_PACK_SIZE,0,,,,No pack size or plausible stock row; supplier identification required
https://candy-days.com/fr/product/pringles-hot-spicy-40g-k8av,Pringles Paprika,Pringles Paprika 40g — Chips.,40g,Pringles,40G,40G,,,NO_MATCH,0,,,,No plausible stock row has the same name and pack size
https://candy-days.com/fr/product/lindt-excellence-100-pur-cacao-50g,Lindt Excellence 100 Pur Cacao,Lindt Excellence 100 Pur Cacao 50g — Chocolat.,50g,Lindt,50G,50G,,,NO_MATCH,0,,,,No plausible stock row has the same name and pack size
https://candy-days.com/fr/product/lindt-excellence-noir-99-cacao-100g,Lindt Excellence Noir 99% Cacao,Lindt Excellence Noir 99% Cacao 100G — Chocolat.,100g,Lindt,100G,100G,,,NO_MATCH,0,,,,No plausible stock row has the same name and pack size
https://candy-days.com/fr/product/lindt-excellence-noire-fleur-de-sel-tabl,Lindt Excellence Noire Fleur de Sel Tablette,Lindt Excellence Noire Fleur de Sel Tablette — Chocolat.,,Lindt,,,,,NEEDS_PACK_SIZE,0,,,,No pack size or plausible stock row; supplier identification required
https://candy-days.com/fr/product/lindt-excellence-noire-78-cacao-tablette,Lindt Excellence Noire 78% Cacao Tablette,Lindt Excellence Noire 78% Cacao Tablette — Chocolat.,,Lindt,,,,,NEEDS_PACK_SIZE,0,,,,No pack size or plausible stock row; supplier identification required
https://candy-days.com/fr/product/lindt-excellence-noire-orange-tablette,Lindt Excellence Noire Orange Tablette,Lindt Excellence Noire Orange Tablette — Chocolat.,,Lindt,,,,,NEEDS_PACK_SIZE,0,,,,No pack size or plausible stock row; supplier identification required
https://candy-days.com/fr/product/lindt-excellence-noire-85-cacao-tablette,Lindt Excellence Noire 85% Cacao Tablette,Lindt Excellence Noire 85% Cacao Tablette — Chocolat.,,Lindt,,,,,NEEDS_PACK_SIZE,0,,,,No pack size or plausible stock row; supplier identification required
https://candy-days.com/fr/product/chupa-chups-assorted-flavour-lollipop-11,Chupa Chups Assorted Flavour Lollipop,Chupa Chups Assorted Flavour Lollipop (11g×10) — Sucettes & bonbons durs.,"11g,x10",Chupa Chups,11G,,,,NO_MATCH,0,,,,No plausible stock row has the same name and pack size
https://candy-days.com/fr/product/chupa-chups-the-best-of-10-lollipops-120,Chupa Chups - The Best of,Chupa Chups - The Best of 10 Lollipops 120 g — Sucettes & bonbons durs.,"120g,x10",Chupa Chups,120G,,,,NO_MATCH,0,,,,No plausible stock row has the same name and pack size
https://candy-days.com/fr/product/snickers-almond-bar-22g,Snickers Almond Bar,Snickers Almond Bar 22G — Chocolat.,22g,Snickers,22G,22G,,,NO_MATCH,0,,,,No plausible stock row has the same name and pack size
https://candy-days.com/fr/product/snickers-butterscotch-flavour-24g,Snickers Butterscotch Flavour,Snickers Butterscotch Flavour 24G — Chocolat.,24g,Snickers,24G,24G,,,NO_MATCH,0,,,,No plausible stock row has the same name and pack size
https://candy-days.com/fr/product/snickers-chocolate-berry-whip-flavour-40,Snickers Chocolate Berry Whip Flavour,Snickers Chocolate Berry Whip Flavour 40G — Chocolat.,40g,Snickers,40G,,,,NO_MATCH,0,,,,No plausible stock row has the same name and pack size
https://candy-days.com/fr/product/werther-s-original-cafe-cremoso-sans-sucre-70g,Werther's Original Café Cremoso Sans Sucre,Werther's Original Café Cremoso Sans Sucre 70g — Sucettes & bonbons durs.,70g,Werther's Original,70G,70G,,,NO_MATCH,0,,,,No plausible stock row has the same name and pack size
https://candy-days.com/fr/product/werther-s-original-sans-sucre-70g,Werther's Original Sans Sucre,Werther's Original Sans Sucre 70g — Sucettes & bonbons durs.,70g,Werther's Original,70G,70G,,,NO_MATCH,0,,,,No plausible stock row has the same name and pack size
https://candy-days.com/fr/product/werther-s-original-soft-eclair-caramel-sale-180g,Werther's Original Soft Eclair Caramel Salé,Werther's Original Soft Eclair Caramel Salé 180g — Sucettes & bonbons durs.,180g,Werther's Original,180G,180G,,,NO_MATCH,0,,,,No plausible stock row has the same name and pack size
https://candy-days.com/fr/product/werther-s-original-soft-eclairs-180g,Werther's Original Soft Eclairs,Werther's Original Soft Eclairs 180g — Sucettes & bonbons durs.,180g,Werther's Original,180G,180G,,,NO_MATCH,0,,,,No plausible stock row has the same name and pack size
https://candy-days.com/fr/product/werther-s-original-soft-caramel-180g,Werther's Original Soft Caramel,Werther's Original Soft Caramel 180g — Sucettes & bonbons durs.,180g,Werther's Original,180G,180G,,,NO_MATCH,0,,,,No plausible stock row has the same name and pack size
https://candy-days.com/fr/product/ritter-sport-whole-almonds-100g,Ritter Sport Whole Almonds,Ritter Sport Whole Almonds 100g — Chocolat.,100g,Ritter Sport,100G,100G,,,NO_MATCH,0,,,,No plausible stock row has the same name and pack size
https://candy-days.com/fr/product/ritter-sport-dark-whole-almonds-100g,Ritter Sport Dark Whole Almonds,Ritter Sport Dark Whole Almonds 100g — Chocolat.,100g,Ritter Sport,100G,100G,,,NO_MATCH,0,,,,No plausible stock row has the same name and pack size
https://candy-days.com/fr/product/ritter-sport-fine-milk-chocolate-100g,Ritter Sport Fine Milk Chocolate,Ritter Sport Fine Milk Chocolate 100g — Chocolat.,100g,Ritter Sport,100G,100G,,,NO_MATCH,0,,,,No plausible stock row has the same name and pack size
https://candy-days.com/fr/product/ritter-sport-caramel-mousse-100g,Ritter Sport Caramel Mousse,Ritter Sport Caramel Mousse 100g — Chocolat.,100g,Ritter Sport,100G,100G,,,NO_MATCH,0,,,,No plausible stock row has the same name and pack size
https://candy-days.com/fr/product/ritter-sport-gebrannte-mandel-100g,Ritter Sport Gebrannte Mandel,Ritter Sport Gebrannte Mandel 100g — Chocolat.,100g,Ritter Sport,100G,100G,,,NO_MATCH,0,,,,No plausible stock row has the same name and pack size
https://candy-days.com/fr/product/ritter-sport-alpine-milk-100g,Ritter Sport Alpine Milk,Ritter Sport Alpine Milk 100g — Chocolat.,100g,Ritter Sport,100G,100G,,,NO_MATCH,0,,,,No plausible stock row has the same name and pack size
https://candy-days.com/fr/product/ritter-sport-cocoa-mousse-100g,Ritter Sport Cocoa Mousse,Ritter Sport Cocoa Mousse 100g — Chocolat.,100g,Ritter Sport,100G,100G,,,NO_MATCH,0,,,,No plausible stock row has the same name and pack size
https://candy-days.com/fr/product/ritter-sport-nugat-100g,Ritter Sport Nugat,Ritter Sport Nugat 100g — Chocolat.,100g,Ritter Sport,100G,100G,,,NO_MATCH,0,,,,No plausible stock row has the same name and pack size
https://candy-days.com/fr/product/schogetten-edel-alpenvollmilch-haselnuss-100g,Schogetten Edel-Alpenvollmilch Haselnuss,Schogetten Edel-Alpenvollmilch Haselnuss 100g — Chocolat.,100g,Schogetten,100G,100G,,,NO_MATCH,0,,,,No plausible stock row has the same name and pack size
https://candy-days.com/fr/product/schogetten-kirsche-hibiskus-100g,Schogetten Kirsche-Hibiskus,Schogetten Kirsche-Hibiskus 100g — Chocolat.,100g,Schogetten,100G,100G,,,NO_MATCH,0,,,,No plausible stock row has the same name and pack size
https://candy-days.com/fr/product/schogetten-stracciatella-100g,Schogetten Stracciatella,Schogetten Stracciatella 100g — Chocolat.,100g,Schogetten,100G,100G,,,NO_MATCH,0,,,,No plausible stock row has the same name and pack size
https://candy-days.com/fr/product/schogetten-black-white-100g,Schogetten Black & White,Schogetten Black & White 100g — Chocolat.,100g,Schogetten,100G,100G,,,NO_MATCH,0,,,,No plausible stock row has the same name and pack size
https://candy-days.com/fr/product/schogetten-caramel-brownie-100g,Schogetten Caramel Brownie,Schogetten Caramel Brownie 100g — Chocolat.,100g,Schogetten,100G,100G,,,NO_MATCH,0,,,,No plausible stock row has the same name and pack size
https://candy-days.com/fr/product/schogetten-yoghurt-strawberry-100g,Schogetten Yoghurt-Strawberry,Schogetten Yoghurt-Strawberry 100g — Chocolat.,100g,Schogetten,100G,100G,,,NO_MATCH,0,,,,No plausible stock row has the same name and pack size
https://candy-days.com/fr/product/skittles-fruits-400g,Skittles Fruits,Skittles Fruits 400g — Bonbons gélifiés.,400g,Skittles,400G,400G,,,NO_MATCH,0,,,,No plausible stock row has the same name and pack size
https://candy-days.com/fr/product/skittles-wild-berry-400g,Skittles Wild Berry,Skittles Wild Berry 400g — Bonbons gélifiés.,400g,Skittles,400G,400G,,,NO_MATCH,0,,,,No plausible stock row has the same name and pack size
https://candy-days.com/fr/product/skittles-crazy-sours-400g,Skittles Crazy Sours,Skittles Crazy Sours 400g — Bonbons gélifiés.,400g,Skittles,400G,400G,,,NO_MATCH,0,,,,No plausible stock row has the same name and pack size
https://candy-days.com/fr/product/moment-eclats-d-amandes-100g,Moment Éclats d'Amandes,Moment Éclats d'Amandes 100g — Chocolat.,100g,Moment,100G,100G,,,NO_MATCH,0,,,,No plausible stock row has the same name and pack size
https://candy-days.com/fr/product/moment-chocolat-au-lait-100g,Moment Chocolat au Lait,Moment Chocolat au Lait 100g — Chocolat.,100g,Moment,100G,100G,,,NO_MATCH,0,,,,No plausible stock row has the same name and pack size
https://candy-days.com/fr/product/papita-cream-biscuit-chocolat-au-lait-20g,Papita Cream Biscuit Chocolat au Lait,Papita Cream Biscuit Chocolat au Lait 20g — Chocolat.,20g,Papita,20G,20G,,,NO_MATCH,0,,,,No plausible stock row has the same name and pack size
https://candy-days.com/fr/product/papita-cream-biscuit-caramel-20g,Papita Cream Biscuit Caramel,Papita Cream Biscuit Caramel 20g — Chocolat.,20g,Papita,20G,20G,,,NO_MATCH,0,,,,No plausible stock row has the same name and pack size
https://candy-days.com/fr/product/lutti-tubble-color-framboise,Lutti Tubble Color Framboise,Lutti Tubble Color Framboise — Bonbons gélifiés.,,Lutti,,,,,NEEDS_PACK_SIZE,0,,,,No pack size or plausible stock row; supplier identification required
https://candy-days.com/fr/product/raffaello-noix-de-coco-amande-90g,Raffaello Noix de Coco & Amande,Raffaello Noix de Coco & Amande 90g — Chocolat.,90g,Raffaello,90G,90G,,,NO_MATCH,0,,,,No plausible stock row has the same name and pack size
https://candy-days.com/fr/product/ferrero-rocher-original-noisettes-90g,Ferrero Rocher Original Noisettes,Ferrero Rocher Original Noisettes 90g — Chocolat.,90g,Ferrero Rocher,90G,90G,,,NO_MATCH,0,,,,No plausible stock row has the same name and pack size
https://candy-days.com/fr/product/jellopy-sour-wand-pasteque,Jellopy Sour Wand Pastèque,Jellopy Sour Wand Pastèque — Bonbons gélifiés.,,Jellopy,,,,,NEEDS_PACK_SIZE,0,,,,No pack size or plausible stock row; supplier identification required
https://candy-days.com/fr/product/jellopy-sour-wand-fraise,Jellopy Sour Wand Fraise,Jellopy Sour Wand Fraise — Bonbons gélifiés.,,Jellopy,,,,,NEEDS_PACK_SIZE,0,,,,No pack size or plausible stock row; supplier identification required
https://candy-days.com/fr/product/jellopy-sour-wand-mure,Jellopy Sour Wand Mûre,Jellopy Sour Wand Mûre — Bonbons gélifiés.,,Jellopy,,,,,NEEDS_PACK_SIZE,0,,,,No pack size or plausible stock row; supplier identification required
https://candy-days.com/fr/product/jellopy-sour-wand-tropical,Jellopy Sour Wand Tropical,Jellopy Sour Wand Tropical — Bonbons gélifiés.,,Jellopy,,,,,NEEDS_PACK_SIZE,0,,,,No pack size or plausible stock row; supplier identification required
https://candy-days.com/fr/product/jellopy-sour-wand-cola,Jellopy Sour Wand Cola,Jellopy Sour Wand Cola — Bonbons gélifiés.,,Jellopy,,,,,NEEDS_PACK_SIZE,0,,,,No pack size or plausible stock row; supplier identification required
https://candy-days.com/fr/product/lion-white-duo-bar-40g,Lion White Duo Bar,Lion White Duo Bar 40g — Chocolat.,40g,Lion,40G,40G,,,NO_MATCH,0,,,,No plausible stock row has the same name and pack size
https://candy-days.com/fr/product/lion-peanut-butter-choco-2-bars-62g,Lion Peanut Butter Choco 2 Bars,Lion Peanut Butter Choco 2 Bars 62g — Chocolat.,62g,Lion,62G,62G,,,NO_MATCH,0,,,,No plausible stock row has the same name and pack size
https://candy-days.com/fr/product/fini-roller-watermelon-fizz,Fini Roller Watermelon Fizz,Fini Roller Watermelon Fizz — Bonbons gélifiés.,,Fini,,,,,NEEDS_PACK_SIZE,0,,,,No pack size or plausible stock row; supplier identification required
https://candy-days.com/fr/product/fini-roller-blue-raspberry,Fini Roller Blue Raspberry,Fini Roller Blue Raspberry — Bonbons gélifiés.,,Fini,,,,,NEEDS_PACK_SIZE,0,,,,No pack size or plausible stock row; supplier identification required
https://candy-days.com/fr/product/fini-roller-fizz-fantasy,Fini Roller Fizz Fantasy,Fini Roller Fizz Fantasy — Bonbons gélifiés.,,Fini,,,,,NEEDS_PACK_SIZE,0,,,,No pack size or plausible stock row; supplier identification required
https://candy-days.com/fr/product/fini-roller-strawberry,Fini Roller Strawberry,Fini Roller Strawberry — Bonbons gélifiés.,,Fini,,,,,NEEDS_PACK_SIZE,0,,,,No pack size or plausible stock row; supplier identification required
https://candy-days.com/fr/product/monster-super-fuel-subzero,Monster Super Fuel Subzero,Monster Super Fuel Subzero — Boissons.,,Monster,,,,,NEEDS_PACK_SIZE,0,,,,No pack size or plausible stock row; supplier identification required
https://candy-days.com/fr/product/monster-super-fuel-mean-green,Monster Super Fuel Mean Green,Monster Super Fuel Mean Green — Boissons.,,Monster,,,,,NEEDS_PACK_SIZE,0,,,,No pack size or plausible stock row; supplier identification required
https://candy-days.com/fr/product/monster-super-fuel-tropical-thunder,Monster Super Fuel Tropical Thunder,Monster Super Fuel Tropical Thunder — Boissons.,,Monster,,,,,NEEDS_PACK_SIZE,0,,,,No pack size or plausible stock row; supplier identification required
https://candy-days.com/fr/product/monster-super-fuel-watermelon,Monster Super Fuel Watermelon,Monster Super Fuel Watermelon — Boissons.,,Monster,,,,,NEEDS_PACK_SIZE,0,,,,No pack size or plausible stock row; supplier identification required
https://candy-days.com/fr/product/monster-super-fuel-purple-passion,Monster Super Fuel Purple Passion,Monster Super Fuel Purple Passion — Boissons.,,Monster,,,,,NEEDS_PACK_SIZE,0,,,,No pack size or plausible stock row; supplier identification required
https://candy-days.com/fr/product/lindt-les-grandes-praline-noisettes-noir-225g,Lindt Les Grandes Praliné Noisettes Noir,Lindt Les Grandes Praliné Noisettes Noir 225g — Chocolat.,225g,Lindt,225G,225G,,,NO_MATCH,0,,,,No plausible stock row has the same name and pack size
https://candy-days.com/fr/product/mentos-pure-fresh-gum-green-apple-sans-sucre-30g,Mentos Pure Fresh Gum Green Apple Sans Sucre,Mentos Pure Fresh Gum Green Apple Sans Sucre 30g — Chewing-gum.,30g,Mentos,30G,30G,,,NO_MATCH,0,,,,No plausible stock row has the same name and pack size
https://candy-days.com/fr/product/mentos-pure-fresh-gum-mint-30g,Mentos Pure Fresh Gum Mint,Mentos Pure Fresh Gum Mint 30g — Chewing-gum.,30g,Mentos,30G,30G,,,NO_MATCH,0,,,,No plausible stock row has the same name and pack size
https://candy-days.com/fr/product/mentos-sour-gum-fraise-sans-sucre-30g,Mentos Sour Gum Fraise Sans Sucre,Mentos Sour Gum Fraise Sans Sucre 30g — Chewing-gum.,30g,Mentos,30G,30G,,,NO_MATCH,0,,,,No plausible stock row has the same name and pack size
https://candy-days.com/fr/product/mentos-pure-fresh-gum-winter-green-sans-sucre,Mentos Pure Fresh Gum Winter Green Sans Sucre,Mentos Pure Fresh Gum Winter Green Sans Sucre 30g — Chewing-gum.,30g,Mentos,30G,,,,NO_MATCH,0,,,,No plausible stock row has the same name and pack size
https://candy-days.com/fr/product/lindt-creation-rocher-coco-150g,Lindt Création Rocher Coco,Lindt Création Rocher Coco 150g — Chocolat.,150g,Lindt,150G,150G,,,NO_MATCH,0,,,,No plausible stock row has the same name and pack size
https://candy-days.com/fr/product/lindt-creation-rocher-blanc-150g,Lindt Création Rocher Blanc,Lindt Création Rocher Blanc 150g — Chocolat.,150g,Lindt,150G,150G,,,NO_MATCH,0,,,,No plausible stock row has the same name and pack size
https://candy-days.com/fr/product/lindt-creation-caramel-150g,Lindt Création Caramel,Lindt Création Caramel 150g — Promo!.,150g,Lindt,150G,150G,,,REVIEW_PARTIAL,1,3046920022569 | CSV line 25348 | LINDT CREATION 150G | score 75 (2/3 name tokens; same 150G pack; brand),,,Only part of the product name matches; likely flavor or variant mismatch
https://candy-days.com/fr/product/lindt-creation-citron-frappe-150g,Lindt Création Citron Frappé,Lindt Création Citron Frappé 150g — Chocolat.,150g,Lindt,150G,150G,,,NO_MATCH,0,,,,No plausible stock row has the same name and pack size
https://candy-days.com/fr/product/lindt-creation-menthe-frappee-150g,Lindt Création Menthe Frappée,Lindt Création Menthe Frappée 150g — Chocolat.,150g,Lindt,150G,150G,,,NO_MATCH,0,,,,No plausible stock row has the same name and pack size
https://candy-days.com/fr/product/lindt-creation-orange-frappee-150g,Lindt Création Orange Frappée,Lindt Création Orange Frappée 150g — Chocolat.,150g,Lindt,150G,150G,,,NO_MATCH,0,,,,No plausible stock row has the same name and pack size
https://candy-days.com/fr/product/lindt-creation-praline-feuillete-150g,Lindt Création Praliné Feuilleté,Lindt Création Praliné Feuilleté 150g — Chocolat.,150g,Lindt,150G,150G,,,NO_MATCH,0,,,,No plausible stock row has the same name and pack size
https://candy-days.com/fr/product/ritter-sport-cookie-duo-218g,Ritter Sport Cookie Duo,Ritter Sport Cookie Duo 218g — Chocolat.,218g,Ritter Sport,218G,218G,,,NO_MATCH,0,,,,No plausible stock row has the same name and pack size
https://candy-days.com/fr/product/ritter-sport-crunchy-duo-218g,Ritter Sport Crunchy Duo,Ritter Sport Crunchy Duo 218g — Chocolat.,218g,Ritter Sport,218G,218G,,,NO_MATCH,0,,,,No plausible stock row has the same name and pack size
https://candy-days.com/fr/product/ritter-sport-fruity-duo-218g,Ritter Sport Fruity Duo,Ritter Sport Fruity Duo 218g — Chocolat.,218g,Ritter Sport,218G,218G,,,NO_MATCH,0,,,,No plausible stock row has the same name and pack size
https://candy-days.com/fr/product/fini-tubes-mini-black-90g,Fini Tubes Mini Black,Fini Tubes Mini Black 90g — Bonbons gélifiés.,90g,Fini,90G,90G,,,NO_MATCH,0,,,,No plausible stock row has the same name and pack size
https://candy-days.com/fr/product/fini-tapis-magiques-90g,Fini Tapis Magiques,Fini Tapis Magiques 90g — Bonbons gélifiés.,90g,Fini,90G,90G,,,NO_MATCH,0,,,,No plausible stock row has the same name and pack size
https://candy-days.com/fr/product/fini-poulpes-90g,Fini Poulpes,Fini Poulpes 90g — Bonbons gélifiés.,90g,Fini,90G,90G,,,NO_MATCH,0,,,,No plausible stock row has the same name and pack size
https://candy-days.com/fr/product/fini-jelly-berries-90g,Fini Jelly Berries,Fini Jelly Berries 90g — Bonbons gélifiés.,90g,Fini,90G,90G,,,NO_MATCH,0,,,,No plausible stock row has the same name and pack size
https://candy-days.com/fr/product/fini-jelly-cola-90g,Fini Jelly Cola,Fini Jelly Cola 90g — Bonbons gélifiés.,90g,Fini,90G,90G,,,NO_MATCH,0,,,,No plausible stock row has the same name and pack size
https://candy-days.com/fr/product/fini-coeur-de-peche-90g,Fini Cœur de Pêche,Fini Cœur de Pêche 90g — Bonbons gélifiés.,90g,Fini,90G,90G,,,NO_MATCH,0,,,,No plausible stock row has the same name and pack size
https://candy-days.com/fr/product/milka-cherry-creme-100g,Milka Cherry Crème,Milka Cherry Crème 100g — Chocolat.,100g,Milka,100G,100G,,,REVIEW_PARTIAL,1,5901480011454 | CSV line 27557 | MILKA CREME 100G | score 75 (2/3 name tokens; same 100G pack; brand),,,Only part of the product name matches; likely flavor or variant mismatch
https://candy-days.com/fr/product/milka-caramel-creme-100g,Milka Caramel Crème,Milka Caramel Crème 100g — Chocolat.,100g,Milka,100G,100G,,,REVIEW_PARTIAL,5,5998711723491 | CSV line 27505 | MILKA CARAMEL 100G | score 75 (2/3 name tokens; same 100G pack; brand),7622300068295 | CSV line 27506 | MILKA CARAMEL 100G | score 75 (2/3 name tokens; same 100G pack; brand),7622201050757 | CSV line 27507 | MILKA CARAMEL 100G | score 75 (2/3 name tokens; same 100G pack; brand),Only part of the product name matches; likely flavor or variant mismatch
https://candy-days.com/fr/product/milka-raspberry-creme-100g,Milka Raspberry Crème,Milka Raspberry Crème 100g — Chocolat.,100g,Milka,100G,100G,,,REVIEW_PARTIAL,1,5901480011454 | CSV line 27557 | MILKA CREME 100G | score 75 (2/3 name tokens; same 100G pack; brand),,,Only part of the product name matches; likely flavor or variant mismatch
https://candy-days.com/fr/product/milka-milkinis-8-barres-87-5g,Milka Milkinis,"Milka Milkinis 8 barres 87,5g — Chocolat.","87.5g,x8",Milka,87.5G,87.5G,8,,NO_MATCH,0,,,,No plausible stock row has the same name and pack size
https://candy-days.com/fr/product/milka-tendre-au-lait-100g,Milka Tendre au Lait,Milka Tendre au Lait 100g — Chocolat.,100g,Milka,100G,100G,,,NO_MATCH,0,,,,No plausible stock row has the same name and pack size
https://candy-days.com/fr/product/milka-biscoff-90g,Milka Biscoff,Milka Biscoff 90g — Chocolat.,90g,Milka,90G,90G,,,NO_MATCH,0,,,,No plausible stock row has the same name and pack size
https://candy-days.com/fr/product/milka-chocolat-blanc-90g,Milka Chocolat Blanc,Milka Chocolat Blanc 90g — Chocolat.,90g,Milka,90G,90G,,,NO_MATCH,0,,,,No plausible stock row has the same name and pack size
https://candy-days.com/fr/product/milka-fraise-100g,Milka Fraise,Milka Fraise 100g — Chocolat.,100g,Milka,100G,100G,,,NO_MATCH,0,,,,No plausible stock row has the same name and pack size
https://candy-days.com/fr/product/merci-cafe-creme-112g,Merci Café & Crème,Merci Café & Crème 112g — Chocolat.,112g,Merci,112G,112G,,,NO_MATCH,0,,,,No plausible stock row has the same name and pack size
https://candy-days.com/fr/product/merci-edel-nougat-creme-noisette-112g,Merci Edel-Nougat Crème de Noisette,Merci Edel-Nougat Crème de Noisette 112g — Chocolat.,112g,Merci,112G,112G,,,NO_MATCH,0,,,,No plausible stock row has the same name and pack size
https://candy-days.com/fr/product/merci-edel-rahm-chocolat-lait-112g,Merci Edel-Rahm Chocolat au Lait,Merci Edel-Rahm Chocolat au Lait 112g — Chocolat.,112g,Merci,112G,112G,,,NO_MATCH,0,,,,No plausible stock row has the same name and pack size
https://candy-days.com/fr/product/merci-marzipan-112g,Merci Marzipan,Merci Marzipan 112g — Chocolat.,112g,Merci,112G,112G,,,NO_MATCH,0,,,,No plausible stock row has the same name and pack size
https://candy-days.com/fr/product/merci-chocolat-noir-72-112g,Merci Chocolat Noir 72%,Merci Chocolat Noir 72% 112g — Chocolat.,112g,Merci,112G,112G,,,NO_MATCH,0,,,,No plausible stock row has the same name and pack size
https://candy-days.com/fr/product/merci-amande-lait-noisette-112g,"Merci Amande, Lait & Noisette","Merci Amande, Lait & Noisette 112g — Chocolat.",112g,Merci,112G,112G,,,NO_MATCH,0,,,,No plausible stock row has the same name and pack size
https://candy-days.com/fr/product/krema-bonbons-cerise-240g,Krema Bonbons Goût Cerise,Krema Bonbons Goût Cerise 240g — Bonbons gélifiés.,240g,Krema,240G,240G,,,NO_MATCH,0,,,,No plausible stock row has the same name and pack size
https://candy-days.com/fr/product/krema-bonbons-fruits-jaunes-240g,Krema Bonbons Fruits Jaunes,Krema Bonbons Fruits Jaunes 240g — Bonbons gélifiés.,240g,Krema,240G,240G,,,NO_MATCH,0,,,,No plausible stock row has the same name and pack size
https://candy-days.com/fr/product/mms-chocolate-45g,M&M's Chocolate,M&M's Chocolate 45g — Chocolat.,45g,M&M's,45G,45G,,,REVIEW_MULTIPLE,2,5900951140303 | CSV line 26191 | M&MS CHOCOLAT 45G | score 95 (1/1 name tokens; same 45G pack; brand),5900951140310 | CSV line 26193 | M&MS PEANUT 45G | score 95 (1/1 name tokens; same 45G pack; brand),,Multiple plausible codes; inspect the physical pack
https://candy-days.com/fr/product/mms-peanut-45g,M&M's Peanut,M&M's Peanut 45g — Chocolat.,45g,M&M's,45G,45G,,,REVIEW_SINGLE,1,5900951140310 | CSV line 26193 | M&MS PEANUT 45G | score 95 (2/2 name tokens; same 45G pack; brand),,,"One plausible name-and-size candidate; verify flavor, wrapper, and unit code"
https://candy-days.com/fr/product/moment-creme-caramel-100g,Moment Crème Caramel,Moment Crème Caramel 100g — Chocolat.,100g,Moment,100G,100G,,,NO_MATCH,0,,,,No plausible stock row has the same name and pack size
https://candy-days.com/fr/product/moment-creme-cacao-100g,Moment Crème Cacao,Moment Crème Cacao 100g — Chocolat.,100g,Moment,100G,100G,,,NO_MATCH,0,,,,No plausible stock row has the same name and pack size
https://candy-days.com/fr/product/fanta-orange-boite-33-cl-im6y,Fanta strawberry kiwi,Fanta strawberry kiwi 33 cl — Boissons.,33cl,Fanta,330ML,330ML,,,NO_MATCH,0,,,,No plausible stock row has the same name and pack size
https://candy-days.com/fr/product/pringels-175-g-eb66,Pringels Hot Paprika HPR,Pringels Hot Paprika HPR 165g — Chips.,165g,Pringles,165G,175G,,,CONFLICTING_SIZE,0,,,,Catalog pack size 165G disagrees with product URL size 175G; resolve before matching
https://candy-days.com/fr/product/pringels-hot-paprika-hpr-165g-l97q,Pringels Fromage et Oignon,Pringels Fromage et Oignon 165 g — Chips.,165g,Pringles,165G,165G,,,NO_MATCH,0,,,,No plausible stock row has the same name and pack size
https://candy-days.com/fr/product/tablette-de-chocolat-blanc-milka-aux-ecl-sw39,Tablette de chocolat blanc Milka aux éclats de biscuit Oreo,Tablette de chocolat blanc Milka aux éclats de biscuit Oreo — Chocolat.,,Milka,,,,,NEEDS_PACK_SIZE,0,,,,No pack size or plausible stock row; supplier identification required
https://candy-days.com/fr/product/ferrero-rocher-48-pieces-1vam,Ferrero Rocher,Ferrero Rocher 48 pièces — Chocolat.,x48,Ferrero Rocher,,,,,REVIEW_NO_SIZE,11,5413548190501 | CSV line 17023 | FERRERO ROCHER 125G | score 70 (2/2 name tokens; brand),8000500037874 | CSV line 17024 | FERRERO ROCHER 16 U | score 70 (2/2 name tokens; brand),8000500013984 | CSV line 17025 | FERRERO ROCHER 16P | score 70 (2/2 name tokens; brand),"Possible name/brand matches, but pack size is missing; do not import"
https://candy-days.com/fr/product/lu-boastogne-9vkc,Lu boastogne 260 غرام,Lu boastogne 260 غرام — Biscuits.,,LU,,,,,NEEDS_PACK_SIZE,0,,,,No pack size or plausible stock row; supplier identification required
https://candy-days.com/fr/product/cailler-souvenir-melange-150-g-8i87,Cailler Souvenir Mélange,Cailler Souvenir Mélange 150 g — Chocolat.,150g,Cailler,150G,150G,,,NO_MATCH,0,,,,No plausible stock row has the same name and pack size
https://candy-days.com/fr/product/cailler-praline-ambassador-210g-f81w,CAILLER Praliné Ambassador,CAILLER Praliné Ambassador 210g — Chocolat.,210g,Cailler,210G,210G,,,NO_MATCH,0,,,,No plausible stock row has the same name and pack size
https://candy-days.com/fr/product/cailler-souvenir-carres-lait-boite-280g-l2fl,Cailler Souvenir Carrés Lait Boîte,Cailler Souvenir Carrés Lait Boîte 280g — Chocolat.,280g,Cailler,280G,280G,,,NO_MATCH,0,,,,No plausible stock row has the same name and pack size
https://candy-days.com/fr/product/agrandir-lindt-lindor-coeur-45g-lindt-li-ph7t,Lindt Lindor Coeur,Lindt Lindor Coeur 45g — Chocolat.,45g,Lindt,45G,45G,,,NO_MATCH,0,,,,No plausible stock row has the same name and pack size
https://candy-days.com/fr/product/chupa-chups-sucettes-mini-assortiment-x5-s1vt,Chupa Chups Sucettes Mini assortiment,Chupa Chups Sucettes Mini assortiment x50 300g — Chocolat.,"300g,x50",Chupa Chups,300G,,,,NO_MATCH,0,,,,No plausible stock row has the same name and pack size
https://candy-days.com/fr/product/lindt-lindor-coeur-245g-wfo4,Lindt Lindor Coeur,Lindt Lindor Coeur 245g — Chocolat.,245g,Lindt,245G,245G,,,NO_MATCH,0,,,,No plausible stock row has the same name and pack size
https://candy-days.com/fr/product/milka-hauchzarte-herzen-alpenmilch-130g-batc,Milka Hauchzarte Herzen Alpenmilch,Milka Hauchzarte Herzen Alpenmilch (130g) — Chocolat.,130g,Milka,130G,130G,,,NO_MATCH,0,,,,No plausible stock row has the same name and pack size
https://candy-days.com/fr/product/milka-thank-you-pralines-milk-cream-110g-ek42,Milka thank you pralines milk cream,Milka thank you pralines milk cream 110g — Chocolat.,110g,Milka,110G,110G,,,NO_MATCH,0,,,,No plausible stock row has the same name and pack size
https://candy-days.com/fr/product/storck-knoppers-goodies-180g-qthv,Storck Knoppers Goodies,Storck Knoppers Goodies 180g — Chocolat.,180g,Knoppers,180G,180G,,,NO_MATCH,0,,,,No plausible stock row has the same name and pack size
https://candy-days.com/fr/product/kinder-chocolate-16-batonnets-200-g-6cop,Kinder - Chocolate,Kinder - Chocolate 16 Bâtonnets 200 g — Chocolat.,"200g,x16",Kinder,200G,200G,,,NO_MATCH,0,,,,No plausible stock row has the same name and pack size
https://candy-days.com/fr/product/kinder-country-x9-212g-9qfm,Kinder Country,Kinder Country x9 212g — Chocolat.,"212g,x9",Kinder,212G,212G,,,NO_MATCH,0,,,,No plausible stock row has the same name and pack size
https://candy-days.com/fr/product/jelly-candy-sour-2y3s,Jelly Candy sour,Jelly Candy  sour — Bonbons gélifiés.,,,,,,,NEEDS_PACK_SIZE,0,,,,No pack size or plausible stock row; supplier identification required
https://candy-days.com/fr/product/nestle-extrafino-125g-v728,Nestlé Extrafino,Nestlé Extrafino 125g — Chocolat.,125g,Nestlé,125G,125G,,,NO_MATCH,0,,,,No plausible stock row has the same name and pack size
https://candy-days.com/fr/product/chocolat-fin-carre-0-sucre-ajoute-100g-6vur,Chocolat Fin CARRE 0% sucre ajouté,Chocolat Fin CARRE 0% sucre ajouté 100g — Chocolat.,100g,Fin Carré,100G,100G,,,NO_MATCH,0,,,,No plausible stock row has the same name and pack size
https://candy-days.com/fr/product/turron-mani-el-mago-de-los-turrones-150g-l2ed,Turrón Maní - El Mago de los Turrones,Turrón Maní - El Mago de los Turrones (150g) — Chocolat.,150g,El Mago,150G,150G,,,NO_MATCH,0,,,,No plausible stock row has the same name and pack size
https://candy-days.com/fr/product/turron-diverso-de-cacahuete-150-g-n9ke,Turrón de cacahuète,Turrón de cacahuète 150 g — Chocolat.,150g,Presidente,150G,150G,,,NO_MATCH,0,,,,No plausible stock row has the same name and pack size
https://candy-days.com/fr/product/turron-de-chocolate-cream-avellana-hacen-ox1r,Turrón de chocolate Cream avellana Hacendado,Turrón de chocolate Cream avellana Hacendado 150 g — Chocolat.,150g,Hacendado,150G,,,,NO_MATCH,0,,,,No plausible stock row has the same name and pack size
https://candy-days.com/fr/product/almendro-turron-duro-crunchy-almond-200g-q6qs,Almendro Turron Duro Crunchy Almond,Almendro Turron Duro Crunchy Almond 200G — Chocolat.,200g,El Almendro,200G,200G,,,NO_MATCH,0,,,,No plausible stock row has the same name and pack size
https://candy-days.com/fr/product/palmary-moment-les-croquants-raisins-sec-6qf4,Palmary Moment les Croquants Raisins Secs & Éclats de noisettes,Palmary Moment les Croquants Raisins Secs & Éclats de noisettes 100g — Chocolat.,100g,Moment,100G,,,,NO_MATCH,0,,,,No plausible stock row has the same name and pack size
https://candy-days.com/fr/product/palmary-moment-les-croquants-lait-noiset-87v5,Palmary Moment les Croquants Lait Noisettes entiéres,Palmary Moment les Croquants Lait Noisettes entiéres 100g — Chocolat.,100g,Moment,100G,,,,NO_MATCH,0,,,,No plausible stock row has the same name and pack size
https://candy-days.com/fr/product/palmary-moment-caraibes-noix-de-coco-100-abti,Palmary Moment Caraïbes Noix de Coco,Palmary Moment Caraïbes Noix de Coco 100 g — Chocolat.,100g,Moment,100G,,,,NO_MATCH,0,,,,No plausible stock row has the same name and pack size
https://candy-days.com/fr/product/moment-istanbul-100g-cnb4,Moment Istanbul,Moment Istanbul  100g — Chocolat.,100g,Moment,100G,100G,,,NO_MATCH,0,,,,No plausible stock row has the same name and pack size
https://candy-days.com/fr/product/palmary-moment-djazair-150-g-dvx9,Palmary Moment Djazair,Palmary Moment Djazair 150 g — Chocolat.,150g,Moment,150G,150G,,,NO_MATCH,0,,,,No plausible stock row has the same name and pack size
https://candy-days.com/fr/product/kinder-bueno-white-aux-noisettes-43g-ovyf,Kinder Bueno white aux Noisettes,Kinder Bueno white aux Noisettes 43g — Chocolat.,43g,Kinder,43G,43G,,,NO_MATCH,0,,,,No plausible stock row has the same name and pack size
https://candy-days.com/fr/product/kinder-bueno-au-lait-et-aux-noisettes-43-rk86,Kinder Bueno au Lait et aux Noisettes,Kinder Bueno au Lait et aux Noisettes 43g — Chocolat.,43g,Kinder,43G,,,,NO_MATCH,0,,,,No plausible stock row has the same name and pack size
https://candy-days.com/fr/product/skittles-fruits-45g-681q,Skittles fruits,Skittles fruits 45g — Bonbons gélifiés.,45g,Skittles,45G,45G,,,NO_MATCH,0,,,,No plausible stock row has the same name and pack size
https://candy-days.com/fr/product/milka-oreo-original-37g-barre-8t6e,Milka Oreo Original Barre,Milka Oreo Original 37G Barre — Chocolat.,37g,Milka,37G,37G,,,NO_MATCH,0,,,,No plausible stock row has the same name and pack size
https://candy-days.com/fr/product/nestle-chocapic-barre-25g-cjha,Nestlé Chocapic Barre,Nestlé Chocapic Barre 25G — Chocolat.,25g,Nestlé,25G,25G,,,NO_MATCH,0,,,,No plausible stock row has the same name and pack size
https://candy-days.com/fr/product/cereales-frosties-kelloggs-25g-g9kd,CEREALES FROSTIES KELLOGGS,CEREALES FROSTIES KELLOGGS 25G — Chocolat.,25g,Kellogg's,25G,25G,,,NO_MATCH,0,,,,No plausible stock row has the same name and pack size
https://candy-days.com/fr/product/lion-barre-de-cereales-25-g-jbki,Lion Barre de céréales,"Lion Barre de céréales, 25 g — Chocolat.",25g,Lion,25G,25G,,,NO_MATCH,0,,,,No plausible stock row has the same name and pack size
https://candy-days.com/fr/product/kinder-happy-hippo-20-7g-823z,Kinder Happy Hippo,Kinder Happy Hippo 20.7g — Chocolat.,20.7g,Kinder,20.7G,20.7G,,,NO_MATCH,0,,,,No plausible stock row has the same name and pack size
https://candy-days.com/fr/product/mega-duo-doble-cacao-500-g-angk,Mega Duo Doble Cacao,Mega Duo Doble Cacao – 500 g — Biscuits.,500g,Gullón,500G,500G,,,NO_MATCH,0,,,,No plausible stock row has the same name and pack size
https://candy-days.com/fr/product/gullon-mega-duo-creme-vanille-500g-bs4g,Gullon Mega Duo Crème vanille,Gullon Mega Duo Crème vanille 500G — Biscuits.,500g,Gullón,500G,500G,,,NO_MATCH,0,,,,No plausible stock row has the same name and pack size
https://candy-days.com/fr/product/gullon-mega-duo-chocolat-500g-ehz3,Gullón Mega Duo Chocolat,Gullón Mega Duo Chocolat 500g — Biscuits.,500g,Gullón,500G,500G,,,NO_MATCH,0,,,,No plausible stock row has the same name and pack size
https://candy-days.com/fr/product/lu-prince-gout-chocolat-300g-hwce,Lu Prince Gout Chocolat,Lu Prince Gout Chocolat 300g — Biscuits.,300g,LU,300G,300G,,,NO_MATCH,0,,,,No plausible stock row has the same name and pack size
https://candy-days.com/fr/product/prince-maxi-chocolat-au-lait-250g-k4fy,Prince Maxi Chocolat au Lait,Prince Maxi Chocolat au Lait 250g — Biscuits.,250g,LU,250G,250G,,,NO_MATCH,0,,,,No plausible stock row has the same name and pack size
https://candy-days.com/fr/product/cookies-gullon-gullon-double-choco-165g-lrhx,"Cookies ""Gullon Gullon Double Choco""","Cookies ""Gullon Gullon Double Choco"" 165g — Biscuits.",165g,Gullón,165G,165G,,,NO_MATCH,0,,,,No plausible stock row has the same name and pack size
https://candy-days.com/fr/product/biscuits-fourres-noisettes-et-cacao-nute-tjqa,Biscuits Fourrés Noisettes et Cacao NUTELLA,Biscuits Fourrés Noisettes et Cacao NUTELLA : x15 — Biscuits.,x15,Nutella,,,,,NEEDS_PACK_SIZE,0,,,,No pack size or plausible stock row; supplier identification required
https://candy-days.com/fr/product/nutella-b-ready-x6-132g-we0q,NUTELLA B Ready,NUTELLA B Ready X6 132G — Biscuits.,"132g,x6",Nutella,132G,132G,,,NO_MATCH,0,,,,No plausible stock row has the same name and pack size
https://candy-days.com/fr/product/biscuits-nutella-en-tube-166-g-0g8b,Biscuits Nutella en tube,Biscuits Nutella en tube 166 g — Biscuits.,166g,Nutella,166G,166G,,,NO_MATCH,0,,,,No plausible stock row has the same name and pack size
https://candy-days.com/fr/product/mars-chocolate-cream-duo-spread-350g-5vc6,Mars Chocolate & Cream Duo Spread,Mars Chocolate & Cream Duo Spread – 350g — Chocolat.,350g,Mars,350G,350G,,,NO_MATCH,0,,,,No plausible stock row has the same name and pack size
https://candy-days.com/fr/product/pate-a-tartiner-snicker-snickers-350-g-856l,Pâte à tartiner Snickers,Pâte à tartiner Snickers 350 g — Chocolat.,350g,Snickers,350G,350G,,,NO_MATCH,0,,,,No plausible stock row has the same name and pack size
https://candy-days.com/fr/product/nesquik-chocolat-en-poudre-boite-500g-d88d,Nesquik - Chocolat en poudre - Boîte,Nesquik - Chocolat en poudre - Boîte 500g — Chocolat.,500g,Nesquik,500G,500G,,,NO_MATCH,0,,,,No plausible stock row has the same name and pack size
https://candy-days.com/fr/product/lotus-biscoff-the-original-snack-pack-12-no2b,Lotus Biscoff The Original Snack,Lotus Biscoff The Original Snack 124g — Biscuits.,124g,Lotus Biscoff,124G,,,,NO_MATCH,0,,,,No plausible stock row has the same name and pack size
https://candy-days.com/fr/product/lotus-biscoff-cream-150-g-qk65,LOTUS BISCOFF CREAM,LOTUS BISCOFF CREAM 150 G — Biscuits.,150g,Lotus Biscoff,150G,150G,,,NO_MATCH,0,,,,No plausible stock row has the same name and pack size
https://candy-days.com/fr/product/lotus-biscoff-fourre-creme-de-vanille-50-tie4,Lotus Biscoff fourré crème de vanille,Lotus Biscoff fourré crème de vanille 50g — Biscuits.,50g,Lotus Biscoff,50G,,,,NO_MATCH,0,,,,No plausible stock row has the same name and pack size
https://candy-days.com/fr/product/milka-choco-jaffa-chocolate-flavour-mous-0vf4,Milka Choco Jaffa (Chocolate Flavour Mousse),Milka Choco Jaffa (Chocolate Flavour Mousse) 128g — Biscuits.,128g,Milka,128G,,,,NO_MATCH,0,,,,No plausible stock row has the same name and pack size
https://candy-days.com/fr/product/vivident-storming-ivk0,"Vivident Storming, aux saveurs framboise","Vivident Storming, aux saveurs framboise 33 g — Chewing-gum.",33g,Vivident,33G,,,,NO_MATCH,0,,,,No plausible stock row has the same name and pack size
https://candy-days.com/fr/product/vivident-storming-kc99,Vivident Storming Green Mint,Vivident Storming Green Mint – 33 g — Chewing-gum.,33g,Vivident,33G,,,,NO_MATCH,0,,,,No plausible stock row has the same name and pack size
https://candy-days.com/fr/product/vivident-storming-copie-m054,Vivident Storming Menthe,Vivident Storming Menthe – 33 g — Chewing-gum.,33g,Vivident,33G,,,,NO_MATCH,0,,,,No plausible stock row has the same name and pack size
https://candy-days.com/fr/product/vivident-storming-nsvy,Vivident Storming Karpuz,Vivident Storming Karpuz – 33 g — Chewing-gum.,33g,Vivident,33G,,,,NO_MATCH,0,,,,No plausible stock row has the same name and pack size
https://candy-days.com/fr/product/ocean-fresh-spearmint-flavoured-sugared--sg52,"Ocean Fresh – Chewing-gum dragéifié sucré, saveur pastèque","Ocean Fresh – Chewing-gum dragéifié sucré, saveur pastèque — Chewing-gum.",,Ocean Fresh,,,,,NEEDS_PACK_SIZE,0,,,,No pack size or plausible stock row; supplier identification required
https://candy-days.com/fr/product/ocean-fresh-spearmint-flavoured-sugared--szn7,Ocean Fresh – Chewing-gum dragéifié sucré à la saveur de menthe verte,Ocean Fresh – Chewing-gum dragéifié sucré à la saveur de menthe verte — Chewing-gum.,,Ocean Fresh,,,,,NEEDS_PACK_SIZE,0,,,,No pack size or plausible stock row; supplier identification required
https://candy-days.com/fr/product/ocean-fresh-spearmint-flavoured-sugared--6u26,Ocean Fresh – Chewing-gum dragéifié sucré à la saveur de pastèque,Ocean Fresh – Chewing-gum dragéifié sucré à la saveur de pastèque — Chewing-gum.,,Ocean Fresh,,,,,NEEDS_PACK_SIZE,0,,,,No pack size or plausible stock row; supplier identification required
https://candy-days.com/fr/product/vivident-storming-grik,Vivident Storming Fraise,Vivident Storming Fraise – 33 g — Chewing-gum.,33g,Vivident,33G,,,,NO_MATCH,0,,,,No plausible stock row has the same name and pack size
https://candy-days.com/fr/product/halls-coolwave-bonbons-rafraichissants-m-pq73,Halls Coolwave – Bonbons rafraîchissants Mondelez,"Halls Coolwave – Bonbons rafraîchissants Mondelez 33,5 g — Chewing-gum.",33.5g,Halls,33.5G,,,,NO_MATCH,0,,,,No plausible stock row has the same name and pack size
https://candy-days.com/fr/product/halls-coolwave-bonbons-rafraichissants-m-qbut,Halls Forest Fruit – Bonbons aux fruits des bois,"Halls Forest Fruit – Bonbons aux fruits des bois, 33,5 g — Chewing-gum.",33.5g,Halls,33.5G,,,,NO_MATCH,0,,,,No plausible stock row has the same name and pack size
https://candy-days.com/fr/product/halls-forest-fruit-bonbons-aux-fruits-de-y5ll,Halls Lime Fresh – Bonbons acidulés au citron vert,"Halls Lime Fresh – Bonbons acidulés au citron vert, 33,5 g — Chewing-gum.",33.5g,Halls,33.5G,,,,NO_MATCH,0,,,,No plausible stock row has the same name and pack size
https://candy-days.com/fr/product/halls-lime-fresh-bonbons-acidules-au-cit-zwu0,Halls Miel & Citron – Bonbons rafraîchissants au miel et au citron,"Halls Miel & Citron – Bonbons rafraîchissants au miel et au citron, 33,5 g — Chewing-gum.",33.5g,Halls,33.5G,,,,NO_MATCH,0,,,,No plausible stock row has the same name and pack size
https://candy-days.com/fr/product/halls-miel-citron-bonbons-rafraichissant-8q49,halls bonbons extra forts sans sucre bonbons mentholes ultra rafraichissants,halls bonbons extra forts sans sucre 32 g bonbons mentholes ultra rafraichissants — Chewing-gum.,32g,Halls,32G,,,,NO_MATCH,0,,,,No plausible stock row has the same name and pack size
https://candy-days.com/fr/product/halls-miel-citron-bonbons-rafraichissant-dmet,Halls – Bonbons à la saveur de cerise,Halls – Bonbons à la saveur de cerise — Chewing-gum.,,Halls,,,,,NEEDS_PACK_SIZE,0,,,,No pack size or plausible stock row; supplier identification required
https://candy-days.com/fr/product/mentos-menthe-au-raisin-rar7,Mentos – Menthe au raisin,Mentos – Menthe au raisin — Chewing-gum.,,Mentos,,,,,REVIEW_NO_SIZE,5,8935001706588 | CSV line 27206 | MENTOS GUM MENTHE | score 52 (2/3 name tokens; brand; 1 description tokens),87305449 | CSV line 27224 | MENTOS MENTHE 1U | score 50 (2/3 name tokens; brand),8710800987457 | CSV line 27225 | MENTOS MENTHE 4U | score 50 (2/3 name tokens; brand),"Possible name/brand matches, but pack size is missing; do not import"
https://candy-days.com/fr/product/mentos-menthe-au-raisin-rkg8,"Mentos – Bonbons sans sucre à la menthe, saveur pêche ou raisin","Mentos – Bonbons sans sucre à la menthe, saveur pêche ou raisin — Chewing-gum.",,Mentos,,,,,NEEDS_PACK_SIZE,0,,,,No pack size or plausible stock row; supplier identification required
https://candy-days.com/fr/product/trident-dental-care-white-chewing-gum-sa-x4nf,Trident Dental Care White – Chewing-gum sans sucre à la menthe verte,Trident Dental Care White – Chewing-gum sans sucre à la menthe verte — Chewing-gum.,,Trident,,,,,NEEDS_PACK_SIZE,0,,,,No pack size or plausible stock row; supplier identification required
https://candy-days.com/fr/product/bubbaloo-childrens-cola-kdl1,Bubbaloo-Childrens-Cola,Bubbaloo-Childrens-Cola- — Chewing-gum.,,Bubbaloo,,,,,NEEDS_PACK_SIZE,0,,,,No pack size or plausible stock row; supplier identification required
https://candy-days.com/fr/product/bouquet-de-gourmandises-dragon-ball-une--j7n0,Bouquet de Gourmandises Dragon Ball – Une Idée Cadeau Originale et Personnalisée,Bouquet de Gourmandises Dragon Ball – Une Idée Cadeau Originale et Personnalisée — Coffrets cadeaux.,,,,,,,NEEDS_PACK_SIZE,0,,,,No pack size or plausible stock row; supplier identification required
https://candy-days.com/fr/product/bouquet-de-gourmandises-dragon-ball-une--jlid,Bouquet Gourmand Romantique – Une Idée Cadeau Élégante et Personnalisée ❤️🎁,Bouquet Gourmand Romantique – Une Idée Cadeau Élégante et Personnalisée ❤️🎁 — Coffrets cadeaux.,,,,,,,NEEDS_PACK_SIZE,0,,,,No pack size or plausible stock row; supplier identification required
https://candy-days.com/fr/product/bouquet-de-gourmandises-dragon-ball-une--mpr1,Bouquet Gourmand Romantique – Une Idée Cadeau Élégante et Personnalisée ❤️,Bouquet Gourmand Romantique – Une Idée Cadeau Élégante et Personnalisée ❤️ — Coffrets cadeaux.,,,,,,,NEEDS_PACK_SIZE,0,,,,No pack size or plausible stock row; supplier identification required
https://candy-days.com/fr/product/bouquet-gourmand-romantique-une-idee-cad-q6yt,Coffret Gourmand « For My Love » – Chocolats & Douceurs Romantiques ❤️🍫,Coffret Gourmand « For My Love » – Chocolats & Douceurs Romantiques ❤️🍫 — Coffrets cadeaux.,,,,,,,NEEDS_PACK_SIZE,0,,,,No pack size or plausible stock row; supplier identification required
https://candy-days.com/fr/product/coffret-gourmand-for-my-love-chocolats-d-v529,Cadeau avec Une composition gourmande à deux étages,Cadeau avec Une composition gourmande à deux étages — Coffrets cadeaux.,,,,,,,NEEDS_PACK_SIZE,0,,,,No pack size or plausible stock row; supplier identification required
https://candy-days.com/fr/product/cadeau-avec-une-composition-gourmande-a--zcc6,Cadeau Panier Gourmand au Chocolat & aux Confiseries,Cadeau Panier Gourmand au Chocolat & aux Confiseries — Coffrets cadeaux.,,,,,,,NEEDS_PACK_SIZE,0,,,,No pack size or plausible stock row; supplier identification required
https://candy-days.com/fr/product/cadeau-panier-gourmand-au-chocolat-aux-c-5474,Bouquet Gourmand de Chocolats 🍫✨,Bouquet Gourmand de Chocolats 🍫✨ — Coffrets cadeaux.,,,,,,,NEEDS_PACK_SIZE,0,,,,No pack size or plausible stock row; supplier identification required
https://candy-days.com/fr/product/bouquet-gourmand-de-chocolats-cn90,Bouquet de Roses Éternelles,Bouquet de Roses Éternelles — Coffrets cadeaux.,,,,,,,NEEDS_PACK_SIZE,0,,,,No pack size or plausible stock row; supplier identification required
https://candy-days.com/fr/product/bouquet-de-roses-eternelles-iikl,Bouquet de blanc et rose Éternelles (copie),Bouquet de blanc et rose Éternelles (copie) — Coffrets cadeaux.,,,,,,,NEEDS_PACK_SIZE,0,,,,No pack size or plausible stock row; supplier identification required
https://candy-days.com/fr/product/cadeau-panier-gourmand-au-chocolat-aux-c-mixw,Coffret Gourmand & Élégant,Coffret Gourmand & Élégant — Coffrets cadeaux.,,,,,,,NEEDS_PACK_SIZE,0,,,,No pack size or plausible stock row; supplier identification required
https://candy-days.com/fr/product/coffret-gourmand-elegant-pxl4,Box Gourmande & Colorée 💖✨,Box Gourmande & Colorée 💖✨ — Coffrets cadeaux.,,,,,,,NEEDS_PACK_SIZE,0,,,,No pack size or plausible stock row; supplier identification required
https://candy-days.com/fr/product/box-gourmande-coloree-tbuj,"Box cadeau composée de chocolats, confiseries et d’une jolie rose décorative, présentée dans une élégante boîte rouge","Box cadeau composée de chocolats, confiseries et d’une jolie rose décorative, présentée dans une élégante boîte rouge — Coffrets cadeaux.",,,,,,,NEEDS_PACK_SIZE,0,,,,No pack size or plausible stock row; supplier identification required
https://candy-days.com/fr/product/cadeau-pour-l-aid-offrez-un-cadeau-utile-58hr,"Cadeau Pour l’Aïd, offrez un cadeau utile, généreux et plein de sens !","Cadeau Pour l’Aïd, offrez un cadeau utile, généreux et plein de sens ! — Coffrets cadeaux.",,,,,,,NEEDS_PACK_SIZE,0,,,,No pack size or plausible stock row; supplier identification required
https://candy-days.com/fr/product/un-magnifique-bouquet-gourmand-compose-d-92ja,"Un magnifique bouquet gourmand composé de chocolats et de confiseries : KitKat, Mars, Maltesers, Lion, Twix, Nutella et bien plus encore","Un magnifique bouquet gourmand composé de chocolats et de confiseries : KitKat, Mars, Maltesers, Lion, Twix, Nutella et bien plus encore — Coffrets cadeaux.",,,,,,,NEEDS_PACK_SIZE,0,,,,No pack size or plausible stock row; supplier identification required
https://candy-days.com/fr/product/bouquet-gourmand-de-chocolats-dux6,Bouquet Gourmand de Chocolats 🎀✨,Bouquet Gourmand de Chocolats 🎀✨ — Coffrets cadeaux.,,,,,,,NEEDS_PACK_SIZE,0,,,,No pack size or plausible stock row; supplier identification required
https://candy-days.com/fr/product/coffret-chocolat-lindt-avec-c-ur-lindor-jen6,Coffret Chocolat Lindt avec Cœur Lindor ❤️,Coffret Chocolat Lindt avec Cœur Lindor ❤️ — Coffrets cadeaux.,,Lindt,,,,,NEEDS_PACK_SIZE,0,,,,No pack size or plausible stock row; supplier identification required
https://candy-days.com/fr/product/bouquet-de-roses-roses-avec-papillons-pvde,Bouquet de Roses Roses avec Papillons ✨,Bouquet de Roses Roses avec Papillons ✨ — Coffrets cadeaux.,,,,,,,NEEDS_PACK_SIZE,0,,,,No pack size or plausible stock row; supplier identification required
https://candy-days.com/fr/product/magnifique-bouquet-compose-de-roses-roug-sebu,"Magnifique bouquet composé de roses rouges, décoré de petites fleurs blanches et présenté avec une inscription personnalisée","Magnifique bouquet composé de roses rouges, décoré de petites fleurs blanches et présenté avec une inscription personnalisée — Coffrets cadeaux.",,,,,,,NEEDS_PACK_SIZE,0,,,,No pack size or plausible stock row; supplier identification required
https://candy-days.com/fr/product/bouquet-de-roses-rouges-avec-decoration--um2d,Bouquet de Roses Rouges avec Décoration Personnalisée ❤️,Bouquet de Roses Rouges avec Décoration Personnalisée ❤️ — Coffrets cadeaux.,,,,,,,NEEDS_PACK_SIZE,0,,,,No pack size or plausible stock row; supplier identification required
https://candy-days.com/fr/product/bouquet-de-roses-rouges-avec-message-per-x4v2,Bouquet de Roses Rouges avec Message Personnalisé ❤️,Bouquet de Roses Rouges avec Message Personnalisé ❤️ — Coffrets cadeaux.,,,,,,,NEEDS_PACK_SIZE,0,,,,No pack size or plausible stock row; supplier identification required
https://candy-days.com/fr/product/bouquet-de-roses-bleues-avec-papillons-zj2d,Bouquet de Roses Bleues avec Papillons 🦋🌹,Bouquet de Roses Bleues avec Papillons 🦋🌹 — Coffrets cadeaux.,,,,,,,NEEDS_PACK_SIZE,0,,,,No pack size or plausible stock row; supplier identification required
https://candy-days.com/fr/product/bouquet-de-roses-rouges-avec-fleurs-blan-1jo7,Bouquet de Roses Rouges avec Fleurs Blanches ✨,Bouquet de Roses Rouges avec Fleurs Blanches ✨ — Coffrets cadeaux.,,,,,,,NEEDS_PACK_SIZE,0,,,,No pack size or plausible stock row; supplier identification required
https://candy-days.com/fr/product/creamy-pistachio-dippers-oru8,Creamy Pistachio Dippers,Creamy Pistachio Dippers — Biscuits.,,,,,,,NEEDS_PACK_SIZE,0,,,,No pack size or plausible stock row; supplier identification required
https://candy-days.com/fr/product/mini-biscuits-bn-lait-175-g-tp3a,Mini biscuits BN lait,Mini biscuits BN lait 175 g — Biscuits.,175g,BN,175G,175G,,,NO_MATCH,0,,,,No plausible stock row has the same name and pack size
https://candy-days.com/fr/product/mini-biscuits-bn-lait-175-g-uswk,Mini biscuits BN chokolat lait (copie),Mini biscuits BN chokolat lait 175 g (copie) — Biscuits.,175g,BN,175G,175G,,,NO_MATCH,0,,,,No plausible stock row has the same name and pack size
https://candy-days.com/fr/product/mini-biscuits-bn-chokolat-lait-175-g-cop-xtt9,Mini BN au goût framboise,Mini BN au goût framboise 175 g — Biscuits.,175g,BN,175G,175G,,,NO_MATCH,0,,,,No plausible stock row has the same name and pack size
https://candy-days.com/fr/product/st-michel-palmiers-au-beurre-87-57qk,St Michel Palmiers au Beurre,St Michel Palmiers au Beurre 87 g — Biscuits.,87g,St Michel,87G,,,,NO_MATCH,0,,,,No plausible stock row has the same name and pack size
https://candy-days.com/fr/product/st-michel-palmiers-au-beurre-87-g-8nav,St Michel Palmiers au Caramel g,St Michel Palmiers au Caramel  g — Biscuits.,,St Michel,,87G,,,NEEDS_PACK_SIZE,0,,,,No pack size or plausible stock row; supplier identification required
https://candy-days.com/fr/product/st-michel-de-la-gamme-doomino-saveur-cho-h5ap,"St Michel de la gamme Doomino, saveur chocolat noisette","St Michel de la gamme Doomino, saveur chocolat noisette 180g — Biscuits.",180g,St Michel,180G,,,,NO_MATCH,0,,,,No plausible stock row has the same name and pack size
https://candy-days.com/fr/product/st-michel-doonuts-fourres-au-chocolat-18-lalz,St Michel Doonuts Fourrés au chocolat.180g,St Michel Doonuts Fourrés au chocolat.180g — Biscuits.,,St Michel,180G,,,,NO_MATCH,0,,,,No plausible stock row has the same name and pack size
https://candy-days.com/fr/product/oreo-enrobed-white-de-246g-pwbi,Oreo Enrobed White de,Oreo Enrobed White de 246g — Biscuits.,246g,Oreo,246G,246G,,,NO_MATCH,0,,,,No plausible stock row has the same name and pack size
https://candy-days.com/fr/product/biscuits-bn-cereales-completes-chocolat--yp5p,Biscuits BN Céréales Complètes Chocolat 285,Biscuits BN Céréales Complètes Chocolat 285 — Biscuits.,,BN,,,,,NEEDS_PACK_SIZE,0,,,,No pack size or plausible stock row; supplier identification required
https://candy-days.com/fr/product/lu-pepito-croc-sable-au-chocolat-294-g-72wu,Lu Pepito Croc Sablé au chocolat,Lu Pepito Croc Sablé au chocolat 294 g — Biscuits.,294g,LU,294G,294G,,,NO_MATCH,0,,,,No plausible stock row has the same name and pack size
https://candy-days.com/fr/product/lu-pim-s-biscuits-genoise-orange-et-napp-b6vo,Lu Pim's Biscuits génoise Orange et nappage Chocolat,Lu Pim's Biscuits génoise Orange et nappage Chocolat 150g — Biscuits.,150g,LU,150G,,,,NO_MATCH,0,,,,No plausible stock row has the same name and pack size
https://candy-days.com/fr/product/lu-famille-au-top-composes-d-un-petit-be-rlvq,"LU Famille au Top, composés d'un petit beurre craquant surmonté","LU Famille au Top, composés d'un petit beurre craquant surmonté 150g — Biscuits.",150g,LU,150G,,,,NO_MATCH,0,,,,No plausible stock row has the same name and pack size
https://candy-days.com/fr/product/tablette-de-gaufrettes-loacker-chocolate-xfgk,tablette de gaufrettes Loacker Chocolaterie Dark Chocolate,tablette de gaufrettes Loacker Chocolaterie Dark Chocolate. 118 g — Biscuits.,118g,Loacker,118G,,,,NO_MATCH,0,,,,No plausible stock row has the same name and pack size
https://candy-days.com/fr/product/tablette-de-gaufrettes-loacker-chocolate-y8ei,tablette de aufrette Loacker Chocolaterie Dark Chocolate de,tablette de aufrette Loacker Chocolaterie Dark Chocolate de 59g — Biscuits.,59g,Loacker,59G,,,,NO_MATCH,0,,,,No plausible stock row has the same name and pack size
https://candy-days.com/fr/product/tablette-de-gaufrettes-loacker-chocolate-ovgo,tablette de gaufrettes Loacker Gardena saveur Chocolat,tablette de  gaufrettes Loacker Gardena saveur Chocolat. 200g — Biscuits.,200g,Loacker,200G,,,,NO_MATCH,0,,,,No plausible stock row has the same name and pack size
https://candy-days.com/fr/product/mentos-pure-fresh-pasteque-90g-xgmg,Mentos Pure Fresh Chewing-Gum Dragée Saveur Pastèque,Mentos Pure Fresh Chewing-Gum Dragée Saveur Pastèque 90g — Chewing-gum.,90g,Mentos,90G,90G,,,NO_MATCH,0,,,,No plausible stock row has the same name and pack size
https://candy-days.com/fr/product/tablette-de-gaufrettes-loacker-gardena-s-zz30,tablette de gaufrettes Loacker Gardena sont enrobées de chocolat au lait,tablette de gaufrettes Loacker Gardena sont enrobées de chocolat au lait. 200g — Biscuits.,200g,Loacker,200G,,,,NO_MATCH,0,,,,No plausible stock row has the same name and pack size
https://candy-days.com/fr/product/mentos-gum-pure-nane-aromal-sak-z-90-g-6mjw,Mentos Gum Pure Nane Aromalı Sakız,Mentos Gum Pure Nane Aromalı Sakız 90 g — Chewing-gum.,90g,Mentos,90G,90G,,,NO_MATCH,0,,,,No plausible stock row has the same name and pack size
https://candy-days.com/fr/product/gullon-mini-bites-mix-250g-aoyk,Gullon Mini Bites Mix,Gullon Mini Bites Mix 250g — Biscuits.,250g,Gullón,250G,250G,,,NO_MATCH,0,,,,No plausible stock row has the same name and pack size
https://candy-days.com/fr/product/gullon-mini-bites-mix-250g-az64,Gullon Mini Bites Mix,Gullon Mini Bites Mix 250g — Biscuits.,250g,Gullón,250G,250G,,,NO_MATCH,0,,,,No plausible stock row has the same name and pack size
https://candy-days.com/fr/product/gullon-mini-bites-mix-250g-h5nj,Gullon Mini Bites Mix (copie),Gullon Mini Bites Mix 250g (copie) — Biscuits.,250g,Gullón,250G,250G,,,NO_MATCH,0,,,,No plausible stock row has the same name and pack size
https://candy-days.com/fr/product/toffifee-white-chocolate-njy0,Toffifee White Chocolate,Toffifee White Chocolate — Biscuits.,,Toffifee,,,,,NEEDS_PACK_SIZE,0,,,,No pack size or plausible stock row; supplier identification required
https://candy-days.com/fr/product/gullon-zero-no-sugar-added-twins-sandwic-thxe,Gullón ZERO No Sugar Added Twins Sandwich Cookie = Biscuits sandwich Gullón ZERO sans sucres ajoutés.147 g,Gullón ZERO No Sugar Added Twins Sandwich Cookie = Biscuits sandwich Gullón ZERO sans sucres ajoutés.147 g — Biscuits.,,Gullón,147G,,,,NO_MATCH,0,,,,No plausible stock row has the same name and pack size
https://candy-days.com/fr/product/gullon-zero-sans-sucres-ajoutes-biscuits-yk38,Gullón Zero sans sucres ajoutés. Biscuits sandwich au chocolat,Gullón Zero sans sucres ajoutés. Biscuits sandwich au chocolat 250 g — Biscuits.,250g,Gullón,250G,,,,NO_MATCH,0,,,,No plausible stock row has the same name and pack size
https://candy-days.com/fr/product/gullon-sans-sucres-ajoutes-tablette-de-c-45xz,Gullón sans sucres ajoutés Tablette de chocolat noir,Gullón sans sucres ajoutés  Tablette de chocolat noir – 150 g — Biscuits.,150g,Gullón,150G,,,,NO_MATCH,0,,,,No plausible stock row has the same name and pack size
https://candy-days.com/fr/product/mentos-red-fruit-lime-gum-30g-mentos-5r8w,Mentos Red FRUIT & LIME Gum (Mentos),Mentos Red FRUIT & LIME Gum 30g (Mentos) — Chewing-gum.,30g,Mentos,30G,30G,,,NO_MATCH,0,,,,No plausible stock row has the same name and pack size
https://candy-days.com/fr/product/biscolata-stix-au-chocolat-au-lait-40-g-8ocr,Biscolata Stix au chocolat au lait,Biscolata Stix au chocolat au lait – 40 g — Biscuits.,40g,Biscolata,40G,40G,,,NO_MATCH,0,,,,No plausible stock row has the same name and pack size
https://candy-days.com/fr/product/michoko-lait-280g-fxrt,Michoko Lait,Michoko Lait 280G — Chocolat.,280g,Michoko,280G,280G,,,NO_MATCH,0,,,,No plausible stock row has the same name and pack size
https://candy-days.com/fr/product/gullon-zero-barre-de-gaufrettes-au-choco-h4i2,Gullón Zero – Barre de gaufrettes au chocolat sans sucre,"Gullón Zero – Barre de gaufrettes au chocolat sans sucre, 180 g — Biscuits.",180g,Gullón,180G,,,,NO_MATCH,0,,,,No plausible stock row has the same name and pack size
https://candy-days.com/fr/product/agrandir-michoko-noir-100-g-kjjz,Michoko Noir,Michoko Noir — Chocolat.,,Michoko,,100G,,,NEEDS_PACK_SIZE,0,,,,No pack size or plausible stock row; supplier identification required
https://candy-days.com/fr/product/tartelettes-framboise-avec-aromes-nature-v15p,Tartelettes framboise avec arômes naturels,Tartelettes framboise avec arômes naturels. 135 g — Biscuits.,135g,Bonne Maman,135G,,,,NO_MATCH,0,,,,No plausible stock row has the same name and pack size
https://candy-days.com/fr/product/prime-hydration-barcelona-500ml-limited--00t8,PRIME HYDRATION BARCELONA | LIMITED EDITION,PRIME HYDRATION BARCELONA 500ML | LIMITED EDITION — Boissons.,500ml,PRIME,500ML,500ML,,,NO_MATCH,0,,,,No plausible stock row has the same name and pack size
https://candy-days.com/fr/product/prime-hydration-barcelona-500ml-limited--0if7,Prime Orange Chill Flavour Ice Hydration,Prime Orange Chill Flavour Ice Hydration 500 ml — Boissons.,500ml,PRIME,500ML,500ML,,,NO_MATCH,0,,,,No plausible stock row has the same name and pack size
https://candy-days.com/fr/product/werther-s-original-cream-candies-90g-8kgv,WERTHER'S ORIGINAL Cream Candies,WERTHER'S ORIGINAL Cream Candies (90g) — Sucettes & bonbons durs.,90g,Werther's Original,90G,90G,,,NO_MATCH,0,,,,No plausible stock row has the same name and pack size
https://candy-days.com/fr/product/monster-energy-lewis-hamilton-zero-sugar-9r51,Monster Energy Lewis Hamilton – Zero Sugar,Monster Energy Lewis Hamilton – Zero Sugar — Boissons.,,Monster,,,,,NEEDS_PACK_SIZE,0,,,,No pack size or plausible stock row; supplier identification required
https://candy-days.com/fr/product/werther-s-original-caramel-bites-crunchy-ayw3,Werther's Original Caramel Bites Crunchy,Werther's Original Caramel Bites Crunchy 140G — Sucettes & bonbons durs.,140g,Werther's Original,140G,,,,NO_MATCH,0,,,,No plausible stock row has the same name and pack size
https://candy-days.com/fr/product/monster-energy-juiced-500ml-versch-sorte-ftf2,Monster Energy JUICED (versch. Sorten),Monster Energy JUICED 500ml (versch. Sorten) — Boissons.,500ml,Monster,500ML,500ML,,,NO_MATCH,0,,,,No plausible stock row has the same name and pack size
https://candy-days.com/fr/product/werther-s-original-salted-caramel-soft-e-kheu,"Werther's Original Salted Caramel Soft Eclair, Cream Tissues,80 g","Werther's Original Salted Caramel Soft Eclair, Cream Tissues,80 g — Sucettes & bonbons durs.",,Werther's Original,80G,,,,NO_MATCH,0,,,,No plausible stock row has the same name and pack size
https://candy-days.com/fr/product/monster-energy-ultra-paradise-lix7,Monster Energy Ultra Paradise,Monster Energy Ultra Paradise — Boissons.,,Monster,,,,,NEEDS_PACK_SIZE,0,,,,No pack size or plausible stock row; supplier identification required
https://candy-days.com/fr/product/verther-original-coffee-caramel-candy-80-ob4q,Werther's Original Coffee Caramel Candy,Werther's Original Coffee Caramel Candy 80g — Sucettes & bonbons durs.,80g,Werther's Original,80G,,,,NO_MATCH,0,,,,No plausible stock row has the same name and pack size
https://candy-days.com/fr/product/monster-energy-monarch-500-ml-q7gr,Monster Energy Monarch,Monster Energy Monarch (500 ml) — Boissons.,500ml,Monster,500ML,500ML,,,REVIEW_PARTIAL,1,5060335635860 | CSV line 28033 | MONSTER ENERGY RED 500ML | score 75 (2/3 name tokens; same 500ML pack; brand),,,Only part of the product name matches; likely flavor or variant mismatch
https://candy-days.com/fr/product/werther-s-original-caramel-bites-cookie--qyek,Werther's Original Caramel Bites Cookie,Werther's Original Caramel Bites Cookie 140G — Sucettes & bonbons durs.,140g,Werther's Original,140G,,,,NO_MATCH,0,,,,No plausible stock row has the same name and pack size
https://candy-days.com/fr/product/monster-energy-rio-punch-u2dn,Monster Energy Rio Punch,Monster Energy Rio Punch — Boissons.,,Monster,,,,,NEEDS_PACK_SIZE,0,,,,No pack size or plausible stock row; supplier identification required
https://candy-days.com/fr/product/monster-energy-drink-absolutely-zero-sug-ynhi,Monster Energy Drink Absolutely Zero Sugar,Monster Energy Drink Absolutely Zero Sugar — Boissons.,,Monster,,,,,NEEDS_PACK_SIZE,0,,,,No pack size or plausible stock row; supplier identification required
https://candy-days.com/fr/product/monster-energy-ultra-peachy-keen-boisson-3iaj,Monster Energy Ultra Peachy Keen – Boisson énergisante au goût de pêche,"Monster Energy Ultra Peachy Keen – Boisson énergisante au goût de pêche, 500 ml — Boissons.",500ml,Monster,500ML,,,,NO_MATCH,0,,,,No plausible stock row has the same name and pack size
https://candy-days.com/fr/product/burn-zero-sugar-une-boisson-energisante--8jgq,"Burn Zero Sugar, une boisson énergisante sans sucres ajoutés de","Burn Zero Sugar, une boisson énergisante sans sucres ajoutés de 500 ml — Boissons.",500ml,Burn,500ML,,,,NO_MATCH,0,,,,No plausible stock row has the same name and pack size
https://candy-days.com/fr/product/monster-energy-juiced-mango-loco-dife,Monster Energy Juiced Mango Loco,Monster Energy Juiced Mango Loco — Boissons.,,Monster,,,,,NEEDS_PACK_SIZE,0,,,,No pack size or plausible stock row; supplier identification required
https://candy-days.com/fr/product/monster-energy-lando-norris-sans-sucres--gp50,Monster Energy Lando Norris sans sucres canette Boisson énergisante,Monster Energy Lando Norris sans sucres canette Boisson énergisante — Boissons.,,Monster,,,,,NEEDS_PACK_SIZE,0,,,,No pack size or plausible stock row; supplier identification required
https://candy-days.com/fr/product/burn-original-500-ml-boisson-energetique-l41a,Burn Original - Boisson énergétique,Burn Original (500 ml)  - Boisson énergétique — Boissons.,500ml,Burn,500ML,500ML,,,NO_MATCH,0,,,,No plausible stock row has the same name and pack size
https://candy-days.com/fr/product/fini-cloud-marshmallow-80g-sfyz,Fini Cloud Marshmallow,Fini Cloud Marshmallow 80G — Sucettes & bonbons durs.,80g,Fini,80G,80G,,,NO_MATCH,0,,,,No plausible stock row has the same name and pack size
https://candy-days.com/fr/product/coca-cola-original-taste-sw5z,Coca-Cola Original Taste,Coca-Cola Original Taste — Boissons.,,Coca-Cola,,,,,NEEDS_PACK_SIZE,0,,,,No pack size or plausible stock row; supplier identification required
https://candy-days.com/fr/product/riesen-dark-chocolate-chewy-toffee-150g-umao,Riesen Dark Chocolate Chewy Toffee,Riesen Dark Chocolate Chewy Toffee 150g — Chocolat.,150g,Riesen,150G,150G,,,NO_MATCH,0,,,,No plausible stock row has the same name and pack size
https://candy-days.com/fr/product/coca-cola-verre-0wzv,coca cola verre,coca cola verre — Boissons.,,Coca-Cola,,,,,REVIEW_NO_SIZE,1,2000000003177 | CSV line 8352 | COCA COLA VERRE 25CL | score 70 (3/3 name tokens; brand),,,"Possible name/brand matches, but pack size is missing; do not import"
https://candy-days.com/fr/product/schweppes-agrum-33-cl-7nuh,Schweppes Agrum’,Schweppes Agrum’ – 33 cl — Boissons.,33cl,Schweppes,330ML,330ML,,,NO_MATCH,0,,,,No plausible stock row has the same name and pack size
https://candy-days.com/fr/product/coca-cola-zero-sucres-concue-csmk,Coca-Cola Zéro Sucres conçue,Coca-Cola Zéro Sucres conçue — Boissons.,,Coca-Cola,,,,,NEEDS_PACK_SIZE,0,,,,No pack size or plausible stock row; supplier identification required
https://candy-days.com/fr/product/oasis-saveur-fraise-framboise-ilhw,Oasis Saveur Fraise Framboise,Oasis Saveur Fraise Framboise — Boissons.,,Oasis,,,,,NEEDS_PACK_SIZE,0,,,,No pack size or plausible stock row; supplier identification required
https://candy-days.com/fr/product/maison-perrier-forever-citron-vert-l7p7,Maison Perrier Forever Citron Vert,Maison Perrier Forever Citron Vert — Boissons.,,Maison Perrier,,,,,NEEDS_PACK_SIZE,0,,,,No pack size or plausible stock row; supplier identification required
https://candy-days.com/fr/product/7up-mojito-boisson-gazeuse-aromatisee-au-s3nb,7UP Mojito – Boisson gazeuse aromatisée au mojito,"7UP Mojito – Boisson gazeuse aromatisée au mojito, 33 cl — Boissons.",33cl,7UP,330ML,,,,NO_MATCH,0,,,,No plausible stock row has the same name and pack size
https://candy-days.com/fr/product/oasis-saveur-tropicale-en-partenariat-av-y2si,Oasis Saveur Tropicale Spider-Man,Oasis Saveur Tropicale Spider-Man — Boissons.,,Oasis,,,,,NEEDS_PACK_SIZE,0,,,,No pack size or plausible stock row; supplier identification required
https://candy-days.com/fr/product/schweppes-lemon-1j71,Schweppes Lemon,Schweppes Lemon — Boissons.,,Schweppes,,,,,REVIEW_NO_SIZE,6,5900497430333 | CSV line 34789 | SCHWEPPES LEMON | score 70 (2/2 name tokens; brand),5449000001672 | CSV line 34790 | SCHWEPPES LEMON 1L | score 70 (2/2 name tokens; brand),3124480157300 | CSV line 34791 | SCHWEPPES LEMON LA N | score 70 (2/2 name tokens; brand),"Possible name/brand matches, but pack size is missing; do not import"
https://candy-days.com/fr/product/mogu-mogu-melon-boisson-aux-fruits-avec--ictk,Mogu Mogu Melon – Boisson aux fruits avec Nata de Coco,Mogu Mogu Melon – Boisson aux fruits avec Nata de Coco — Boissons.,,Mogu Mogu,,,,,NEEDS_PACK_SIZE,0,,,,No pack size or plausible stock row; supplier identification required
https://candy-days.com/fr/product/sirop-de-fruits-vimto-m1d2,sirop de fruits Vimto,"sirop de fruits Vimto, — Boissons.",,Vimto,,,,,NEEDS_PACK_SIZE,0,,,,No pack size or plausible stock row; supplier identification required
https://candy-days.com/fr/product/red-bull-the-lilac-edition-boisson-energ-pxzf,Red Bull The Lilac Edition – Boisson énergisante au goût d’aspérule,Red Bull The Lilac Edition – Boisson énergisante au goût d’aspérule — Boissons.,,Red Bull,,,,,NEEDS_PACK_SIZE,0,,,,No pack size or plausible stock row; supplier identification required
https://candy-days.com/fr/product/red-bull-energy-drink-the-white-edition--tfc2,Red Bull Energy Drink The White Edition – Coco & Myrtilles,Red Bull Energy Drink The White Edition – Coco & Myrtilles — Boissons.,,Red Bull,,,,,NEEDS_PACK_SIZE,0,,,,No pack size or plausible stock row; supplier identification required
https://candy-days.com/fr/product/red-bull-energy-drink-the-red-edition-wa-xnyo,"Red Bull Energy Drink, The Red Edition, Watermelon","Red Bull Energy Drink, The Red Edition, Watermelon — Boissons.",,Red Bull,,,,,NEEDS_PACK_SIZE,0,,,,No pack size or plausible stock row; supplier identification required
https://candy-days.com/fr/product/red-bull-boisson-energisante-saveur-abri-1sjc,Red Bull Boisson énergisante saveur abricot fraise,Red Bull Boisson énergisante saveur abricot fraise — Boissons.,,Red Bull,,,,,NEEDS_PACK_SIZE,0,,,,No pack size or plausible stock row; supplier identification required
https://candy-days.com/fr/product/power-horse-355ml-638q,Power Horse,Power Horse 355ml — Boissons.,355ml,Power Horse,355ML,355ML,,,NO_MATCH,0,,,,No plausible stock row has the same name and pack size
https://candy-days.com/fr/product/perrier-eau-minerale-naturelle-gazeuse-3-b0ce,Perrier – Eau minérale naturelle gazeuse,Perrier – Eau minérale naturelle gazeuse 330 ml — Boissons.,330ml,Perrier,330ML,,,,NO_MATCH,0,,,,No plausible stock row has the same name and pack size
https://candy-days.com/fr/product/orangina-boisson-petillante-a-base-25ml-ev1s,Orangina boisson petillante a base,Orangina boisson petillante a base 25ml — Boissons.,25ml,Orangina,25ML,25ML,,,NO_MATCH,0,,,,No plausible stock row has the same name and pack size
https://candy-days.com/fr/product/freez-boisson-gazeuse-aromatisee-sans-al-ituz,Freez – Boisson gazeuse aromatisée sans alcool – Mélange mangue & pêche,Freez – Boisson gazeuse aromatisée sans alcool – Mélange mangue & pêche — Boissons.,,Freez,,,,,NEEDS_PACK_SIZE,0,,,,No pack size or plausible stock row; supplier identification required
https://candy-days.com/fr/product/teisseire-boisson-fruit-shoot-aux-fruits-lanz,TEISSEIRE Boisson Fruit shoot aux fruits goût tropical,TEISSEIRE Boisson Fruit shoot aux fruits goût tropical — Boissons.,,Teisseire,,,,,NEEDS_PACK_SIZE,0,,,,No pack size or plausible stock row; supplier identification required
https://candy-days.com/fr/product/freez-mix-saveur-ananas-coco-pinacolada-oqjf,Freez Mix saveur Ananas Coco (Pinacolada),Freez Mix saveur Ananas Coco (Pinacolada) — Boissons.,,Freez,,,,,NEEDS_PACK_SIZE,0,,,,No pack size or plausible stock row; supplier identification required
https://candy-days.com/fr/product/materne-compote-pomme-sans-sucre-90-g-s0i3,Materne Compote Pomme Sans Sucre,Materne Compote Pomme Sans Sucre 90 G — Boissons.,90g,Materne,90G,90G,,,NO_MATCH,0,,,,No plausible stock row has the same name and pack size
https://candy-days.com/fr/product/hitschies-balles-de-langue-de-dragon-aig-j1pd,Hitschies Balles de langue de dragon aigre,Hitschies Balles de langue de dragon aigre 100g — Bonbons gélifiés.,100g,Hitschies,100G,,,,NO_MATCH,0,,,,No plausible stock row has the same name and pack size
https://candy-days.com/fr/product/fini-lucioles-acidulees-90g-sny2,FINI Lucioles Acidulées,FINI Lucioles Acidulées 90g — Bonbons gélifiés.,90g,Fini,90G,90G,,,NO_MATCH,0,,,,No plausible stock row has the same name and pack size
https://candy-days.com/fr/product/hitschies-aigre-jambes-d-araignee-editio-xzbc,Hitschies Aigre Jambes d'Araignée Édition Mystère,Hitschies Aigre Jambes d'Araignée Édition Mystère 125 g — Bonbons gélifiés.,125g,Hitschies,125G,,,,NO_MATCH,0,,,,No plausible stock row has the same name and pack size
https://candy-days.com/fr/product/hitschies-jambes-d-araignee-acidulees-12-2azg,Hitschies Jambes d’Araignée Acidulées,Hitschies Jambes d’Araignée Acidulées 125 g — Bonbons gélifiés.,125g,Hitschies,125G,,,,NO_MATCH,0,,,,No plausible stock row has the same name and pack size
https://candy-days.com/fr/product/fini-bonbons-ours-halal-90-g-7qnd,fini Bonbons Ours - Halal,fini Bonbons Ours - Halal - 90 g — Bonbons gélifiés.,90g,Fini,90G,90G,,,NO_MATCH,0,,,,No plausible stock row has the same name and pack size
https://candy-days.com/fr/product/skittles-agrumes-135g-n89v,Skittles Agrumes,Skittles Agrumes 135g — Bonbons gélifiés.,135g,Skittles,135G,135G,,,NO_MATCH,0,,,,No plausible stock row has the same name and pack size
https://candy-days.com/fr/product/haribo-rotella-120-g-8zbg,Haribo Rotella,Haribo Rotella 120 g — Bonbons gélifiés.,120g,Haribo,120G,120G,,,NO_MATCH,0,,,,No plausible stock row has the same name and pack size
https://candy-days.com/fr/product/bonbons-acides-yaaah-tetes-brulees-180g-fr7o,"Têtes Brûlées ""Yaaah!"" (Sachet de )","Têtes Brûlées ""Yaaah!"" (Sachet de 180g) — Bonbons gélifiés.",180g,Têtes Brûlées,180G,180G,,,NO_MATCH,0,,,,No plausible stock row has the same name and pack size
https://candy-days.com/fr/product/milky-way-minis-227-g-kqn6,Milky Way Minis,"Milky Way Minis, 227 g — Chocolat.",227g,Milky Way,227G,227G,,,NO_MATCH,0,,,,No plausible stock row has the same name and pack size
https://candy-days.com/fr/product/fini-bonbons-sour-little-mix-halal-90-g-pywi,Fini Bonbons Sour Little Mix Halal,Fini Bonbons Sour Little Mix Halal - 90 g — Bonbons gélifiés.,90g,Fini,90G,90G,,,NO_MATCH,0,,,,No plausible stock row has the same name and pack size
https://candy-days.com/fr/product/hitschies-saure-krakenarme-125-g-6sxp,hitschies Saure Krakenarme,hitschies Saure Krakenarme 125 g — Bonbons gélifiés.,125g,Hitschies,125G,125G,,,NO_MATCH,0,,,,No plausible stock row has the same name and pack size
https://candy-days.com/fr/product/skittles-originaux-sac-152-g-d7mp,"SKITTLES Originaux, sac","SKITTLES Originaux, sac, 152 g — Bonbons gélifiés.",152g,Skittles,152G,152G,,,NO_MATCH,0,,,,No plausible stock row has the same name and pack size
https://candy-days.com/fr/product/krema-bonbons-mystery-580g-jnyn,KREMA Bonbons Mystery,KREMA Bonbons Mystery 580g — Bonbons gélifiés.,580g,Krema,580G,580G,,,NO_MATCH,0,,,,No plausible stock row has the same name and pack size
https://candy-days.com/fr/product/krema-bonbon-regliss-mint-280-g-s9mr,Krema Bonbon Régliss'mint,Krema Bonbon Régliss'mint 280 g — Bonbons gélifiés.,280g,Krema,280G,280G,,,NO_MATCH,0,,,,No plausible stock row has the same name and pack size
https://candy-days.com/fr/product/krema-bonbons-regalad-360g-zzp3,KREMA Bonbons Regalad,KREMA Bonbons Regalad 360g — Bonbons gélifiés.,360g,Krema,360G,360G,,,NO_MATCH,0,,,,No plausible stock row has the same name and pack size
https://candy-days.com/fr/product/cheese-boldk-instant-noodles-spicy-ramen-dglz,Cheese Boldk Instant noodles - Spicy Ramen flavor,"Cheese Boldk Instant noodles - Spicy Ramen flavor, — Snacks & indomie.",,Buldak,,,,,NEEDS_PACK_SIZE,0,,,,No pack size or plausible stock row; supplier identification required
https://candy-days.com/fr/product/buldak-hot-chicken-l31h,BULDAK Hot chicken,BULDAK Hot chicken - — Snacks & indomie.,,Buldak,,,,,NEEDS_PACK_SIZE,0,,,,No pack size or plausible stock row; supplier identification required
https://candy-days.com/fr/product/buldak-spicy-ramen-cream-carbonara-rndo,Buldak Spicy Ramen Cream Carbonara – نودلز بولداك الحارة بنكهة كريمة الكاربونارا,Buldak Spicy Ramen Cream Carbonara – نودلز بولداك الحارة بنكهة كريمة الكاربونارا — Snacks & indomie.,,Buldak,,,,,NEEDS_PACK_SIZE,0,,,,No pack size or plausible stock row; supplier identification required
https://candy-days.com/fr/product/buldak-nouilles-instantanees-saveur-quat-0z84,Buldak Nouilles instantanées saveur quatre fromages,Buldak Nouilles instantanées saveur quatre fromages — Snacks & indomie.,,Buldak,,,,,NEEDS_PACK_SIZE,0,,,,No pack size or plausible stock row; supplier identification required
https://candy-days.com/fr/product/feastables-mr-beast-chocolat-blanc-cooki-5yvj,Mr Beast Feastables – Chocolat blanc Cookies & Creme,Mr Beast Feastables  – Chocolat blanc Cookies & Creme — Chocolat.,,Feastables,,,,,NEEDS_PACK_SIZE,0,,,,No pack size or plausible stock row; supplier identification required
https://candy-days.com/fr/product/feastables-mr-beast-tablette-de-chocolat-basu,Mr Beast Feastables Chocolat Lait Beurre de Cacahuètes,Mr Beast Feastables Chocolat Lait Beurre de Cacahuètes — Chocolat.,,Feastables,,,,,NEEDS_PACK_SIZE,0,,,,No pack size or plausible stock row; supplier identification required
https://candy-days.com/fr/product/mr-beast-feastables-almond-milk-chocolat-dys8,Mr Beast Feastables Almond Milk Chocolate,Mr Beast Feastables Almond Milk Chocolate — Chocolat.,,Feastables,,,,,NEEDS_PACK_SIZE,0,,,,No pack size or plausible stock row; supplier identification required
https://candy-days.com/fr/product/feastables-mr-beast-milk-chocolate-i8qz,MrBeast Feastables Milk Crunch,MrBeast Feastables Milk Crunch — Chocolat.,,Feastables,,,,,NEEDS_PACK_SIZE,0,,,,No pack size or plausible stock row; supplier identification required
https://candy-days.com/fr/product/mr-beast-feastables-milk-chocolate-kv06,Mr Beast Feastables Milk Chocolate,Mr Beast Feastables Milk Chocolate — Chocolat.,,Feastables,,,,,NEEDS_PACK_SIZE,0,,,,No pack size or plausible stock row; supplier identification required
https://candy-days.com/fr/product/bonbons-acides-yaaah-tetes-brulees-180g-3wgi,"Têtes Brûlées ""Yaaah!"" (Sachet de )","Têtes Brûlées ""Yaaah!"" (Sachet de 180g) — Bonbons gélifiés.",180g,Têtes Brûlées,180G,180G,,,NO_MATCH,0,,,,No plausible stock row has the same name and pack size
https://candy-days.com/fr/product/johny-bee-big-fire-spray-4nn5,Johny Bee Big Fire Spray,Johny Bee Big Fire Spray — Sucettes & bonbons durs.,,Johny Bee,,,,,NEEDS_PACK_SIZE,0,,,,No pack size or plausible stock row; supplier identification required
https://candy-days.com/fr/product/tetes-brulees-koh-lanta-150g-5k4d,Tetes Brulees Koh Lanta,Tetes Brulees Koh Lanta 150G — Bonbons gélifiés.,150g,Têtes Brûlées,150G,150G,,,NO_MATCH,0,,,,No plausible stock row has the same name and pack size
https://candy-days.com/fr/product/tetes-brulees-jungle-barres-180g-86i2,Têtes Brûlées Jungle Barres,Têtes Brûlées Jungle Barres 180G — Bonbons gélifiés.,180g,Têtes Brûlées,180G,180G,,,NO_MATCH,0,,,,No plausible stock row has the same name and pack size
https://candy-days.com/fr/product/jelly-candy-pop-ankm,Jelly Candy POP,Jelly Candy POP — Sucettes & bonbons durs.,,,,,,,NEEDS_PACK_SIZE,0,,,,No pack size or plausible stock row; supplier identification required
https://candy-days.com/fr/product/doritos-chilli-snack-de-mais-au-gout-pim-b01o,"Doritos Chilli, Snack de maïs au goût piment épicé","Doritos Chilli, Snack de maïs au goût piment épicé, 140 g — Chips.",140g,Doritos,140G,,,,NO_MATCH,0,,,,No plausible stock row has the same name and pack size
https://candy-days.com/fr/product/tortilla-nature-doritos-250-g-di91,"Tortilla nature, Doritos","Tortilla nature, Doritos (250 g) — Chips.",250g,Doritos,250G,250G,,,NO_MATCH,0,,,,No plausible stock row has the same name and pack size
https://candy-days.com/fr/product/cola-mokibon-candy-eot9,Cola Mokibon candy,Cola Mokibon candy — Sucettes & bonbons durs.,,Mokibon,,,,,NEEDS_PACK_SIZE,0,,,,No pack size or plausible stock row; supplier identification required
https://candy-days.com/fr/product/mokibbon-pizaa-candy-ii72,Mokibbon Pizaa Candy,Mokibbon Pizaa Candy — Sucettes & bonbons durs.,,Mokibon,,,,,NEEDS_PACK_SIZE,0,,,,No pack size or plausible stock row; supplier identification required
https://candy-days.com/fr/product/nuclear-strike-acid-gel-ktws,Nuclear Strike Acid Gel,Nuclear Strike Acid Gel — Sucettes & bonbons durs.,,,,,,,NEEDS_PACK_SIZE,0,,,,No pack size or plausible stock row; supplier identification required
https://candy-days.com/fr/product/takis-buckin-ranch-90g-lgt2,Takis Buckin' Ranch,Takis Buckin' Ranch 90g — Chips.,90g,Takis,90G,90G,,,NO_MATCH,0,,,,No plausible stock row has the same name and pack size
https://candy-days.com/fr/product/happy-tools-de-la-marque-johny-bee-q2ec,Happy Tools de la marque Johny Bee,Happy Tools de la marque Johny Bee — Sucettes & bonbons durs.,,Johny Bee,,,,,NEEDS_PACK_SIZE,0,,,,No pack size or plausible stock row; supplier identification required
https://candy-days.com/fr/product/snack-takis-xplosion-x-90g-qggh,Snack Takis Xplosion X,Snack Takis Xplosion X 90g — Chips.,90g,Takis,90G,90G,,,NO_MATCH,0,,,,No plausible stock row has the same name and pack size
https://candy-days.com/fr/product/takis-ninja-teriyaki-90g-suml,Takis Ninja Teriyaki,Takis Ninja Teriyaki 90g — Chips.,90g,Takis,90G,90G,,,NO_MATCH,0,,,,No plausible stock row has the same name and pack size
https://candy-days.com/fr/product/big-candy-mix-spray-tnsf,Big candy mix spray,Big candy mix spray — Sucettes & bonbons durs.,,,,,,,NEEDS_PACK_SIZE,0,,,,No pack size or plausible stock row; supplier identification required
https://candy-days.com/fr/product/johny-bee-mega-roll-xi1u,Johny Bee Mega Roll,Johny Bee Mega Roll — Sucettes & bonbons durs.,,Johny Bee,,,,,NEEDS_PACK_SIZE,0,,,,No pack size or plausible stock row; supplier identification required
https://candy-days.com/fr/product/xxl-squeeze-de-la-marque-johny-bee-1ria,XXL Squeeze de la marque Johny Bee,"XXL Squeeze de la marque Johny Bee, — Sucettes & bonbons durs.",,Johny Bee,,,,,NEEDS_PACK_SIZE,0,,,,No pack size or plausible stock row; supplier identification required
https://candy-days.com/fr/product/takis-buckin-ranch-130g-3jyl,Takis Buckin' Ranch,Takis Buckin' Ranch 130g — Chips.,130g,Takis,130G,130G,,,NO_MATCH,0,,,,No plausible stock row has the same name and pack size
https://candy-days.com/fr/product/unicorn-pop-candy-de-la-marque-johny-bee-4lzl,Unicorn Pop & Candy de la marque Johny Bee,Unicorn Pop & Candy de la marque Johny Bee — Sucettes & bonbons durs.,,Johny Bee,,,,,NEEDS_PACK_SIZE,0,,,,No pack size or plausible stock row; supplier identification required
https://candy-days.com/fr/product/l-ice-cream-pop-de-la-marque-fenomen-g-d-6s1y,L'Ice Cream Pop de la marque Fenomen Gıda,L'Ice Cream Pop de la marque Fenomen Gıda — Sucettes & bonbons durs.,,Fenomen,,,,,NEEDS_PACK_SIZE,0,,,,No pack size or plausible stock row; supplier identification required
https://candy-days.com/fr/product/johny-bee-triple-squeeze-9rae,Johny Bee Triple Squeeze,"Johny Bee Triple Squeeze, — Sucettes & bonbons durs.",,Johny Bee,,,,,NEEDS_PACK_SIZE,0,,,,No pack size or plausible stock row; supplier identification required
https://candy-days.com/fr/product/toybox-cream-hazelnut-riw9,ToyBox Cream Hazelnut,ToyBox Cream Hazelnut — Sucettes & bonbons durs.,,Toybox,,,,,NEEDS_PACK_SIZE,0,,,,No pack size or plausible stock row; supplier identification required
https://candy-days.com/fr/product/johny-bee-squeeze-hot-dog-vwkl,Johny Bee Squeeze Hot Dog,Johny Bee Squeeze Hot Dog — Sucettes & bonbons durs.,,Johny Bee,,,,,NEEDS_PACK_SIZE,0,,,,No pack size or plausible stock row; supplier identification required
https://candy-days.com/fr/product/melody-pops-de-la-marque-chupa-chups-ywo7,Melody Pops de la marque Chupa Chups,Melody Pops de la marque Chupa Chups — Sucettes & bonbons durs.,,Chupa Chups,,,,,NEEDS_PACK_SIZE,0,,,,No pack size or plausible stock row; supplier identification required
https://candy-days.com/fr/product/papagan-jellybean-de-la-marque-fenomen-5rcn,Papagan Jellybean de la marque Fenomen,"Papagan Jellybean de la marque Fenomen, — Sucettes & bonbons durs.",,Fenomen,,,,,NEEDS_PACK_SIZE,0,,,,No pack size or plausible stock row; supplier identification required
https://candy-days.com/fr/product/z-pz-p-tavsan-e3tz,ZıpZıp Tavşan,ZıpZıp Tavşan — Sucettes & bonbons durs.,,Fenomen,,,,,NEEDS_PACK_SIZE,0,,,,No pack size or plausible stock row; supplier identification required
https://candy-days.com/fr/product/sucette-fenomen-c-rc-r-ionu,Sucette Fenomen Çırçır,Sucette Fenomen Çırçır – — Sucettes & bonbons durs.,,Fenomen,,,,,NEEDS_PACK_SIZE,0,,,,No pack size or plausible stock row; supplier identification required
https://candy-days.com/fr/product/juicy-worms-de-johny-bee-bonbons-gelifie-li42,Juicy Worms de Johny Bee Bonbons gélifiés en forme de vers,Juicy Worms de Johny Bee Bonbons gélifiés en forme de vers — Sucettes & bonbons durs.,,Johny Bee,,,,,NEEDS_PACK_SIZE,0,,,,No pack size or plausible stock row; supplier identification required
https://candy-days.com/fr/product/tatl-dusler-signifie-doux-reves-tnvt,Tatlı Düşler signifie « Doux Rêves »,Tatlı Düşler signifie « Doux Rêves » — Sucettes & bonbons durs.,,,,,,,NEEDS_PACK_SIZE,0,,,,No pack size or plausible stock row; supplier identification required
https://candy-days.com/fr/product/mokibon-jelibon-istiridye-xek3,Mokibon Jelibon İstiridye,Mokibon Jelibon İstiridye — Sucettes & bonbons durs.,,Mokibon,,,,,NEEDS_PACK_SIZE,0,,,,No pack size or plausible stock row; supplier identification required
https://candy-days.com/fr/product/melody-pops-sucette-au-caramel-de-chupa--1pa0,Melody Pops – Sucette au caramel de Chupa Chups,Melody Pops – Sucette au caramel de Chupa Chups — Sucettes & bonbons durs.,,Chupa Chups,,,,,NEEDS_PACK_SIZE,0,,,,No pack size or plausible stock row; supplier identification required
https://candy-days.com/fr/product/johny-bee-ou-fenomen-g-da-sucette-a-la-f-7a3j,Johny Bee ou Fenomen Gıda Sucette à la fraise,Johny Bee ou Fenomen Gıda Sucette à la fraise — Sucettes & bonbons durs.,,,,,,,NEEDS_PACK_SIZE,0,,,,No pack size or plausible stock row; supplier identification required
https://candy-days.com/fr/product/mokibon-trafik-chewing-gum-aux-aromes-de-ej8k,Mokibon Trafik – Chewing-gum aux arômes de fruits,Mokibon Trafik – Chewing-gum aux arômes de fruits — Sucettes & bonbons durs.,,Mokibon,,,,,NEEDS_PACK_SIZE,0,,,,No pack size or plausible stock row; supplier identification required
https://candy-days.com/fr/product/mokibon-chewing-gum-avec-emballage-en-fo-ixfi,MOKİBON – Chewing-gum avec emballage en forme de balle de tennis,MOKİBON – Chewing-gum avec emballage en forme de balle de tennis — Sucettes & bonbons durs.,,Mokibon,,,,,NEEDS_PACK_SIZE,0,,,,No pack size or plausible stock row; supplier identification required
https://candy-days.com/fr/product/pringles-165-g-a8wk,Pringles Santa's Secret Flavour,Pringles Santa's Secret Flavour 165 g — Chips.,165g,Pringles,165G,165G,,,NO_MATCH,0,,,,No plausible stock row has the same name and pack size
https://candy-days.com/fr/product/pringles-165-g-hw18,Pringles Cheese & Onion,Pringles Cheese & Onion 165 g — Chips.,165g,Pringles,165G,165G,,,NO_MATCH,0,,,,No plausible stock row has the same name and pack size
https://candy-days.com/fr/product/pringles-165-g-odrl,Pringles Cheesy cheese,Pringles Cheesy cheese 165 g — Chips.,165g,Pringles,165G,165G,,,NO_MATCH,0,,,,No plausible stock row has the same name and pack size
https://candy-days.com/fr/product/pringles-165-g-vwcv,Pringles classic paprika,Pringles classic paprika 165 g — Chips.,165g,Pringles,165G,165G,,,NO_MATCH,0,,,,No plausible stock row has the same name and pack size
https://candy-days.com/fr/product/reedbull-p2l6,RedBull,RedBull 250 ml — Boissons.,250ml,Red Bull,250ML,,,,NO_MATCH,0,,,,No plausible stock row has the same name and pack size
https://candy-days.com/fr/product/redbull-250-ml-1oir,RedBull,RedBull 250 ml — Boissons.,250ml,Red Bull,250ML,250ML,,,NO_MATCH,0,,,,No plausible stock row has the same name and pack size
https://candy-days.com/fr/product/redbull-250ml-4usp,RedBull,RedBull 250ml — Boissons.,250ml,Red Bull,250ML,250ML,,,NO_MATCH,0,,,,No plausible stock row has the same name and pack size
https://candy-days.com/fr/product/redbull-250-ml-7qf4,RedBull,RedBull 250 ml — Boissons.,250ml,Red Bull,250ML,250ML,,,NO_MATCH,0,,,,No plausible stock row has the same name and pack size
https://candy-days.com/fr/product/barbican-330-ml-ixxj,BARBICAN,BARBICAN 330 ml — Boissons.,330ml,Barbican,330ML,330ML,,,NO_MATCH,0,,,,No plausible stock row has the same name and pack size
https://candy-days.com/fr/product/mogo-mogo-320-ml-irxa,Mogu mogu cassis,Mogu mogu cassis 320 ml — Boissons.,320ml,Mogu Mogu,320ML,320ML,,,NO_MATCH,0,,,,No plausible stock row has the same name and pack size
https://candy-days.com/fr/product/chupa-chups-mango-250-ml-p9fy,Chupa chups mango,Chupa chups mango 250 ml — Boissons.,250ml,Chupa Chups,250ML,250ML,,,NO_MATCH,0,,,,No plausible stock row has the same name and pack size
https://candy-days.com/fr/product/chupa-chups-melon-cream-250-ml-vsgl,Chupa chups melon&cream,Chupa chups melon&cream 250 ml — Boissons.,250ml,Chupa Chups,250ML,250ML,,,NO_MATCH,0,,,,No plausible stock row has the same name and pack size
https://candy-days.com/fr/product/maison-perrier-33-cl-zx62,Maison perrier,Maison perrier 33 cl — Boissons.,33cl,Maison Perrier,330ML,330ML,,,NO_MATCH,0,,,,No plausible stock row has the same name and pack size
https://candy-days.com/fr/product/perrier-330-ml-2vwo,Perrier,Perrier 330 ml — Boissons.,330ml,Perrier,330ML,330ML,,,REVIEW_MULTIPLE,3,3179730013158 | CSV line 30710 | PERRIER 33CL | score 95 (1/1 name tokens; same 330ML pack; brand),3179730013349 | CSV line 30711 | PERRIER 33CL*6U | score 95 (1/1 name tokens; same 330ML pack; brand),3179730101329 | CSV line 30715 | PERRIER CANETTE/33CL | score 95 (1/1 name tokens; same 330ML pack; brand),Multiple plausible codes; inspect the physical pack
https://candy-days.com/fr/product/redbull-cold-coffee-250-ml-j1p6,RedBull cold coffee,RedBull cold coffee 250 ml — Boissons.,250ml,Red Bull,250ML,250ML,,,NO_MATCH,0,,,,No plausible stock row has the same name and pack size
https://candy-days.com/fr/product/tablette-de-chocolat-cailler-crunchy-car,Tablette de chocolat Cailler Crunchy & Caramel,Tablette de chocolat Cailler Crunchy & Caramel — Chocolat.,,Cailler,,,,,NEEDS_PACK_SIZE,0,,,,No pack size or plausible stock row; supplier identification required
https://candy-days.com/fr/product/cailler-tablette-chocolat-au-lait-avec-a,Cailler Tablette Chocolat au Lait avec Amandes,Cailler Tablette Chocolat au Lait avec Amandes — Chocolat.,,Cailler,,,,,NEEDS_PACK_SIZE,0,,,,No pack size or plausible stock row; supplier identification required
https://candy-days.com/fr/product/cailler-chocmel-tablette-chocolat-au-lai,Cailler Chocmel Tablette Chocolat au Lait aux Amandes et Miel,Cailler Chocmel Tablette Chocolat au Lait aux Amandes et Miel — Chocolat.,,Cailler,,,,,NEEDS_PACK_SIZE,0,,,,No pack size or plausible stock row; supplier identification required
https://candy-days.com/fr/product/cailler-tablette-chocolat-au-lait-avec-n,Cailler Tablette Chocolat au Lait avec Noisettes,Cailler Tablette Chocolat au Lait avec Noisettes — Chocolat.,,Cailler,,,,,NEEDS_PACK_SIZE,0,,,,No pack size or plausible stock row; supplier identification required
https://candy-days.com/fr/product/cailler-tablette-chocolat-noir-avec-myrt,"Cailler Tablette Chocolat Noir avec Myrtilles, Amandes et Noisettes","Cailler Tablette Chocolat Noir avec Myrtilles, Amandes et Noisettes — Chocolat.",,Cailler,,,,,NEEDS_PACK_SIZE,0,,,,No pack size or plausible stock row; supplier identification required
https://candy-days.com/fr/product/cailler-tablette-de-chocolat-au-lait-au-,Cailler tablette de chocolat au lait au caramel salé et amandes,Cailler tablette de chocolat au lait au caramel salé et amandes — Chocolat.,,Cailler,,,,,NEEDS_PACK_SIZE,0,,,,No pack size or plausible stock row; supplier identification required
https://candy-days.com/fr/product/cailler-tablette-chocolat-au-lait-avec-n-2,Cailler Tablette Chocolat au Lait avec Noisettes Entières,Cailler Tablette Chocolat au Lait avec Noisettes Entières — Chocolat.,,Cailler,,,,,NEEDS_PACK_SIZE,0,,,,No pack size or plausible stock row; supplier identification required
https://candy-days.com/fr/product/cailler-tablette-chocolat-au-lait-avec-c,Cailler Tablette Chocolat au Lait avec Cranberries,Cailler Tablette Chocolat au Lait avec Cranberries — Chocolat.,,Cailler,,,,,NEEDS_PACK_SIZE,0,,,,No pack size or plausible stock row; supplier identification required
https://candy-days.com/fr/product/cote-d-or-chocolat-lait-noisettes-entier,Côte d'Or Chocolat Lait Noisettes Entières,Côte d'Or Chocolat Lait Noisettes Entières 200G — Chocolat.,200g,Côte d'Or,200G,,,,NO_MATCH,0,,,,No plausible stock row has the same name and pack size
https://candy-days.com/fr/product/cote-d-or-carre-dark-whole-nuts-chocolat,COTE D'OR - Carre Dark Whole Nuts Chocolates,COTE D'OR - Carre Dark Whole Nuts Chocolates 200g — Chocolat.,200g,Côte d'Or,200G,,,,NO_MATCH,0,,,,No plausible stock row has the same name and pack size
https://candy-days.com/fr/product/mentos-piros-gyumolcskeverek-ragos-cukor,Mentos Piros Gyümölcskeverék Rágós cukorka,Mentos Piros Gyümölcskeverék Rágós cukorka 160g — Chewing-gum.,160g,Mentos,160G,,,,NO_MATCH,0,,,,No plausible stock row has the same name and pack size
https://candy-days.com/fr/product/mentos-fanta-160gr,Mentos Fanta,Mentos Fanta 160GR — Chewing-gum.,160g,Mentos,160G,160G,,,NO_MATCH,0,,,,No plausible stock row has the same name and pack size
https://candy-days.com/fr/product/mentos-fruit-mix-chewy-dragees-140g,Mentos Fruit Mix Chewy Dragees,Mentos Fruit Mix Chewy Dragees 140g — Chewing-gum.,140g,Mentos,140G,140G,,,NO_MATCH,0,,,,No plausible stock row has the same name and pack size
https://candy-days.com/fr/product/mentos-strawberry-gum-sugar-free-40-piec,"Mentos Strawberry Gum, Sugar Free","Mentos Strawberry Gum, Sugar Free, 40 Pieces, 56g — Chewing-gum.","56g,x40",Mentos,56G,,,,NO_MATCH,0,,,,No plausible stock row has the same name and pack size
https://candy-days.com/fr/product/mentoss-sugar-free-spearmint-gum-bottle-,"Mentoss Sugar Free Spearmint Gum Bottle, Cool Minty","Mentoss Sugar Free Spearmint Gum Bottle, Cool Minty — Chewing-gum.",,Mentos,,,,,NEEDS_PACK_SIZE,0,,,,No pack size or plausible stock row; supplier identification required
https://candy-days.com/fr/product/mentos-fresh-action-chewing-gum-jar-56g,Mentos Fresh Action Chewing Gum Jar,Mentos Fresh Action Chewing Gum Jar 56g — Chewing-gum.,56g,Mentos,56G,56G,,,NO_MATCH,0,,,,No plausible stock row has the same name and pack size
https://candy-days.com/fr/product/mentos-gum-pure-fresh-spearmint-60g,Mentos Gum Pure Fresh Spearmint,Mentos Gum Pure Fresh Spearmint 60g — Chewing-gum.,60g,Mentos,60G,60G,,,NO_MATCH,0,,,,No plausible stock row has the same name and pack size
https://candy-days.com/fr/product/mentos-gum-pure-fresh-fresh-mint-60g,Mentos Gum Pure Fresh Fresh Mint,Mentos Gum Pure Fresh Fresh Mint 60g — Chewing-gum.,60g,Mentos,60G,60G,,,NO_MATCH,0,,,,No plausible stock row has the same name and pack size
https://candy-days.com/fr/product/gomitas-delicatessen-fruit-mix-100g,Gomitas Delicatessen Fruit Mix,Gomitas Delicatessen Fruit Mix 100g — Bonbons gélifiés.,100g,Damel,100G,100G,,,NO_MATCH,0,,,,No plausible stock row has the same name and pack size
https://candy-days.com/fr/product/buy-damel-gummies-wild-strawberries-100g,Damel Wild Strawberries – est une délicieuse confiserie en gelée au goût intense de fraise sauvage,Damel Wild Strawberries – 100 g est une délicieuse confiserie en gelée au goût intense de fraise sauvage — Bonbons gélifiés.,100g,Damel,100G,100G,,,NO_MATCH,0,,,,No plausible stock row has the same name and pack size
https://candy-days.com/fr/product/agrandir-damel-sandia-cool-100g,Damel Sandía Cool,Damel Sandía Cool 100 g — Bonbons gélifiés.,100g,Damel,100G,100G,,,NO_MATCH,0,,,,No plausible stock row has the same name and pack size
https://candy-days.com/fr/product/damel-magic-cola-100g,Damel Magic Cola,Damel Magic Cola – 100 g — Bonbons gélifiés.,100g,Damel,100G,100G,,,NO_MATCH,0,,,,No plausible stock row has the same name and pack size
https://candy-days.com/fr/product/damel-pika-boom-100g,Damel Pika Boom,Damel Pika Boom 100g — Bonbons gélifiés.,100g,Damel,100G,100G,,,NO_MATCH,0,,,,No plausible stock row has the same name and pack size
https://candy-days.com/fr/product/sweet-mix-de-damel-100g,Sweet Mix de Damel,Sweet Mix de Damel (100g) — Bonbons gélifiés.,100g,Damel,100G,100G,,,NO_MATCH,0,,,,No plausible stock row has the same name and pack size
https://candy-days.com/fr/product/damel-pika-sour-100g,Damel Pika Sour,Damel Pika Sour – 100 g — Bonbons gélifiés.,100g,Damel,100G,100G,,,NO_MATCH,0,,,,No plausible stock row has the same name and pack size
https://candy-days.com/fr/product/damel-movie-mix-100g,Damel Movie Mix,Damel Movie Mix – 100 g — Bonbons gélifiés.,100g,Damel,100G,100G,,,NO_MATCH,0,,,,No plausible stock row has the same name and pack size
https://candy-days.com/fr/product/damel-fabulous-berries-100g,Damel Fabulous Berries,Damel Fabulous Berries – 100 g — Bonbons gélifiés.,100g,Damel,100G,100G,,,NO_MATCH,0,,,,No plausible stock row has the same name and pack size
https://candy-days.com/fr/product/damel-lovely-kisses-100g,Damel Lovely Kisses – son savoureux mélange de saveurs fraise et crème,Damel Lovely Kisses – 100 g son savoureux mélange de saveurs fraise et crème — Bonbons gélifiés.,100g,Damel,100G,100G,,,NO_MATCH,0,,,,No plausible stock row has the same name and pack size
https://candy-days.com/fr/product/buldak-spicy-c4h8,Buldak spicy,Buldak spicy — Snacks & indomie.,,Buldak,,,,,NEEDS_PACK_SIZE,0,,,,No pack size or plausible stock row; supplier identification required
https://candy-days.com/fr/product/villars-100g-l9es,Villars noir café,Villars noir café 100g — Chocolat.,100g,Villars,100G,100G,,,NO_MATCH,0,,,,No plausible stock row has the same name and pack size
https://candy-days.com/fr/product/villars-100g-nzox,Villars blond caramélisé,Villars blond caramélisé 100g — Chocolat.,100g,Villars,100G,100G,,,NO_MATCH,0,,,,No plausible stock row has the same name and pack size
https://candy-days.com/fr/product/villars-100g-qcwq,Villars noir 66%,Villars noir 66% 100g — Chocolat.,100g,Villars,100G,100G,,,NO_MATCH,0,,,,No plausible stock row has the same name and pack size
https://candy-days.com/fr/product/oreo-246g-zfjl,Oreo enrobed,Oreo enrobed 246g — Biscuits.,246g,Oreo,246G,246G,,,NO_MATCH,0,,,,No plausible stock row has the same name and pack size
https://candy-days.com/fr/product/lindt-excellence-100g-2g28,Lindt Excellence Extra Fondant Lait,Lindt Excellence Extra Fondant Lait — Chocolat.,,Lindt,,100G,,,REVIEW_NO_SIZE,1,3046920010009 | CSV line 25455 | LINDT NOIR EXTRA FONDANT | score 55 (3/4 name tokens; brand),,,"Possible name/brand matches, but pack size is missing; do not import"
https://candy-days.com/fr/product/lindt-excellence-100g-52f8,Lindt Excellence Caramel à la pointe de sel,Lindt Excellence Caramel à la pointe de sel — Chocolat.,,Lindt,,100G,,,NEEDS_PACK_SIZE,0,,,,No pack size or plausible stock row; supplier identification required
https://candy-days.com/fr/product/lindt-negro-100g-6qch,Lindt Negro,Lindt Negro 100g — Chocolat.,100g,Lindt,100G,100G,,,NO_MATCH,0,,,,No plausible stock row has the same name and pack size
https://candy-days.com/fr/product/lindt-les-grandes-150g-gu7f,Lindt Les Grandes,Lindt Les Grandes 150g — Chocolat.,150g,Lindt,150G,150G,,,NO_MATCH,0,,,,No plausible stock row has the same name and pack size
https://candy-days.com/fr/product/lindt-les-grandes-225g-jzfp,Lindt Les Grandes,Lindt Les Grandes 225g — Chocolat.,225g,Lindt,225G,225G,,,NO_MATCH,0,,,,No plausible stock row has the same name and pack size
https://candy-days.com/fr/product/savane-180g-h6en,Savane,Savane 180g — Biscuits.,180g,Savane,180G,180G,,,NO_MATCH,0,,,,No plausible stock row has the same name and pack size
https://candy-days.com/fr/product/savane-210g-ipf3,Savane,Savane 210g — Biscuits.,210g,Savane,210G,210G,,,NO_MATCH,0,,,,No plausible stock row has the same name and pack size
https://candy-days.com/fr/product/duo-145g-nxl5,Duo,Duo 145g — Biscuits.,145g,Gullón,145G,145G,,,NO_MATCH,0,,,,No plausible stock row has the same name and pack size
https://candy-days.com/fr/product/duo-500g-pgzh,Duo,Duo 500g — Biscuits.,500g,Gullón,500G,500G,,,REVIEW_MULTIPLE,2,8410376044409 | CSV line 20593 | GULLAN MEGA DUO DOUBLE CHOCO 500G | score 85 (1/1 name tokens; same 500G pack),8410376017113 | CSV line 27133 | MEGA DUO CHOCO/500G | score 85 (1/1 name tokens; same 500G pack),,Multiple plausible codes; inspect the physical pack
https://candy-days.com/fr/product/duo-500g-rc52,Duo,Duo 500g — Biscuits.,500g,Gullón,500G,500G,,,REVIEW_MULTIPLE,2,8410376044409 | CSV line 20593 | GULLAN MEGA DUO DOUBLE CHOCO 500G | score 85 (1/1 name tokens; same 500G pack),8410376017113 | CSV line 27133 | MEGA DUO CHOCO/500G | score 85 (1/1 name tokens; same 500G pack),,Multiple plausible codes; inspect the physical pack
https://candy-days.com/fr/product/antiu-xixona-noir-72-cacao-cranberries-sesame,Antiu Xixona Noir 72% Cacao Cranberries & Sésame,Antiu Xixona Noir 72% Cacao Cranberries & Sésame 100g — Chocolat.,100g,Antiu Xixona,100G,,,,NO_MATCH,0,,,,No plausible stock row has the same name and pack size
https://candy-days.com/fr/product/antiu-xixona-chocolat-au-lait-0-sucres-ajoutes,Antiu Xixona Chocolat au Lait 0% Sucres Ajoutés,Antiu Xixona Chocolat au Lait 0% Sucres Ajoutés 100g — Chocolat.,100g,Antiu Xixona,100G,,,,NO_MATCH,0,,,,No plausible stock row has the same name and pack size
https://candy-days.com/fr/product/antiu-xixona-noir-72-cacao-orange-100g,Antiu Xixona Noir 72% Cacao Orange,Antiu Xixona Noir 72% Cacao Orange 100g — Chocolat.,100g,Antiu Xixona,100G,100G,,,NO_MATCH,0,,,,No plausible stock row has the same name and pack size
https://candy-days.com/fr/product/antiu-xixona-noir-52-cacao-sans-sucres-ajoutes,Antiu Xixona Noir 52% Cacao Sans Sucres Ajoutés,Antiu Xixona Noir 52% Cacao Sans Sucres Ajoutés 100g — Chocolat.,100g,Antiu Xixona,100G,,,,NO_MATCH,0,,,,No plausible stock row has the same name and pack size
https://candy-days.com/fr/product/antiu-xixona-noir-85-cacao-sans-sucre-100g,Antiu Xixona Noir 85% Cacao Sans Sucre,Antiu Xixona Noir 85% Cacao Sans Sucre 100g — Chocolat.,100g,Antiu Xixona,100G,100G,,,NO_MATCH,0,,,,No plausible stock row has the same name and pack size
https://candy-days.com/fr/product/antiu-xixona-noir-72-cacao-intenso-100g,Antiu Xixona Noir 72% Cacao Intenso,Antiu Xixona Noir 72% Cacao Intenso 100g — Chocolat.,100g,Antiu Xixona,100G,100G,,,NO_MATCH,0,,,,No plausible stock row has the same name and pack size
https://candy-days.com/fr/product/haribo-120g-wqbe,Haribo,Haribo 120g — Bonbons gélifiés.,120g,Haribo,120G,120G,,,NO_MATCH,0,,,,No plausible stock row has the same name and pack size
https://candy-days.com/fr/product/carambar-gout-fruit-130g-yal0,Carambar gout fruit,Carambar gout fruit 130g — Bonbons gélifiés.,130g,Carambar,130G,130G,,,NO_MATCH,0,,,,No plausible stock row has the same name and pack size
https://candy-days.com/fr/product/haribo-220g-zh3k,Haribo,Haribo 220g — Bonbons gélifiés.,220g,Haribo,220G,220G,,,NO_MATCH,0,,,,No plausible stock row has the same name and pack size
https://candy-days.com/fr/product/haribo-400g-2l26,Haribo,Haribo 400g — Bonbons gélifiés.,400g,Haribo,400G,400G,,,NO_MATCH,0,,,,No plausible stock row has the same name and pack size
https://candy-days.com/fr/product/carambar-gout-barbe-a-papa-130g-3tga,Carambar gout barbe à papa,Carambar gout barbe à papa 130g — Chocolat.,130g,Carambar,130G,130G,,,NO_MATCH,0,,,,No plausible stock row has the same name and pack size
https://candy-days.com/fr/product/haribo-120g-4mtz,Haribo,Haribo 120g — Bonbons gélifiés.,120g,Haribo,120G,120G,,,NO_MATCH,0,,,,No plausible stock row has the same name and pack size
https://candy-days.com/fr/product/carambar-110g-7fcy,CaramBar,CaramBar 110g — Bonbons gélifiés.,110g,Carambar,110G,110G,,,NO_MATCH,0,,,,No plausible stock row has the same name and pack size
https://candy-days.com/fr/product/chewy-eyeballs-120g-b0vc,Chewy Eyeballs,Chewy Eyeballs 120g — Bonbons gélifiés.,120g,,120G,120G,,,NO_MATCH,0,,,,No plausible stock row has the same name and pack size
https://candy-days.com/fr/product/fini-90g-ejrg,Fini Puzzle,Fini Puzzle 90g — Bonbons gélifiés.,90g,Fini,90G,90G,,,NO_MATCH,0,,,,No plausible stock row has the same name and pack size
https://candy-days.com/fr/product/jelly-straws-300g-iblp,Jelly Straws,Jelly Straws 300g — Bonbons gélifiés.,300g,,300G,300G,,,NO_MATCH,0,,,,No plausible stock row has the same name and pack size
https://candy-days.com/fr/product/carambar-130g-kueh,CaramBar,CaramBar 130g — Bonbons gélifiés.,130g,Carambar,130G,130G,,,NO_MATCH,0,,,,No plausible stock row has the same name and pack size
https://candy-days.com/fr/product/fini-mini-mochi-90g-qv4q,Fini mini mochi,Fini mini mochi 90g — Chocolat.,90g,Fini,90G,90G,,,NO_MATCH,0,,,,No plausible stock row has the same name and pack size
https://candy-days.com/fr/product/milka-crema-si-biscuit-100g-2h8j,Milka crema si biscuit,Milka crema si biscuit 100g — Chocolat.,100g,Milka,100G,100G,,,NO_MATCH,0,,,,No plausible stock row has the same name and pack size
https://candy-days.com/fr/product/merci-100g-6tni,Merci,Merci 100g — Chocolat.,100g,Merci,100G,100G,,,NO_MATCH,0,,,,No plausible stock row has the same name and pack size
https://candy-days.com/fr/product/milka-milkinis-87-5g-75zm,milka milkinis,"milka milkinis 87,5g — Chocolat.",87.5g,Milka,87.5G,87.5G,,,NO_MATCH,0,,,,No plausible stock row has the same name and pack size
https://candy-days.com/fr/product/merci-100g-8ykm,Merci,Merci 100g — Chocolat.,100g,Merci,100G,100G,,,NO_MATCH,0,,,,No plausible stock row has the same name and pack size
https://candy-days.com/fr/product/milka-ciocolata-alba-100g-9fdo,milka ciocolata alba,milka ciocolata alba 100g — Chocolat.,100g,Milka,100G,100G,,,NO_MATCH,0,,,,No plausible stock row has the same name and pack size
https://candy-days.com/fr/product/merci-100g-a0w3,Merci,Merci 100g — Chocolat.,100g,Merci,100G,100G,,,NO_MATCH,0,,,,No plausible stock row has the same name and pack size
https://candy-days.com/fr/product/milka-peanut-caramel-crispy-100g-ehe9,milka peanut caramel crispy,milka peanut caramel crispy 100g — Chocolat.,100g,Milka,100G,100G,,,NO_MATCH,0,,,,No plausible stock row has the same name and pack size
https://candy-days.com/fr/product/merci-250g-f1h9,Merci,Merci 250g — Chocolat.,250g,Merci,250G,250G,,,NO_MATCH,0,,,,No plausible stock row has the same name and pack size
https://candy-days.com/fr/product/merci-250g-g270,Merci,Merci 250g — Chocolat.,250g,Merci,250G,250G,,,NO_MATCH,0,,,,No plausible stock row has the same name and pack size
https://candy-days.com/fr/product/milka-joghurt-100g-iqr8,Milka joghurt,Milka joghurt 100g — Chocolat.,100g,Milka,100G,100G,,,NO_MATCH,0,,,,No plausible stock row has the same name and pack size
https://candy-days.com/fr/product/milka-oreo-white-100g-mhrc,Milka oreo white,Milka oreo white 100g — Chocolat.,100g,Milka,100G,100G,,,REVIEW_PARTIAL,2,7622210262202 | CSV line 27631 | MILKA OREO 100G | score 75 (2/3 name tokens; same 100G pack; brand),4025700001962 | CSV line 27668 | MILKA WHITE 100 G | score 75 (2/3 name tokens; same 100G pack; brand),,Only part of the product name matches; likely flavor or variant mismatch
https://candy-days.com/fr/product/damak-60g-mujq,Damak,Damak 60g — Chocolat.,60g,Damak,60G,60G,,,NO_MATCH,0,,,,No plausible stock row has the same name and pack size
https://candy-days.com/fr/product/milka-tuc-100g-ppri,Milka tuc,Milka tuc 100g — Chocolat.,100g,Milka,100G,100G,,,NO_MATCH,0,,,,No plausible stock row has the same name and pack size
https://candy-days.com/fr/product/milka-happy-birthday-110g-tyta,Milka happy birthday,Milka happy birthday 110g — Chocolat.,110g,Milka,110G,110G,,,NO_MATCH,0,,,,No plausible stock row has the same name and pack size
https://candy-days.com/fr/product/nestle-170g-u0ca,Nestlé,Nestlé 170g — Chocolat.,170g,Nestlé,170G,170G,,,NO_MATCH,0,,,,No plausible stock row has the same name and pack size
https://candy-days.com/fr/product/milka-danke-schon-110g-wrts,Milka danke schön,Milka danke schön 110g — Chocolat.,110g,Milka,110G,110G,,,NO_MATCH,0,,,,No plausible stock row has the same name and pack size
https://candy-days.com/fr/product/milka-du-bist-der-beste-110g-3cuj,Milka du bist der beste,Milka du bist der beste 110g — Chocolat.,110g,Milka,110G,110G,,,NO_MATCH,0,,,,No plausible stock row has the same name and pack size
https://candy-days.com/fr/product/ritter-sport-100g-5wri,Ritter sport,Ritter sport 100g — Chocolat.,100g,Ritter Sport,100G,100G,,,NO_MATCH,0,,,,No plausible stock row has the same name and pack size
https://candy-days.com/fr/product/ritter-sport-100g-8f77,Ritter sport,Ritter sport 100g — Chocolat.,100g,Ritter Sport,100G,100G,,,NO_MATCH,0,,,,No plausible stock row has the same name and pack size
https://candy-days.com/fr/product/clavileno-0-azucares-anadidos-72-110g-fr-9owr,Clavileno 0% azucares anadidos 72% frutas del bosque,Clavileno 0% azucares anadidos 72% 100g frutas del bosque — Chocolat.,100g,Clavileño,100G,110G,,,CONFLICTING_SIZE,0,,,,Catalog pack size 100G disagrees with product URL size 110G; resolve before matching
https://candy-days.com/fr/product/ritter-sport-aj9m,Ritter sport,Ritter sport — Chocolat.,,Ritter Sport,,,,,REVIEW_NO_SIZE,22,4000417023001 | CSV line 32907 | RITTER SPORT AMENDE | score 70 (2/2 name tokens; brand),4000417214003 | CSV line 32908 | RITTER SPORT BISCUIT | score 70 (2/2 name tokens; brand),4000417013002 | CSV line 32909 | RITTER SPORT BLANC N | score 70 (2/2 name tokens; brand),"Possible name/brand matches, but pack size is missing; do not import"
https://candy-days.com/fr/product/ritter-sport-100g-d0q7,Ritter sport,Ritter sport 100g — Chocolat.,100g,Ritter Sport,100G,100G,,,NO_MATCH,0,,,,No plausible stock row has the same name and pack size
https://candy-days.com/fr/product/clavileno-0-azucares-anadidos-72-100g-sa-dtwa,Clavileno 0% azucares anadidos 72% sal del himalaya,Clavileno 0% azucares anadidos 72% 100g sal del himalaya — Chocolat.,100g,Clavileño,100G,100G,,,NO_MATCH,0,,,,No plausible stock row has the same name and pack size
https://candy-days.com/fr/product/ritter-sport-100g-f75n,Ritter sport,Ritter sport 100g — Chocolat.,100g,Ritter Sport,100G,100G,,,NO_MATCH,0,,,,No plausible stock row has the same name and pack size
https://candy-days.com/fr/product/clavileno-0-azucares-anadidos-72-100g-li-g1il,Clavileno 0% azucares anadidos 72% LIMON,Clavileno 0% azucares anadidos 72% 100g LIMON — Chocolat.,100g,Clavileño,100G,100G,,,NO_MATCH,0,,,,No plausible stock row has the same name and pack size
https://candy-days.com/fr/product/clavileno-0-azucares-anadidos-72-100g-al-jdg8,Clavileno 0% azucares anadidos 72% ALMENDRA,Clavileno 0% azucares anadidos 72% 100g ALMENDRA — Chocolat.,100g,Clavileño,100G,100G,,,NO_MATCH,0,,,,No plausible stock row has the same name and pack size
https://candy-days.com/fr/product/clavileno-0-azucares-anadidos-72-100g-na-m7o8,Clavileno 0% azucares anadidos 72% NARANJA,Clavileno 0% azucares anadidos 72% 100g NARANJA — Chocolat.,100g,Clavileño,100G,100G,,,NO_MATCH,0,,,,No plausible stock row has the same name and pack size
https://candy-days.com/fr/product/cailer-figor-100g-257a,Cailer figor,Cailer figor 100g — Chocolat.,100g,Cailler,100G,100G,,,NO_MATCH,0,,,,No plausible stock row has the same name and pack size
https://candy-days.com/fr/product/cailer-caramel-96g-e9oc,Cailer caramel,Cailer caramel 96g — Chocolat.,96g,Cailler,96G,96G,,,NO_MATCH,0,,,,No plausible stock row has the same name and pack size
https://candy-days.com/fr/product/cailer-cremant-chocolat-noir-100g-m59v,Cailer cremant chocolat noir,Cailer cremant chocolat noir 100g — Chocolat.,100g,Cailler,100G,100G,,,NO_MATCH,0,,,,No plausible stock row has the same name and pack size
https://candy-days.com/fr/product/cailer-lait-petit-beurre-kambly-100g-btdf,Cailer lait petit beurre kambly,Cailer lait petit beurre kambly 100g — Chocolat.,100g,Cailler,100G,100G,,,NO_MATCH,0,,,,No plausible stock row has the same name and pack size
https://candy-days.com/fr/product/cailer-les-genereuses-noir-noisettes-200-eoih,Cailer les genereuses noir noisettes,Cailer les genereuses noir noisettes 200g — Chocolat.,200g,Cailler,200G,,,,NO_MATCH,0,,,,No plausible stock row has the same name and pack size
https://candy-days.com/fr/product/ferrero-rocher-noir-70-gxib,ferrero rocher noir 70%,ferrero rocher noir 70% — Chocolat.,,Ferrero Rocher,,,,,REVIEW_NO_SIZE,11,5413548190501 | CSV line 17023 | FERRERO ROCHER 125G | score 50 (2/3 name tokens; brand),8000500037874 | CSV line 17024 | FERRERO ROCHER 16 U | score 50 (2/3 name tokens; brand),8000500013984 | CSV line 17025 | FERRERO ROCHER 16P | score 50 (2/3 name tokens; brand),"Possible name/brand matches, but pack size is missing; do not import"
https://candy-days.com/fr/product/ferrero-rocher-blanc-wit-90g-k7ab,Ferrero rocher blanc wit,Ferrero rocher blanc wit 90g — Chocolat.,90g,Ferrero Rocher,90G,90G,,,NO_MATCH,0,,,,No plausible stock row has the same name and pack size
https://candy-days.com/fr/product/antiu-xixona-leche-cremoso-100g-4sf6,antiu xixona leche cremoso,antiu xixona leche cremoso 100g — Chocolat.,100g,Antiu Xixona,100G,100G,,,NO_MATCH,0,,,,No plausible stock row has the same name and pack size
https://candy-days.com/fr/product/cote-d-or-100g-6fi7,Côte d'or,Côte d'or 100g — Chocolat.,100g,Côte d'Or,100G,100G,,,NO_MATCH,0,,,,No plausible stock row has the same name and pack size
https://candy-days.com/fr/product/cote-d-or-170g-93az,Côte d'or,Côte d'or 170g — Chocolat.,170g,Côte d'Or,170G,170G,,,NO_MATCH,0,,,,No plausible stock row has the same name and pack size
https://candy-days.com/fr/product/crunch-chocolate-white-100g-bh4g,crunch chocolate white,crunch chocolate white 100g — Chocolat.,100g,Crunch,100G,100G,,,NO_MATCH,0,,,,No plausible stock row has the same name and pack size
https://candy-days.com/fr/product/antiu-xixona-100g-impx,Antiu Xixona,Antiu Xixona 100g — Chocolat.,100g,Antiu Xixona,100G,100G,,,NO_MATCH,0,,,,No plausible stock row has the same name and pack size
https://candy-days.com/fr/product/moment-mousse-au-chocolat-noir-ki6g,Moment mousse au chocolat noir,Moment mousse au chocolat noir — Chocolat.,,Moment,,,,,NEEDS_PACK_SIZE,0,,,,No pack size or plausible stock row; supplier identification required
https://candy-days.com/fr/product/heritage-100g-obdf,Héritage,Héritage 100g — Chocolat.,100g,Héritage,100G,100G,,,NO_MATCH,0,,,,No plausible stock row has the same name and pack size
https://candy-days.com/fr/product/moment-evasion-pistache-100-g-oglv,Moment Évasion Pistache,Moment Évasion Pistache 100 g — Chocolat.,100g,Moment,100G,100G,,,NO_MATCH,0,,,,No plausible stock row has the same name and pack size
https://candy-days.com/fr/product/moment-evasion-noisette-feuillantine-s7if,moment evasion noisette feuillantine,moment evasion noisette feuillantine — Chocolat.,,Moment,,,,,NEEDS_PACK_SIZE,0,,,,No pack size or plausible stock row; supplier identification required
https://candy-days.com/fr/product/nesquik-vanille-milk-mix-350g-9kt0,nesquik vanille milk mix,nesquik vanille milk mix 350g — Chocolat.,350g,Nesquik,350G,350G,,,NO_MATCH,0,,,,No plausible stock row has the same name and pack size
https://candy-days.com/fr/product/nesquik-bananen-milk-mix-350g-c1vq,nesquik bananen milk mix,nesquik bananen milk mix 350g — Chocolat.,350g,Nesquik,350G,350G,,,NO_MATCH,0,,,,No plausible stock row has the same name and pack size
https://candy-days.com/fr/product/lindt-200g-dnbx,Lindt,Lindt 200g — Chocolat.,200g,Lindt,200G,200G,,,REVIEW_MULTIPLE,4,3046920019569 | CSV line 25324 | LINDT CERISE 200G | score 95 (1/1 name tokens; same 200G pack; brand),3046920019651 | CSV line 25333 | LINDT CITRON 200G | score 95 (1/1 name tokens; same 200G pack; brand),7610400030632 | CSV line 25409 | LINDT LINDOR 200G | score 95 (1/1 name tokens; same 200G pack; brand),Multiple plausible codes; inspect the physical pack
https://candy-days.com/fr/product/cote-d-or-mignonnette-noir-orange-240g-f0l3,cote d'or mignonnette noir orange,cote d'or mignonnette noir orange 240g — Chocolat.,240g,Côte d'Or,240G,240G,,,NO_MATCH,0,,,,No plausible stock row has the same name and pack size
https://candy-days.com/fr/product/ambassadeur-100g-fxt4,Ambassadeur,Ambassadeur 100g — Chocolat.,100g,Ambassadeur,100G,100G,,,NO_MATCH,0,,,,No plausible stock row has the same name and pack size
https://candy-days.com/fr/product/raffaello-260g-hyzk,Raffaello,Raffaello 260g — Chocolat.,260g,Raffaello,260G,260G,,,NO_MATCH,0,,,,No plausible stock row has the same name and pack size
https://candy-days.com/fr/product/lindt-lindor-600g-i5tf,lindt lindor,lindt lindor 600g — Chocolat.,600g,Lindt,600G,600G,,,NO_MATCH,0,,,,No plausible stock row has the same name and pack size
https://candy-days.com/fr/product/mentos-pure-fresh-pbb6,mentos pure fresh,mentos pure fresh 30g — Chewing-gum.,30g,Mentos,30G,,,,NO_MATCH,0,,,,No plausible stock row has the same name and pack size
https://candy-days.com/fr/product/mentos-pure-fresh-60g-qyt8,Mentos pure fresh,Mentos pure fresh 60g — Chewing-gum.,60g,Mentos,60G,60G,,,NO_MATCH,0,,,,No plausible stock row has the same name and pack size
https://candy-days.com/fr/product/mentos-gum-pure-fresh-tropical-60g-x103,Mentos Gum Pure Fresh Tropical,Mentos Gum Pure Fresh Tropical 60g — Chewing-gum.,60g,Mentos,60G,60G,,,NO_MATCH,0,,,,No plausible stock row has the same name and pack size
https://candy-days.com/fr/product/mentos-vitamins-50-g-yhwm,Mentos vitamins,Mentos vitamins 50 g — Chewing-gum.,50g,Mentos,50G,50G,,,NO_MATCH,0,,,,No plausible stock row has the same name and pack size
https://candy-days.com/fr/product/big-babol-fantastic-world-90g-1evx,big babol fantastic world,big babol fantastic world 90g — Chewing-gum.,90g,Big Babol,90G,90G,,,NO_MATCH,0,,,,No plausible stock row has the same name and pack size
https://candy-days.com/fr/product/happy-hippo-kinder-x5-mtco,happy hippo kinder,happy hippo kinder x5 — Biscuits.,x5,Kinder,,,,,REVIEW_NO_SIZE,2,80136194 | CSV line 23433 | KINDER HAPPY HIPPO | score 70 (3/3 name tokens; brand),4008400836423 | CSV line 23434 | KINDER HAPPY HIPPO | score 70 (3/3 name tokens; brand),,"Possible name/brand matches, but pack size is missing; do not import"
https://candy-days.com/fr/product/happy-hippo-kinder-suqo,happy hippo kinder,happy hippo kinder — Biscuits.,,Kinder,,,,,REVIEW_NO_SIZE,2,80136194 | CSV line 23433 | KINDER HAPPY HIPPO | score 70 (3/3 name tokens; brand),4008400836423 | CSV line 23434 | KINDER HAPPY HIPPO | score 70 (3/3 name tokens; brand),,"Possible name/brand matches, but pack size is missing; do not import"
https://candy-days.com/fr/product/cailler-250g-vw12,Cailler,Cailler 250g — Chocolat.,250g,Cailler,250G,250G,,,NO_MATCH,0,,,,No plausible stock row has the same name and pack size
https://candy-days.com/fr/product/kinder-cards-x5-wvcq,kinder cards,kinder cards x5 — Biscuits.,x5,Kinder,,,,,NEEDS_PACK_SIZE,0,,,,No pack size or plausible stock row; supplier identification required
https://candy-days.com/fr/product/milka-choco-mini-stars-zd3v,milka choco mini stars,milka choco mini stars — Biscuits.,,Milka,,,,,REVIEW_NO_SIZE,1,8581040720759 | CSV line 27596 | MILKA LILA STARS CRI | score 50 (2/3 name tokens; brand),,,"Possible name/brand matches, but pack size is missing; do not import"
https://candy-days.com/fr/product/milka-choco-moo-elleux-2460,milka choco moo elleux,milka choco moo elleux — Biscuits.,,Milka,,,,,NEEDS_PACK_SIZE,0,,,,No pack size or plausible stock row; supplier identification required
https://candy-days.com/fr/product/cailler-127g-avfm,Cailler,Cailler 127g — Chocolat.,127g,Cailler,127G,127G,,,NO_MATCH,0,,,,No plausible stock row has the same name and pack size
https://candy-days.com/fr/product/lotus-biscoff-creamy-720g-ep46,lotus biscoff creamy,lotus biscoff creamy 720g — Chocolat.,720g,Lotus Biscoff,720G,720G,,,NO_MATCH,0,,,,No plausible stock row has the same name and pack size
https://candy-days.com/fr/product/cailler-120g-hlps,Cailler,Cailler 120g — Chocolat.,120g,Cailler,120G,120G,,,NO_MATCH,0,,,,No plausible stock row has the same name and pack size
https://candy-days.com/fr/product/cailler-122g-k0q4,Cailler,Cailler 122g — Chocolat.,122g,Cailler,122G,122G,,,NO_MATCH,0,,,,No plausible stock row has the same name and pack size
https://candy-days.com/fr/product/cailler-214g-ln1s,Cailler,Cailler 214g — Chocolat.,214g,Cailler,214G,214G,,,NO_MATCH,0,,,,No plausible stock row has the same name and pack size
https://candy-days.com/fr/product/cailler-127g-n35n,Cailler,Cailler 127g — Chocolat.,127g,Cailler,127G,127G,,,NO_MATCH,0,,,,No plausible stock row has the same name and pack size
https://candy-days.com/fr/product/lotus-biscoff-cream-150g-n4ei,LOTUS biscoff cream,LOTUS biscoff cream 150g — Biscuits.,150g,Lotus Biscoff,150G,150G,,,NO_MATCH,0,,,,No plausible stock row has the same name and pack size
https://candy-days.com/fr/product/biscoff-lotus-250g-s7id,biscoff lotus,biscoff lotus 250g — Biscuits.,250g,Lotus Biscoff,250G,250G,,,NO_MATCH,0,,,,No plausible stock row has the same name and pack size
https://candy-days.com/fr/product/nutella-b-ready-x2-0tus,nutella b-ready,nutella b-ready x2 — Biscuits.,x2,Nutella,,,,,REVIEW_NO_SIZE,1,8000500142035 | CSV line 29081 | NUTELLA B-READY | score 70 (2/2 name tokens; brand),,,"Possible name/brand matches, but pack size is missing; do not import"
https://candy-days.com/fr/product/pismaniye-rulo-ugurlu-220g-6wb5,Pismaniye Rulo ugurlu,Pismaniye Rulo ugurlu 220g — Bonbons gélifiés.,220g,Uğurlu,220G,220G,,,NO_MATCH,0,,,,No plausible stock row has the same name and pack size
https://candy-days.com/fr/product/pismaniye-rulo-ugurlu-220g-giqf,Pismaniye Rulo ugurlu,Pismaniye Rulo ugurlu 220g — Bonbons gélifiés.,220g,Uğurlu,220G,220G,,,NO_MATCH,0,,,,No plausible stock row has the same name and pack size
https://candy-days.com/fr/product/duplo-x10-noisette-24ma,duplo noisette,duplo x10 noisette — Chocolat.,x10,Duplo,,,,,NEEDS_PACK_SIZE,0,,,,No pack size or plausible stock row; supplier identification required
https://candy-days.com/fr/product/st-michel-180g-2os7,St michel,St michel 180g — Biscuits.,180g,St Michel,180G,180G,,,NO_MATCH,0,,,,No plausible stock row has the same name and pack size
https://candy-days.com/fr/product/duplo-x10-white-4qyn,duplo WHITE,duplo x10 WHITE — Chocolat.,x10,Duplo,,,,,NEEDS_PACK_SIZE,0,,,,No pack size or plausible stock row; supplier identification required
https://candy-days.com/fr/product/duplo-x10-inspiriert-von-vanilla-ice-cre-79iq,duplo inspiriert von vanilla ice cream,duplo x10 inspiriert von vanilla ice cream — Chocolat.,x10,Duplo,,,,,NEEDS_PACK_SIZE,0,,,,No pack size or plausible stock row; supplier identification required
https://candy-days.com/fr/product/pate-a-tartiner-bounty-350g-a35j,pate a tartiner bounty,pate a tartiner bounty 350g — Chocolat.,350g,Bounty,350G,350G,,,NO_MATCH,0,,,,No plausible stock row has the same name and pack size
https://candy-days.com/fr/product/st-mcihel-180g-a507,St mcihel,St mcihel 180g — Biscuits.,180g,St Michel,180G,180G,,,NO_MATCH,0,,,,No plausible stock row has the same name and pack size
https://candy-days.com/fr/product/st-michel-180g-cxmz,St michel,St michel 180g — Biscuits.,180g,St Michel,180G,180G,,,NO_MATCH,0,,,,No plausible stock row has the same name and pack size
https://candy-days.com/fr/product/milka-sensation-cookies-oreo-156g-d5ep,milka sensation cookies oreo,milka sensation cookies oreo 156g — Biscuits.,156g,Milka,156G,156G,,,NO_MATCH,0,,,,No plausible stock row has the same name and pack size
https://candy-days.com/fr/product/milka-choco-pause-260g-fkaz,milka choco pause,milka choco pause 260g — Chocolat.,260g,Milka,260G,260G,,,REVIEW_SINGLE,1,5621710100917 | CSV line 27530 | MILKA CHOCO PAUSE 260G | score 95 (2/2 name tokens; same 260G pack; brand),,,"One plausible name-and-size candidate; verify flavor, wrapper, and unit code"
https://candy-days.com/fr/product/oreo-220g-gtu4,Oreo Original,Oreo Original X5 100 G — Biscuits.,"100g,x5",Oreo,100G,220G,,,CONFLICTING_SIZE,0,,,,Catalog pack size 100G disagrees with product URL size 220G; resolve before matching
https://candy-days.com/fr/product/milka-choco-jaffa-orange-147g-huh7,milka choco jaffa orange,milka choco jaffa orange 147g — Biscuits.,147g,Milka,147G,147G,,,NO_MATCH,0,,,,No plausible stock row has the same name and pack size
https://candy-days.com/fr/product/werthers-original-caramelts-153g-lbff,werthers original caramelts,werthers original caramelts 153g — Chocolat.,153g,Werther's Original,153G,153G,,,NO_MATCH,0,,,,No plausible stock row has the same name and pack size
https://candy-days.com/fr/product/almendro-200g-npdj,Almendro,Almendro 200g — Chocolat.,200g,El Almendro,200G,200G,,,NO_MATCH,0,,,,No plausible stock row has the same name and pack size
https://candy-days.com/fr/product/werthers-original-caramelts-153g-nwi6,werthers original caramelts,werthers original caramelts 153g — Chocolat.,153g,Werther's Original,153G,153G,,,NO_MATCH,0,,,,No plausible stock row has the same name and pack size
https://candy-days.com/fr/product/bonne-maman-tartelettes-139g-r9zq,bonne maman tartelettes,bonne maman tartelettes 139g — Biscuits.,139g,Bonne Maman,139G,139G,,,NO_MATCH,0,,,,No plausible stock row has the same name and pack size
https://candy-days.com/fr/product/almendro-200g-tgwt,Almendro,Almendro 200g — Autres.,200g,El Almendro,200G,200G,,,NO_MATCH,0,,,,No plausible stock row has the same name and pack size
https://candy-days.com/fr/product/bonne-maman-tartelettes-framboise-139g-tygj,bonne maman tartelettes framboise,bonne maman tartelettes framboise 139g — Chocolat.,139g,Bonne Maman,139G,139G,,,NO_MATCH,0,,,,No plausible stock row has the same name and pack size
https://candy-days.com/fr/product/almendro-200g-vuof,Almendro,Almendro 200g — Autres.,200g,El Almendro,200G,200G,,,NO_MATCH,0,,,,No plausible stock row has the same name and pack size
https://candy-days.com/fr/product/kitkat-ball-blanc-200g-wy0z,kitkat ball blanc,kitkat ball blanc 200g — Chocolat.,200g,KitKat,200G,200G,,,NO_MATCH,0,,,,No plausible stock row has the same name and pack size
https://candy-days.com/fr/product/lu-lulu-la-barquette-120g-0svi,lu lulu la barquette,lu lulu la barquette 120g — Biscuits.,120g,LU,120G,120G,,,NO_MATCH,0,,,,No plausible stock row has the same name and pack size
https://candy-days.com/fr/product/kinder-tris-x5-410l,kinder tris,kinder tris x5 — Biscuits.,x5,Kinder,,410000ML,,,NEEDS_PACK_SIZE,0,,,,No pack size or plausible stock row; supplier identification required
https://candy-days.com/fr/product/st-mcihel-85g-5279,St mcihel,St mcihel 85g — Biscuits.,85g,St Michel,85G,85G,,,NO_MATCH,0,,,,No plausible stock row has the same name and pack size
https://candy-days.com/fr/product/antixixona-etiquta-blanca-100g-8f8g,antixixona etiquta blanca,antixixona etiquta blanca 250g — Autres.,250g,Antiu Xixona,250G,100G,,,CONFLICTING_SIZE,0,,,,Catalog pack size 250G disagrees with product URL size 100G; resolve before matching
https://candy-days.com/fr/product/st-michel-400g-b1d2,St michel,St michel 400g — Biscuits.,400g,St Michel,400G,400G,,,NO_MATCH,0,,,,No plausible stock row has the same name and pack size
https://candy-days.com/fr/product/cailler-branche-originale-praline-23g,Cailler Branche Originale Praliné,Cailler Branche Originale Praliné 23g — Chocolat.,23g,Cailler,23G,23G,,,NO_MATCH,0,,,,No plausible stock row has the same name and pack size
https://candy-days.com/fr/product/cailler-branche-noisettes-23g,Cailler Branche Noisettes,Cailler Branche Noisettes 23g — Chocolat.,23g,Cailler,23G,23G,,,NO_MATCH,0,,,,No plausible stock row has the same name and pack size
https://candy-days.com/fr/product/cailler-branche-lait-23g,Cailler Branche Lait,Cailler Branche Lait 23g — Chocolat.,23g,Cailler,23G,23G,,,NO_MATCH,0,,,,No plausible stock row has the same name and pack size
https://candy-days.com/fr/product/antiu-xixona-turron-imperial-amandes-sans-sucres-150g,Antiu Xixona Turrón Impérial aux Amandes sans sucres ajoutés,Antiu Xixona Turrón Impérial aux Amandes sans sucres ajoutés 150g — Chocolat.,150g,Antiu Xixona,150G,150G,,,NO_MATCH,0,,,,No plausible stock row has the same name and pack size
https://candy-days.com/fr/product/antiu-xixona-turron-3-chocolats-biscuit,Antiu Xixona Turrón 3 Chocolats avec Biscuit,Antiu Xixona Turrón 3 Chocolats avec Biscuit — Chocolat.,,Antiu Xixona,,,,,NEEDS_PACK_SIZE,0,,,,No pack size or plausible stock row; supplier identification required
https://candy-days.com/fr/product/gullon-zero-sugar-free-maria-biscuits-40-xjxl,gullon zero sugar free maria biscuits,gullon zero sugar free maria biscuits 400g — Biscuits.,400g,Gullón,400G,,,,NO_MATCH,0,,,,No plausible stock row has the same name and pack size
https://candy-days.com/fr/product/gullon-zero-sem-acucares-dourada-no-forn-2psl,gullon zero sem acucares dourada no forno,gullon zero sem acucares dourada no forno 330g — Biscuits.,330g,Gullón,330G,,,,NO_MATCH,0,,,,No plausible stock row has the same name and pack size
https://candy-days.com/fr/product/gullon-zero-sem-acucares-dourada-no-forn-7368,gullon zéro sem acucares dourada no forno,gullon zéro sem acucares dourada no forno 330g — Chocolat.,330g,Gullón,330G,,,,NO_MATCH,0,,,,No plausible stock row has the same name and pack size
https://candy-days.com/fr/product/gullon-hookies-mini-cereales-250g-9hy9,gullon hookies mini cereales,gullon hookies mini cereales 250g — Biscuits.,250g,Gullón,250G,250G,,,NO_MATCH,0,,,,No plausible stock row has the same name and pack size
https://candy-days.com/fr/product/gullon-cuor-di-cereale-265g-fhzv,gullon cuor di cereale,gullon cuor di cereale 265g — Biscuits.,265g,Gullón,265G,265G,,,NO_MATCH,0,,,,No plausible stock row has the same name and pack size
https://candy-days.com/fr/product/lu-belvita-petit-dejeuner-253g-j7z4,lu belvita petit déjeuner,lu belvita petit déjeuner 253g — Biscuits.,253g,LU,253G,253G,,,NO_MATCH,0,,,,No plausible stock row has the same name and pack size
https://candy-days.com/fr/product/lays-sabor-queso-curado-140g-pexs,lays sabor queso curado,lays sabor queso curado 140g — Chips.,140g,Lay's,140G,140G,,,NO_MATCH,0,,,,No plausible stock row has the same name and pack size
https://candy-days.com/fr/product/doritos-sabor-taco-mexicano-140g-rri2,doritos sabor taco mexicano,doritos sabor taco mexicano 140g — Chips.,140g,Doritos,140G,140G,,,NO_MATCH,0,,,,No plausible stock row has the same name and pack size
https://candy-days.com/fr/product/kitkat-x10-415g-ekoz,kitkat,kitkat x10 415g — Chocolat.,"415g,x10",KitKat,415G,415G,,,NO_MATCH,0,,,,No plausible stock row has the same name and pack size
https://candy-days.com/fr/product/mars-minis-x12-227g-8z70,mars minis,mars minis x12 227g — Chocolat.,"227g,x12",Mars,227G,227G,,,NO_MATCH,0,,,,No plausible stock row has the same name and pack size
https://candy-days.com/fr/product/toffees-280g-b995,toffees,toffees 280g — Chocolat.,280g,,280G,280G,,,NO_MATCH,0,,,,No plausible stock row has the same name and pack size
https://candy-days.com/fr/product/milky-way-227g-gr1f,milky way,milky way 227g — Chocolat.,227g,Milky Way,227G,227G,,,NO_MATCH,0,,,,No plausible stock row has the same name and pack size
https://candy-days.com/fr/product/twin-go-145g-j38h,twin go,twin go 145g — Biscuits.,145g,Gullón,145G,145G,,8410376046922,SOURCED,1,8410376046922 | CSV line 20644 | GULLON TWIN GO 145G | score 95 (1/1 name tokens; same 145G pack; brand),,,Barcode already present in catalog; see source and research report
https://candy-days.com/fr/product/twins-145g-o5g8,TWINS,TWINS 145g — Biscuits.,145g,Gullón,145G,145G,,,NO_MATCH,0,,,,No plausible stock row has the same name and pack size
https://candy-days.com/fr/product/gullon-cuor-di-cereale-280g-q8o6,gullon cuor di cereale,gullon cuor di cereale 280g — Biscuits.,280g,Gullón,280G,280G,,,NO_MATCH,0,,,,No plausible stock row has the same name and pack size
https://candy-days.com/fr/product/gullon-ligera-200g-t6rv,gullon ligera,gullon ligera 200g — Biscuits.,200g,Gullón,200G,200G,,,NO_MATCH,0,,,,No plausible stock row has the same name and pack size
https://candy-days.com/fr/product/loacker-classic-double-chocolate-wafers-99u3,loacker classic double chocolate wafers,loacker classic double chocolate wafers — Biscuits.,,Loacker,,,,,NEEDS_PACK_SIZE,0,,,,No pack size or plausible stock row; supplier identification required
https://candy-days.com/fr/product/gullon-dorada-x3-df8c,gullon dorada,gullon dorada x3 — Biscuits.,x3,Gullón,,,,,REVIEW_NO_SIZE,2,8410376008371 | CSV line 20622 | GULLON DORADA | score 70 (2/2 name tokens; brand),8410376009408 | CSV line 20655 | GULLON/DORADA 330 G | score 70 (2/2 name tokens; brand),,"Possible name/brand matches, but pack size is missing; do not import"
https://candy-days.com/fr/product/ferrero-kusschen-x20-iced-coffee-190g-gooy,ferrero küsschen iced coffee,ferrero küsschen x20 iced coffee 190g — Chocolat.,"190g,x20",Ferrero,190G,190G,,,NO_MATCH,0,,,,No plausible stock row has the same name and pack size
https://candy-days.com/fr/product/alesto-neuz-200g-ltgn,alesto neuz,alesto neuz 200g — Autres.,200g,Alesto,200G,200G,,,NO_MATCH,0,,,,No plausible stock row has the same name and pack size
https://candy-days.com/fr/product/ancel-300g-p99v,ancel,ancel 300g — Biscuits.,300g,Ancel,300G,300G,,,NO_MATCH,0,,,,No plausible stock row has the same name and pack size
https://candy-days.com/fr/product/tuc-original-100g-r3n0,tuc original,tuc original 100g — Biscuits.,100g,TUC,100G,100G,,,NO_MATCH,0,,,,No plausible stock row has the same name and pack size
https://candy-days.com/fr/product/bn-delice-cookie-dough-175g-uo74,bn delice cookie dough,bn delice cookie dough 175g — Biscuits.,175g,BN,175G,175G,,,NO_MATCH,0,,,,No plausible stock row has the same name and pack size
https://candy-days.com/fr/product/st-michel-cocottes-140g-z09l,st michel cocottes,st michel cocottes 140g — Biscuits.,140g,St Michel,140G,140G,,,NO_MATCH,0,,,,No plausible stock row has the same name and pack size
https://candy-days.com/fr/product/st-michel-gallettes-130g-1s9l,st michel gallettes,st michel gallettes 130g — Biscuits.,130g,St Michel,130G,130G,,,NO_MATCH,0,,,,No plausible stock row has the same name and pack size
https://candy-days.com/fr/product/st-michel-roudor-150g-498e,st michel roudor,st michel roudor 150g — Biscuits.,150g,St Michel,150G,150G,,,NO_MATCH,0,,,,No plausible stock row has the same name and pack size
https://candy-days.com/fr/product/st-michel-la-galette-gourmande-chocolat--772v,st michel la galette gourmande chocolat noir,st michel la galette gourmande chocolat noir 121g — Biscuits.,121g,St Michel,121G,,,,NO_MATCH,0,,,,No plausible stock row has the same name and pack size
https://candy-days.com/fr/product/st-michel-choco-rico-225g-c5hm,st michel choco rico,st michel choco rico 225g — Biscuits.,225g,St Michel,225G,225G,,,NO_MATCH,0,,,,No plausible stock row has the same name and pack size
https://candy-days.com/fr/product/st-michel-sable-de-retz-120g-eftm,st michel sable de retz,st michel sable de retz 120g — Biscuits.,120g,St Michel,120G,120G,,,NO_MATCH,0,,,,No plausible stock row has the same name and pack size
https://candy-days.com/fr/product/after-eight-200g-fraise-gof9,after eight fraise,after eight 200g fraise — Chocolat.,200g,After Eight,200G,200G,,,NO_MATCH,0,,,,No plausible stock row has the same name and pack size
https://candy-days.com/fr/product/mochi-maple-pancacke-x4-5dm6,mochi maple pancacke,mochi maple pancacke x4 — Biscuits.,x4,Royal Family,,,,,NEEDS_PACK_SIZE,0,,,,No pack size or plausible stock row; supplier identification required
https://candy-days.com/fr/product/mochi-tiramisu-and-creme-flavour-x4-7d3f,mochi tiramisu and creme flavour,mochi tiramisu and creme flavour x4 — Biscuits.,x4,Royal Family,,,,,NEEDS_PACK_SIZE,0,,,,No pack size or plausible stock row; supplier identification required
https://candy-days.com/fr/product/mochi-vanilla-creme-flavour-x4-95gi,mochi vanilla creme flavour,mochi vanilla creme flavour x4 — Biscuits.,x4,Royal Family,,,,,NEEDS_PACK_SIZE,0,,,,No pack size or plausible stock row; supplier identification required
https://candy-days.com/fr/product/mochi-creamy-matcha-latte-x4-bami,mochi creamy matcha latte,mochi creamy matcha latte x4 — Biscuits.,x4,Royal Family,,,,,NEEDS_PACK_SIZE,0,,,,No pack size or plausible stock row; supplier identification required
https://candy-days.com/fr/product/mentos-clean-breath-21g-fzjr,mentos clean breath,mentos clean breath 21g — Bonbons gélifiés.,21g,Mentos,21G,21G,,,NO_MATCH,0,,,,No plausible stock row has the same name and pack size
https://candy-days.com/fr/product/mentos-clean-breath-nane-ferahligi-21g-h30x,mentos clean breath nane ferahligi,mentos clean breath nane ferahligi 21g — Bonbons gélifiés.,21g,Mentos,21G,21G,,,NO_MATCH,0,,,,No plausible stock row has the same name and pack size
https://candy-days.com/fr/product/mentos-clean-breath-nane-ferahligi-21g-i3u7,mentos clean breath nane ferahligi,mentos clean breath nane ferahligi 21g — Bonbons gélifiés.,21g,Mentos,21G,21G,,,NO_MATCH,0,,,,No plausible stock row has the same name and pack size
https://candy-days.com/fr/product/trident-dental-care-x10-17g-lq6l,trident dental care,trident dental care x10 17g — Chewing-gum.,"17g,x10",Trident,17G,17G,,,NO_MATCH,0,,,,No plausible stock row has the same name and pack size
https://candy-days.com/fr/product/mentos-37g-p8ob,mentos,mentos 37g — Bonbons gélifiés.,37g,Mentos,37G,37G,,,NO_MATCH,0,,,,No plausible stock row has the same name and pack size
https://candy-days.com/fr/product/mentos-37g-rtmo,mentos,mentos 37g — Bonbons gélifiés.,37g,Mentos,37G,37G,,,NO_MATCH,0,,,,No plausible stock row has the same name and pack size
https://candy-days.com/fr/product/big-babol-27g-uq0t,big babol,big babol 27g — Chewing-gum.,27g,Big Babol,27G,27G,,,NO_MATCH,0,,,,No plausible stock row has the same name and pack size
https://candy-days.com/fr/product/big-babol-27g-w5yl,big babol,big babol 27g — Chewing-gum.,27g,Big Babol,27G,27G,,,NO_MATCH,0,,,,No plausible stock row has the same name and pack size
https://candy-days.com/fr/product/lion-2ibq,lion,lion — Chocolat.,,Lion,,,,,REVIEW_NO_SIZE,55,3176580109963 | CSV line 6142 | CAM/COEUR DE LION | score 70 (1/1 name tokens; brand),3176580101868 | CSV line 6179 | CAMEMBERT COEUR/LION | score 70 (1/1 name tokens; brand),3176580105941 | CSV line 6180 | CAMEMBERT COEUR/LION | score 70 (1/1 name tokens; brand),"Possible name/brand matches, but pack size is missing; do not import"
https://candy-days.com/fr/product/toblerone-blanc-100g-98mv,toblerone blanc,toblerone blanc 100g — Chocolat.,100g,Toblerone,100G,100G,,,NO_MATCH,0,,,,No plausible stock row has the same name and pack size
https://candy-days.com/fr/product/toblerone-noir-100g-ash4,toblerone noir,toblerone noir 100g — Chocolat.,100g,Toblerone,100G,100G,,,NO_MATCH,0,,,,No plausible stock row has the same name and pack size
https://candy-days.com/fr/product/skittles-38g-lvq4,skittles,skittles 38g — Chocolat.,38g,Skittles,38G,38G,,,NO_MATCH,0,,,,No plausible stock row has the same name and pack size
https://candy-days.com/fr/product/kinder-delice-coco-sja8,kinder delice coco,kinder delice coco — Chocolat.,,Kinder,,,,,REVIEW_NO_SIZE,7,80052463 | CSV line 7419 | CHOCO KINDER DELICE | score 50 (2/3 name tokens; brand),8000500142127 | CSV line 23428 | KINDER DELICE 10U | score 50 (2/3 name tokens; brand),8000500042854 | CSV line 23429 | KINDER DELICE 20U | score 50 (2/3 name tokens; brand),"Possible name/brand matches, but pack size is missing; do not import"
https://candy-days.com/fr/product/mnms-45g-jaune-x602,mnms jaune,mnms 45g jaune — Chocolat.,45g,M&M's,45G,45G,,,NO_MATCH,0,,,,No plausible stock row has the same name and pack size
https://candy-days.com/fr/product/mnms-36g-bleu-08ne,mnms bleu,mnms 36g bleu — Chocolat.,36g,M&M's,36G,36G,,,NO_MATCH,0,,,,No plausible stock row has the same name and pack size
https://candy-days.com/fr/product/mini-roll-johny-bee-ovln,mini roll johny bee,mini roll johny bee — Chewing-gum.,,Johny Bee,,,,,NEEDS_PACK_SIZE,0,,,,No pack size or plausible stock row; supplier identification required
https://candy-days.com/fr/product/mini-roll-johny-bee-qjeo,mini roll johny bee,mini roll johny bee — Chewing-gum.,,Johny Bee,,,,,NEEDS_PACK_SIZE,0,,,,No pack size or plausible stock row; supplier identification required
https://candy-days.com/fr/product/mini-roll-johny-bee-syck,mini roll johny bee,mini roll johny bee — Chewing-gum.,,Johny Bee,,,,,NEEDS_PACK_SIZE,0,,,,No pack size or plausible stock row; supplier identification required
https://candy-days.com/fr/product/lutti-roll-up-29g-wtfy,lutti roll up,lutti roll up 29g — Chewing-gum.,29g,Lutti,29G,29G,,,NO_MATCH,0,,,,No plausible stock row has the same name and pack size
https://candy-days.com/fr/product/lutti-tubble-gumcherry-aqn8,Lutti Tubble gumcherry,Lutti Tubble gumcherry — Chewing-gum.,,Lutti,,,,,NEEDS_PACK_SIZE,0,,,,No pack size or plausible stock row; supplier identification required
https://candy-days.com/fr/product/attack-spray-candy-en1e,attack spray candy,attack spray candy — Bonbons gélifiés.,,,,,,,NEEDS_PACK_SIZE,0,,,,No pack size or plausible stock row; supplier identification required
https://candy-days.com/fr/product/sweet-flash-lamp-spray-candy-28ml-uxrw,SWEET FLASH LAMP SPRAY CANDY,SWEET FLASH LAMP SPRAY CANDY 28ml — Bonbons gélifiés.,28ml,,28ML,28ML,,,NO_MATCH,0,,,,No plausible stock row has the same name and pack size
https://candy-days.com/fr/product/sweet-flash-lamp-spray-candy-28ml-y2u9,SWEET FLASH LAMP SPRAY CANDY,SWEET FLASH LAMP SPRAY CANDY 28ml — Bonbons gélifiés.,28ml,,28ML,28ML,,,NO_MATCH,0,,,,No plausible stock row has the same name and pack size
https://candy-days.com/fr/product/sweet-flash-lamp-spray-candy-28ml-zw5j,SWEET FLASH LAMP SPRAY CANDY,SWEET FLASH LAMP SPRAY CANDY 28ml — Bonbons gélifiés.,28ml,,28ML,28ML,,,NO_MATCH,0,,,,No plausible stock row has the same name and pack size
https://candy-days.com/fr/product/super-sour-nuclear-strike-35g-vyeb,super sour nuclear strike,super sour nuclear strike 35g — Bonbons gélifiés.,35g,,35G,35G,,,NO_MATCH,0,,,,No plausible stock row has the same name and pack size
https://candy-days.com/fr/product/gummi-zone-big-doggie-dugi,gummi zone big doggie,gummi zone big doggie — Bonbons gélifiés.,,Gummi Zone,,,,,NEEDS_PACK_SIZE,0,,,,No pack size or plausible stock row; supplier identification required
https://candy-days.com/fr/product/top-baby-30g-nza3,top baby,top baby 30g — Bonbons gélifiés.,30g,,30G,30G,,,NO_MATCH,0,,,,No plausible stock row has the same name and pack size
https://candy-days.com/fr/product/candy-gangs-eggy-boom-boom-15g-v1g7,candy gangs eggy boom boom,candy gangs eggy boom boom 15g — Bonbons gélifiés.,15g,Candy Gangs,15G,15G,,,NO_MATCH,0,,,,No plausible stock row has the same name and pack size
https://candy-days.com/fr/product/mokibon-fruit-flavored-gum-azz8,mokibon fruit flavored gum,mokibon fruit flavored gum — Chewing-gum.,,Mokibon,,,,,NEEDS_PACK_SIZE,0,,,,No pack size or plausible stock row; supplier identification required
https://candy-days.com/fr/product/haribo-dragibus-soft-400-g-82ey,Haribo Dragibus Soft,Haribo Dragibus Soft 400 g — Bonbons gélifiés.,400g,Haribo,400G,400G,,,NO_MATCH,0,,,,No plausible stock row has the same name and pack size
https://candy-days.com/fr/product/skittles-fruits-136-g-ct90,Skittles Fruits,Skittles Fruits.  136 g — Bonbons gélifiés.,136g,Skittles,136G,136G,,,NO_MATCH,0,,,,No plausible stock row has the same name and pack size
https://candy-days.com/fr/product/m-m-s-peanut-cacahuetes-550-g-hnv0,M&M's Peanut (Cacahuètes),M&M's Peanut (Cacahuètes) 550 G — Bonbons gélifiés.,550g,M&M's,550G,550G,,,NO_MATCH,0,,,,No plausible stock row has the same name and pack size
https://candy-days.com/fr/product/celebrations-385-g-nye5,Celebrations,Celebrations 385 G — Chocolat.,385g,Celebrations,385G,385G,,,NO_MATCH,0,,,,No plausible stock row has the same name and pack size
https://candy-days.com/fr/product/biscuits-bahlsen-pick-up-original-112-g-s8jo,biscuits Bahlsen Pick Up! Original,biscuits Bahlsen Pick Up! Original  112 G — Biscuits.,112g,Bahlsen,112G,112G,,,NO_MATCH,0,,,,No plausible stock row has the same name and pack size
https://candy-days.com/fr/product/chocolat-blanc-100-g-vq6e,Chocolat Blanc,Chocolat Blanc 100 g — Chocolat.,100g,Crunch,100G,100G,,,NO_MATCH,0,,,,No plausible stock row has the same name and pack size
https://candy-days.com/fr/product/galaxy-jewels-chocolate-box-200g-zlh5,Galaxy Jewels Chocolate Box,Galaxy Jewels Chocolate Box 200g — Chocolat.,200g,Galaxy,200G,200G,,,NO_MATCH,0,,,,No plausible stock row has the same name and pack size
https://candy-days.com/fr/product/mini-bn-au-gout-framboise-175-g-0l16,BN –DEL'ICE saveur choco brownie,BN –DEL'ICE saveur choco brownie –  185g (5x37g) — Biscuits.,"5x37g,185g",BN,185G,175G,,,CONFLICTING_SIZE,0,,,,Catalog pack size 185G disagrees with product URL size 175G; resolve before matching
https://candy-days.com/fr/product/loacker-original-tortina-63-gm-ae1o,Loacker Original Tortina,"Loacker Original Tortina, 63 Gm — Biscuits.",63g,Loacker,63G,,,,NO_MATCH,0,,,,No plausible stock row has the same name and pack size
https://candy-days.com/fr/product/loacker-original-tortina-63-gm-bhpo,Loacker Tortina White,"Loacker Tortina White, 63 Gm — Biscuits.",63g,Loacker,63G,,,,NO_MATCH,0,,,,No plausible stock row has the same name and pack size
https://candy-days.com/fr/product/loacker-original-tortina-63-gm-e014,Loacker Tortina Dark,Loacker Tortina Dark (63 g) — Biscuits.,63g,Loacker,63G,,,,NO_MATCH,0,,,,No plausible stock row has the same name and pack size
https://candy-days.com/fr/product/mogu-mogu-cassis-320-ml-q86y,Mogu mogu cassis,Mogu mogu cassis 320 ml — Boissons.,320ml,Mogu Mogu,320ML,320ML,,,NO_MATCH,0,,,,No plausible stock row has the same name and pack size
https://candy-days.com/fr/product/mogu-mogu-melon-boisson-aux-fruits-avec--uyhk,Mogu Mogu – Boisson saveur Mangue 🥭,Mogu Mogu – Boisson saveur Mangue 🥭 — Boissons.,,Mogu Mogu,,,,,NEEDS_PACK_SIZE,0,,,,No pack size or plausible stock row; supplier identification required
https://candy-days.com/fr/product/mogu-mogu-boisson-saveur-mangue-0msy,Mogu Mogu – Jus saveur Fraise avec Nata de Coco 🍓🥥,Mogu Mogu – Jus saveur Fraise avec Nata de Coco 🍓🥥 — Boissons.,,Mogu Mogu,,,,,NEEDS_PACK_SIZE,0,,,,No pack size or plausible stock row; supplier identification required
https://candy-days.com/fr/product/oreo-biscuits-de-chocolat-fourres-a-la-c-clxm,Oreo biscuits de chocolat fourrés à la crème,Oreo biscuits de chocolat fourrés à la crème — Biscuits.,,Oreo,,,,,NEEDS_PACK_SIZE,0,,,,No pack size or plausible stock row; supplier identification required
https://candy-days.com/fr/product/veritable-petit-ecolier-pocket-au-chocol-guvk,Véritable Petit Écolier Pocket au chocolat au lait de la marque LU 10*2,Véritable Petit Écolier Pocket au chocolat au lait de la marque LU 10*2 — Biscuits.,,LU,,,,,NEEDS_PACK_SIZE,0,,,,No pack size or plausible stock row; supplier identification required
https://candy-days.com/fr/product/werther-s-original-cream-candies-3-50g-q6fr,Werther's Original Cream Candies,Werther's Original Cream Candies 3 *50g — Sucettes & bonbons durs.,3x50g,Werther's Original,50G,50G,,,NO_MATCH,0,,,,No plausible stock row has the same name and pack size
https://candy-days.com/fr/product/pringles-affichent-la-saveur-cream-chees-9x97,Pringles affichent la saveur Cream Cheese & Herbs (fromage frais et herbes,Pringles affichent la saveur Cream Cheese & Herbs (fromage frais et herbes — Chips.,,Pringles,,,,,NEEDS_PACK_SIZE,0,,,,No pack size or plausible stock row; supplier identification required
https://candy-days.com/fr/product/pringles-emmental-175g-chips-au-gout-fro-cyh6,Pringles Emmental – Chips au goût fromage Emmental crémeux ...‏,Pringles Emmental 175g – Chips au goût fromage Emmental crémeux...‏ — Chocolat.,175g,Pringles,175G,175G,,,NO_MATCH,0,,,,No plausible stock row has the same name and pack size
https://candy-days.com/fr/product/tic-tac-au-gout-orange-et-citron-vert-de-tkkn,Tic Tac au goût orange et citron vert de la marque Ferrero,Tic Tac au goût orange et citron vert de la marque Ferrero. 49 g — Chewing-gum.,49g,Tic Tac,49G,,,,NO_MATCH,0,,,,No plausible stock row has the same name and pack size
https://candy-days.com/fr/product/tic-tac-au-gout-orange-et-citron-vert-de-ujm6,"Tic Tac Goûts Myrtille & Framboise,la marque Ferrero","Tic Tac Goûts Myrtille & Framboise,la marque Ferrero. 54g — Chewing-gum.",54g,Tic Tac,54G,,,,NO_MATCH,0,,,,No plausible stock row has the same name and pack size
